E1	E2	E3	M1	M2	C1	C2	O1	O2	O3	O4	O5	Somatic Mutation Type	Substitution Type	feature
31.608906674766995	3.4729229126958807	6.475228152673203	0.058545386325845966	0.17321585789376895	0.2194668102954208	1.413442083172272	0.34576696674960367	0.08030996315976087	0.44171284897645174	0.0157209605899586	0.16808709780182776	A[A>C]A	A>C	ACAA
1.4175597223553578	0.28423866450480995	2.4605203494213135	0.36366205542174124	0.293995529822736	0.3387435449877757	1.5752681620921116	0.12836822893854677	0.429066100081569	0.3682618125026177	0.0128928881459637	0.32797427324184913	A[A>C]C	A>C	ACAC
7.880495135818606	1.9423177267923761	6.492528255509949	0.7694757031702031	0.45061964972521823	0.4123181836203437	2.815886107167974	0.3909256273391024	0.5928264128373307	0.5453490682565112	0.10516100315790272	0.03312607201410246	A[A>C]G	A>C	ACAG
6.989769750421976	1.958129788003289	2.4276029261458634	0.13498436797015867	0.1512886508950354	0.40734106476515364	2.4072339023876155	0.197337355246367	0.04204479909778722	0.3152235801489349	0.03740155040744523	0.07156636713745419	A[A>C]T	A>C	ACAT
1.14678284824516	0.15516661094738285	0.2497095018696338	0.20197120927275894	0.17016042596234154	0.02112402902214528	0.150287046029919	0.0791884954189569	0.04761683323224534	0.7029052488938696	0.0861963452655783	0.22501210472967928	C[A>C]A	A>C	ACCA
0.35269744581680673	0.0716549024413471	0.8967569749642317	0.18330831263333094	0.1436622151842049	0.03157350498274086	0.49858871525830656	0.08322291740401984	0.00736284255146105	0.8597619505554048	0.105148681000959	0.1969131277684607	C[A>C]C	A>C	ACCC
1.6936317281896842	0.3499886265667632	1.3700985480880525	1.1267552338794384	0.6245102825791032	0.06021472537583268	0.5203529854911667	0.3003941893610791	0.4100734472007347	1.008507263120689	0.1471270154102477	0.230537147910656	C[A>C]G	A>C	ACCG
0.7612731650547503	0.22708500242289764	0.33047550328633923	0.09072650411449616	0.17554955980286654	0.022652591680209312	0.3610795087952605	0.1565308581925606	0.0210327330054723	0.7011498899278267	0.0130755814738069	0.11312337456246316	C[A>C]T	A>C	ACCT
3.724256445727681	0.5337862332445993	2.3668481870216764	0.06720117011120115	0.16711877907699393	0.16106126834898213	0.7626325040283245	0.1765902485567334	0.00842997058274592	0.5455890929200924	0.1016356552461298	0.1029433903518491	G[A>C]A	A>C	ACGA
0.807254009627979	0.18572681092133517	1.7794479900586944	0.04849250059859905	0.293868716015942	0.6640206695777526	0.36003994001978173	0.06537783540680275	0.01389669534521469	0.3540957378464895	0.0347295664819328	0.0320457876879338	G[A>C]C	A>C	ACGC
0.8757886850701885	0.0966799711909774	0.897157364861211	0.6384761561801551	0.3774136748927029	0.0668592011351381	0.9131968409605733	0.5767462379843676	0.17250534660157038	0.5535562975022189	0.0895850900292322	0.070916624889102	G[A>C]G	A>C	ACGG
1.6865628476488654	0.2682174960198048	1.0642012565101133	0.12140993288008872	0.4534806644321172	0.23666344065743797	0.8404818799719513	0.29462925517557814	7.66513494023182e-221	0.17175519635801184	0.030740419419916502	0.0630768674742401	G[A>C]T	A>C	ACGT
2.83266846356234	0.00115635566527688	0.1347316641016804	0.05009490069049783	0.11906350379521202	0.000178140336147681	0.00296295619799493	0.00692100618321765	0.015493837589630839	0.36082619599714716	0.0230809070619521	0.0166043080091263	T[A>C]A	A>C	ACTA
0.29321467631861026	0.09520771922792051	0.33310467425947116	0.08592211535093654	0.09625403600311175	0.01786475822553217	0.08415222496447058	0.03984646524488613	0.00171275052136041	0.39173438883209344	0.0183734346543363	0.11554450482755882	T[A>C]C	A>C	ACTC
1.0079892330638882	0.09717054033632885	0.3584210286064207	0.10672620707348186	0.09268234484780492	0.011909612865120472	0.0073491934759079	0.04264057947491864	0.08097951188255516	0.21710153772698548	0.021031915515355923	2.69094059049013e-293	T[A>C]G	A>C	ACTG
0.6848554556143804	0.056610914776695234	0.09630586904545718	0.06393868538210017	0.17050186659909095	0.004533834119331941	0.04098129069774201	0.03430249130204494	0.00513197210539295	0.266075390876811	0.017240226228987	0.040068769914519534	T[A>C]T	A>C	ACTT
4.252699926184315	0.17883290930010448	2.5558909515072723	0.588901746488235	6.305038995869784	0.21314798829668943	2.03388460261401	0.90143185054307	0.8257945763626788	0.4072724075525821	0.050745643532521756	0.06394997064878614	A[A>G]A	A>G	AGAA
4.7611062820828725	1.4946894520855145	5.979902322012778	0.7868467909877634	12.170118498093926	2.3096131119358927	2.9514703746537667	0.4715304471262495	0.39985217249750965	0.3265196331453787	0.07266995070799522	0.0487045886454361	A[A>G]C	A>G	AGAC
1.0619106122897868	0.02306395493380005	1.147123608133485	1.682458543905209	5.538413818055159	0.37002176309937684	1.5950928859001747	0.6071865328206554	3.169030044380449	0.8954620490812526	0.1189129206953253	0.114247324305592	A[A>G]G	A>G	AGAG
1.9798335738260606	0.1621684566755929	1.7106624875638214	0.7842635779767619	3.778029901645284	0.14416030625122261	1.6047517195537329	0.7194608589388565	0.7269462386565607	2.110597481053259	0.09236547063816308	0.08842084342659101	A[A>G]T	A>G	AGAT
2.3954214961330553	0.15561438628905447	2.1763259887963957	3.0553392451877803	7.5749321091171895	0.8940553803453172	1.9726417512057437	1.0521977481487101	2.4628137981274048	0.15518755230235579	0.0206393374949919	0.06114196084769309	C[A>G]A	A>G	AGCA
1.572962303648834	0.11635556665306032	8.746629075251215	3.0540833289066978	15.310969536814675	2.9485023706449103	3.062762579267601	0.9648335786450604	3.4119228858580275	0.0547215113333166	0.09571139579646995	0.03010069887354518	C[A>G]C	A>G	AGCC
1.0476527679611864	0.026557648977220266	2.1741826697469353	9.054172852744543	12.475066250371942	1.1321281247789092	2.1196050019605	0.8889954110056004	11.522277500076342	0.5158413266633963	0.05591500809641875	0.03977690562617813	C[A>G]G	A>G	AGCG
1.4701376834447641	0.04186474024474143	2.7912525022562344	6.70878804584678	7.752693709390303	0.8259301776736814	2.4769231190957828	1.2704073252887664	4.9197244286899195	0.9961309607440813	0.1184304025652318	0.03641505301561004	C[A>G]T	A>G	AGCT
3.7466135226403448	0.27244758692291604	4.439593265805291	1.1537672740059766	6.575596188706188	2.475305648054391	1.4876943696388967	0.3675953273674183	1.3945617145975633	0.3969010050229763	0.08594073336034161	0.046936707367288694	G[A>G]A	A>G	AGGA
3.1304754308925844	2.5244285456778686	12.375236436427905	0.98921927403709	8.04857950064916	6.19661168662371	1.7297490940605842	0.12065634880743592	0.640589038718285	0.1073517166594121	0.06703597413953238	0.00911234747951836	G[A>G]C	A>G	AGGC
0.8813363802838521	0.07204488366626233	2.745892597023219	1.8015764172172006	5.117389047099395	2.109140609871803	1.392995040934895	0.6752498612893632	3.795869603861721	0.5713260460037299	0.052731592647304565	0.03193339982582025	G[A>G]G	A>G	AGGG
2.0502180128639207	0.22373608062271086	3.819392035392934	1.7599026766444283	4.24934853175614	1.6095250720653809	1.569233181104809	0.4012239213591495	1.8916035759987875	0.679767407728836	0.20816581152992059	0.10324036494156923	G[A>G]T	A>G	AGGT
1.3718264104412257	0.2371623620864532	1.5347673256248342	1.3907251078842777	6.888906456415462	0.8386011661407523	0.7823805916503378	0.3467022600316523	0.6890690179477186	0.37254185844709015	0.0672534524781349	0.03803427259118347	T[A>G]A	A>G	AGTA
2.5044493020982443	0.3384941840352669	7.057027754307735	2.1643073113232654	17.61130837079447	4.0717586686962495	2.1966381877143206	0.6995562318997683	0.5388069298622841	0.27723881052322485	0.01997852464740243	3.81538142929285e-133	T[A>G]C	A>G	AGTC
0.33361587867343195	0.04536479641073113	0.6085226608236518	1.8779544501598235	4.743570429785818	0.28900082607663563	0.49817971434811553	0.25562469748842637	1.7983614197027855	0.515627546906327	0.12713028939426843	0.14894331311064435	T[A>G]G	A>G	AGTG
1.271940079336531	0.0340938720738794	2.996287748523251	1.7816698698012812	5.65681386895284	0.9854214634398544	1.362244309779602	0.9174631970708285	0.7614703794980631	1.354071907019844	0.1141522729834802	0.0782912785333516	T[A>G]T	A>G	AGTT
1.3027561120075275	0.6354753773022664	0.2138205682764892	0.17889724804349455	0.36980135519755253	0.03789674905511144	0.9132150743336912	0.1340785613515424	0.05632486855859503	0.5875597871470788	0.07239167877781084	0.048001762460489976	A[A>T]A	A>T	ATAA
0.20626672241292487	0.09619396777159955	0.06550914668190713	0.2870141331206815	0.5169002605574358	0.14471004425166623	0.45997797325165846	0.23755215997007	0.5642434224376491	0.5044523403879542	0.049619845355970554	0.0137065674524851	A[A>T]C	A>T	ATAC
0.37931926202448824	0.3843786433954234	0.25161966908331984	0.23878287805459347	0.49188209559849655	0.2221095338040859	1.014864743165899	0.12311093693767353	0.49092345705574525	0.7984092351809255	0.05963557165128302	0.07473500865923734	A[A>T]G	A>T	ATAG
0.7493746822421034	0.47718167111887866	0.05782799867208472	1.6440013133056808	0.786502008194245	0.426184808738101	0.8182486662721458	0.3639142733059437	1.0566029864331994	0.6234567724348183	0.056507188495166366	0.16513968892714803	A[A>T]T	A>T	ATAT
0.2531543404376744	0.07832932512453694	0.053765433644158464	0.18928513904953423	0.2311962704969261	0.0030212342958317	0.11472029349558398	0.061749667414548015	0.03855311143787065	0.8475881936766609	0.0871230916133297	0.1148141470576517	C[A>T]A	A>T	ATCA
0.009511052333200098	0.00577340580784531	0.02361683062938952	0.3247232980845848	0.636849555910814	0.009668650208728601	0.07513080803668594	0.0342214889231116	0.21398186689184892	0.7832379105762481	0.0525007216407522	0.0655305205597455	C[A>T]C	A>T	ATCC
0.20008329573267572	0.17773887287006265	0.06682338550058022	0.41801957799279243	0.8341954741881773	0.030142937729686	0.25867515070196434	0.05625893221406526	0.24719411322220572	1.7787657963575985	0.11494917555452588	0.04782468669929683	C[A>T]G	A>T	ATCG
0.028853689072760112	0.02286299719901642	0.03688713449081908	0.3149157410357211	0.4423809392067181	0.0055279033996147205	0.06985476810865662	0.0797080357047153	0.1045487438279098	1.259474958830399	0.09593885107564046	0.0273414423243821	C[A>T]T	A>T	ATCT
0.34434021676542664	0.27730637037793565	0.10995574998808567	0.15786367391802325	0.501188541185896	0.11561258941335556	0.7114873763640421	0.17893627984297622	0.09447985849243298	0.7367466537186775	0.07481484749628692	0.0354812470599802	G[A>T]A	A>T	ATGA
0.06555273855308404	0.0670890572851105	0.07882046780205543	0.2782384699376728	1.4380058782318317	0.6069543078733132	0.7000832640339084	0.032819243578033175	0.43314037902229824	0.46082362787608167	0.023874936123334793	0.029036810303108902	G[A>T]C	A>T	ATGC
0.14341424816785486	0.19029320070903968	0.17916224695209784	0.5912924598090485	0.5834847451379965	0.3232884576928298	1.2011171897916357	0.21347182636711842	0.4216212628293898	0.6665844239626361	0.03246975400951217	0.0	G[A>T]G	A>T	ATGG
0.11858568742849279	0.07788802523308776	0.1668736268694938	0.4901814433582887	2.1315985121712977	0.15174059150346733	0.32112943768116076	0.07933926397300128	0.5005546524601882	0.661128080851145	0.057905673685777606	0.022921654109215782	G[A>T]T	A>T	ATGT
0.13296237886520312	0.02039830195255852	0.05955556090762586	0.3484348925570673	0.3478780238326705	0.01222476432193621	0.03407688065662158	0.06233541490256657	0.027164543681191537	0.5336886194113141	0.07367452885113651	0.05358269655894374	T[A>T]A	A>T	ATTA
0.047401578784147406	0.0146662007445382	0.046374337574040095	0.2929708804893676	0.6622622629649011	0.01641580416046215	0.02136806260303346	0.034586303454927636	0.03254815314277461	0.4746817843704724	0.0111994688143689	0.0128847174697972	T[A>T]C	A>T	ATTC
0.03742428597325647	0.027974265758275163	0.032246678393326705	0.19069030251394076	0.27984554633380615	0.014839436562846899	0.014404323431746911	0.00315598325463404	0.031155561436618538	0.4981115516207129	0.054748691003783545	0.06984176478116894	T[A>T]G	A>T	ATTG
0.11508172237207846	0.09813501248702548	0.018450028048591957	0.22623835293384706	1.2791859659213844	0.01253071018776361	0.10624545164370695	0.09673315010150912	0.043920106959499425	0.4296408931234785	0.01700434121742963	0.07483033532836313	T[A>T]T	A>T	ATTT
0.47734918951846506	0.21105336599098173	0.029222359175833122	0.48104006191485105	0.23639370158037248	0.04080047149402908	0.12733590794647284	0.10445129190926895	0.05428137240611059	3.2137295997338406	0.1075440749593755	0.1794473785528488	A[C>A]A	C>A	CAAA
1.0671816473614344	0.24687370413314882	0.10669177471450594	0.7461884921413344	0.4680063729138016	0.7526864217386011	1.970424865691127	0.4854521981899161	0.5302514335720254	3.653920634754736	0.17824663778741673	0.1703017246052387	A[C>A]C	C>A	CAAC
0.34625242104586534	0.12270368759198191	0.02843789738874525	0.2295332129509636	0.057785980714650534	0.0284163121989399	0.12299758357829829	0.06771988389742598	0.0971338554155268	1.7063808963934683	0.1380223353519215	0.07389526714782313	A[C>A]G	C>A	CAAG
4.3209048814291675	4.423266522217414	0.13628875120442663	0.23879088312276067	0.16589243270145718	2.1375647422018136	10.490491803286151	0.39031116260929527	1.0023979262681966	1.1499595184850488	0.04669841363186229	0.13924944286163907	A[C>A]T	C>A	CAAT
1.3653950131239967	1.5911825318219985	0.9623142829238571	3.2716012784128417	0.2004414682817124	0.6139089542515465	2.834228438028993	0.1826851018461396	3.719825618519074	2.488744350568265	0.2077625572572564	0.0488861292398981	C[C>A]A	C>A	CACA
0.6443119269128385	0.32395381602417567	0.35037065265592887	6.391497927900177	0.2569581222938008	0.4720093513520845	4.697880170550007	0.9661686477785846	5.843834942877546	1.0988869967428074	0.1510041485878744	0.03612072879898807	C[C>A]C	C>A	CACC
0.6412541226506211	0.8866825491943721	0.22253768166807297	3.77193529418481	0.08760582590601193	0.410096642009126	0.7457633633979559	0.4103535772437851	3.06721515354779	1.293957398610396	0.05943310671814929	0.06657125599388061	C[C>A]G	C>A	CACG
6.455344839026997	15.48755895785965	3.7760998521629365	13.015613874325476	0.0106016338604471	9.692598977408068	42.941876012114236	0.06490932839564431	22.201090435641714	1.09278821175392e-142	0.036875675641021954	0.01465480142891632	C[C>A]T	C>A	CACT
0.5850021047719295	0.486331107076225	0.27808237294606253	0.9603802625704948	0.20915913266597083	0.20145097153341207	0.8728210395355049	0.09164101669680917	0.11225027875104922	2.990767247814246	0.1702042467080915	0.19338765787941062	G[C>A]A	C>A	CAGA
1.0381008052648732	0.4116908057135175	0.36799713979076343	0.9067020753370769	1.1237267691005397	1.7058940551250639	3.5796352122058988	0.3570146380753607	0.5191093021523717	2.5373410652211845	0.14512754494982813	0.02277434956879823	G[C>A]C	C>A	CAGC
0.1308468260240574	0.13453815345492298	0.14503816448501297	0.5638557693585659	0.16387684912947903	0.23586252003154826	0.4188926388119338	0.24176876845628273	0.16023987327433334	1.892054595120933	0.14722854999423152	0.0722143049688227	G[C>A]G	C>A	CAGG
3.237122977939549	4.230215913971395	4.735967858596043	0.42257864994403355	0.36381850439023483	6.615635377795238	23.428723886639034	0.1452964329995596	0.878282264104993	0.7402107087202822	0.14969029843826598	0.1003112003168877	G[C>A]T	C>A	CAGT
18.32092195891699	0.6527370079639554	0.3564127309963785	0.5357537670490836	0.07704352896019435	0.07323836306078926	0.22980365014260504	0.08771134559004272	0.22759253075708674	2.115555361135846	1.5324221865292276	0.08983147384136156	T[C>A]A	C>A	CATA
4.076867040974404	4.614640810959825	0.47778249204618567	0.7389127008535763	0.21469649839461546	0.8457550020653336	5.946356633981799	0.7062824628143646	0.5526103393663272	2.828943983420038	1.0213181270666791	0.14069713024936273	T[C>A]C	C>A	CATC
2.2445747516757377	0.36324327996202305	0.057967064817814384	0.602317696962008	0.030743786523071928	0.02491881295382263	0.06428840489960846	0.07678366757352789	0.16753622285435024	1.4881745423894057	0.3825875480248769	0.16543848285641224	T[C>A]G	C>A	CATG
135.1167912882514	57.655597946492286	3.440060097432355	0.6933145745065386	0.12040875451411001	2.922064717805296	21.19314349325535	0.04598802425680044	1.6998509271154698	0.107894956708316	0.26402428286225377	0.0217732124838343	T[C>A]T	C>A	CATT
0.19223419405169512	0.10484029983178547	0.3168046652660609	0.3972394361696888	0.10205835701245812	0.07848443323141786	0.06959335003993129	0.328749969910019	0.0145126128237772	0.9175705838778364	0.11865249303016764	0.023215472239925244	A[C>G]A	C>G	CGAA
0.12612880518117706	0.0720142349853322	0.19619286385686646	0.45047371569648387	0.17165781166886057	0.10572015676614693	0.09274735864921552	0.08509230060061547	0.00152574148374578	1.121012498175799	0.1934803613083757	0.0603837505521219	A[C>G]C	C>G	CGAC
0.020874896286524353	0.01153298154230158	0.030387025158558668	0.19756447780834507	0.021782873547703932	0.02018128976194166	0.00927813783996662	0.005675860033235006	0.0200229710218235	1.8659106290499934	0.0909845635743747	0.04135595708743649	A[C>G]G	C>G	CGAG
0.11229700590321509	0.06167549356297834	0.09498471103932993	0.7398906275189461	0.15266522432153445	0.07869012555039552	0.0295364628970997	0.17423264586517126	0.02799116262419073	1.6396989012733862	0.28882451736458353	0.0234638210780623	A[C>G]T	C>G	CGAT
0.00931127714948214	0.00409103535508888	0.05813392280741443	0.0345622574641066	0.04845976102541005	3.5e-323	0.020681606201414363	0.05235555129677482	0.00483207129311396	1.110611746406286	0.39029172878956164	0.0432943903385379	C[C>G]A	C>G	CGCA
0.014508575587963186	0.00500453198450641	0.03514867397257516	0.1031234747216844	0.05073525979342988	0.00580714019997183	0.00296716193638813	0.009670501461980284	0.00630769902637447	1.1660805198469812	0.12143976432404632	0.0137668839434368	C[C>G]C	C>G	CGCC
0.02321406524806565	5e-324	0.0241025397034461	0.20451303506350071	0.05181611453516081	0.00402596914470694	0.0136200810686735	0.029514170334290442	0.17170513620046496	1.5411586597722486	0.22156330434603214	0.0406300244912065	C[C>G]G	C>G	CGCG
0.08544716388394002	0.0170907242594996	0.02708193340758019	0.17390772469691373	0.057789318365780495	0.00573043314369	0.000332824558415341	0.02894360926160111	0.017801888688452	1.8294055256797057	0.44029486779962923	0.03856809308101957	C[C>G]T	C>G	CGCT
0.17096731970459467	0.05952525411726742	0.32543983444232727	0.10152690902921806	0.04334028775827207	0.26509387077409996	0.07076463428042387	0.2050936959904526	0.03229038805703183	0.6823563364608861	0.0970583983165425	0.0249629424668678	G[C>G]A	C>G	CGGA
0.15579840598889472	0.09703244876486	0.2384248658007577	0.9692984323658677	0.5343930527663419	0.15638118096219075	0.09306058581822219	0.14411819195355585	0.1832671844604886	0.9069706994835012	0.0941476946700699	2.8885464069079e-37	G[C>G]C	C>G	CGGC
0.00963295216825253	0.00621981349805753	0.022581972843677123	0.10279896455834571	0.07884255123260203	0.00952001237131294	0.010208973597647629	0.016787399835890223	0.04025628237657068	0.9854860539612593	0.0532118761489156	9.36286475645221e-153	G[C>G]G	C>G	CGGG
0.17582863435819548	0.13788222109196047	0.17946905496322046	0.533135893957297	0.15937920698920827	0.20467120858134394	0.1058714790369382	0.0975711344186488	0.00407500951394645	1.4626134354924776	0.23174662293701134	0.06491273591612423	G[C>G]T	C>G	CGGT
0.01114866128543425	0.01320444997247619	0.04013183613721948	0.05536726169268598	0.051176657979042875	0.01211388290765103	0.03833215661893643	0.03640817143870893	0.00398908408469706	1.0731735337730157	10.450090573464148	0.032115045050038496	T[C>G]A	C>G	CGTA
0.02611296779397087	0.02185212678713032	0.03787894146177076	0.1843800189157509	0.11501758108681617	0.01004271809290612	0.01748184564330939	0.027941863849825492	0.00701451384160492	1.5176756374268807	3.2078862551988667	0.0283954003396609	T[C>G]C	C>G	CGTC
0.013519291649655273	0.0071706933337105	0.00543602749122359	0.10399806092101223	0.05646471096737051	5e-324	0.0102667488168716	0.01580573156708238	0.007680140389948589	1.4723351701949248	1.0810920649191136	0.06451867209092221	T[C>G]G	C>G	CGTG
0.054673510335383695	0.036735014141811254	0.06904434024743007	0.2611377579074868	0.0892112517442905	0.00606749709859073	0.04760203688824272	0.07055998232441398	0.017333028597400837	2.252034469036944	11.857959886039577	0.0479954268297499	T[C>G]T	C>G	CGTT
0.2808759137678236	0.10820312400013074	0.0514886603358203	8.911014004905871	0.2999272960795022	4.285165801500309	9.504680070739983	2.222013380395163	5.168861792293378	0.5320365035612683	0.34494464759701193	0.07758406008483021	A[C>T]A	C>T	CTAA
1.9567275830037665	0.6666814653823535	0.4679542630912874	2.9545878661988763	2.0810728266323446	8.475968228028641	9.359086020414617	2.7929071577976177	5.969198532142063	1.0005224502321899	0.11502969189911678	0.06699447813077491	A[C>T]C	C>T	CTAC
8.347064977797146	8.732921134453854	0.18097328800288232	20.147510906291842	0.139715245319867	39.98606106247619	7.942155285067785	61.45628551962554	1.068204523540246	0.29346424217609945	0.022142245961147815	0.15662929645443519	A[C>T]G	C>T	CTAG
2.310514349451445	0.47130271294900755	0.39176313900963095	3.156560968258111	0.9911316672330774	4.809937464554876	8.909441713618111	2.6607143547658123	2.678925747244819	0.6623105819340431	0.07741302006523715	0.049536137821357254	A[C>T]T	C>T	CTAT
0.4804650335871776	0.05761583120884231	0.6301324597127248	1.862722314461392	1.3613351730471634	1.0698427624208429	3.2030569574396877	2.3009567331286482	5.5464023482793054	2.6973463566682554	0.6970638390328456	0.09265792441857112	C[C>T]A	C>T	CTCA
0.9801744608301969	0.0772817716988579	0.36452262596744944	0.7478556987791298	2.9869222835117197	5.845244552093343	5.275057468159552	4.510651792188703	7.704690674025118	1.3481383444070685	0.18452292601047174	0.07004170158122808	C[C>T]C	C>T	CTCC
5.302626152570842	3.894026273216663	8.311275446331463	16.509306292262753	0.28733923881082485	22.342399355886158	7.976475211777595	65.96848105907459	6.118851401979026	0.47864940132074735	0.06807681806302868	0.0226906195736353	C[C>T]G	C>T	CTCG
1.8072254988667125	0.18466519291560574	0.9183323905758993	0.8822083200788814	3.071102565554128	4.596363236552411	6.570970282142734	5.077834850226321	6.440123224551957	1.6593213243554987	0.312611949765328	0.09499904507244251	C[C>T]T	C>T	CTCT
0.4106713631750746	0.1364989685455792	0.22836028347614412	16.005006859797998	3.1785127681564336	13.362421504901496	14.284206335120796	1.4629453466018532	9.183329347215677	0.35205246500880044	0.15325249065249735	1.5e-323	G[C>T]A	C>T	CTGA
6.418817230946527	6.143711910135055	3.5765462545084827	13.04744006186168	10.138550883825006	33.83027338227132	9.871082860757156	1.7007262953572786	11.533853724826047	0.1561010164973006	0.1741690723351273	0.00337685968145987	G[C>T]C	C>T	CTGC
14.013009832111468	27.954873982078947	16.578974029729306	22.50791817783428	0.09164995918543421	94.87158872244376	5.8267124046212615	52.61384748092249	0.9363242867931265	0.08848010315997537	0.063317652451966	0.2447153419355292	G[C>T]G	C>T	CTGG
6.947264426849298	4.087717509795931	4.731338388491826	11.999992247632038	7.291984478122892	18.221866939389816	12.815005179096259	2.3338625674377607	7.494475787785321	0.5037141569916945	0.22548330424809224	0.03125787285559395	G[C>T]T	C>T	CTGT
1.5936316230354433	0.8222567285627002	0.8090862614550965	1.9932026750684622	2.4098323013057645	1.5462029702063886	3.431421458665846	1.6318329869989856	0.7717973542710503	2.509606033512485	12.862381307454198	0.11536736063080291	T[C>T]A	C>T	CTTA
8.056890856284387	5.361706112209336	2.5752913677967073	0.34640013557164523	3.422877280062903	7.92650478528803	6.65291327130795	5.430105444297469	1.51796615787411	2.1924728954368864	3.2889533049342985	0.07043921323936189	T[C>T]C	C>T	CTTC
104.87388720935502	44.48808548245221	31.114370465628234	7.243629381587031	0.49740507414409457	8.620056599626906	4.260414407335193	34.885521311057865	0.5962513795521235	0.08499625373094354	2.3452809229532328	0.045594926106737405	T[C>T]G	C>T	CTTG
15.58264014650768	9.289457115843776	2.55357496780975	0.27365472504897564	2.9344542686886146	4.349428321914462	6.660261113748378	3.170280546744133	0.5941472600252039	1.441344487194267	5.963023898362914	0.11138010578605452	T[C>T]T	C>T	CTTT
