	Substitution Type	Trinucleotide	Somatic Mutation Type	SBS1	SBS2	SBS3	SBS4	SBS5	SBS6	SBS7a	SBS7b	SBS7c	SBS7d	SBS8	SBS9	SBS10a	SBS10b	SBS11	SBS12	SBS13	SBS14	SBS15	SBS16	SBS17a	SBS17b	SBS18	SBS19	SBS20	SBS21	SBS22	SBS23	SBS24	SBS25	SBS26	SBS27	SBS28	SBS29	SBS30	SBS31	SBS32	SBS33	SBS34	SBS35	SBS36	SBS37	SBS38	SBS39	SBS40	SBS41	SBS42	SBS43	SBS44	SBS45	SBS46	SBS47	SBS48	SBS49	SBS50	SBS51	SBS52	SBS53	SBS54	SBS55	SBS56	SBS57	SBS58	SBS59	SBS60
0	C>A	ACA	A[C>A]A	0.000371161	5.06e-07	0.01737271	0.030941737	0.009810659000000001	0.000212145	5.04e-05	0.0016456110000000002	0.004996391	4.03e-05	0.03758363	0.000539102	0.0019737170000000003	0.00011286899999999999	0.000109198	0.004525118	0.001605603	0.00087715	0.00048418	0.016685316000000002	0.0017774610000000001	0.000584795	0.03816761	0.0009472080000000001	0.000454604	0.000146319	0.005746905	0.000572688	0.023347642999999998	0.008321667	0.000830632	0.005158122	0.00086572	0.042561895	0.001344467	0.007371027	0.017291868000000002	0.0027556190000000004	0.005540585	0.0067959940000000005	0.019958708000000002	0.003933069	0.009135994	0.009048769	0.024336679	0.002082149	0.00086859	0.024404535	5.78e-18	0.006233354	0.0037729720000000003	0.069141862	0.000392435	0.011053526000000001	0.09740636400000001	0.12423210900000001	0.011443861999999999	0.0034246259999999996	0.001684535	0.004964496	0.011521043	0.011670733	0.054043865999999996	0.0025746429999999997	0.0052351640000000005
1	C>A	ACC	A[C>A]C	0.001235459	0.00016679900000000003	0.017869145	0.031545715	0.009992683	0.000338441	0.000174475	0.000420866	0.00153466	0.000988034	0.052772342	0.005106072	0.002058846	0.00523394	0.0005359119999999999	0.001466359	0.000822589	0.01333947	0.000329536	0.003897215	0.001020548	0.000160168	0.015139656999999999	0.000618836	0.001316151	0.002839882	0.00011792	0.000354237	0.022012842999999997	0.007608816	0.000649119	0.006067374	0.003607322	0.044580239	0.000488544	0.018461412	0.018807069	0.002551832	0.010242725	0.04598916	0.008507595	0.0018695539999999998	0.009290495	0.0071579040000000005	0.014981515	0.001556531	0.019943103	0.0063105769999999995	0.000145943	0.002522501	0.005210716	0.039165651	0.000499476	0.004003904	0.134475583	0.001922938	0.00635689	0.0016134370000000001	0.000802616	0.002237795	0.018560491999999998	0.001754275	0.00800762	0.002202786	0.000857208
2	C>A	ACG	A[C>A]G	0.000148379	9.15e-05	0.0029316840000000004	0.022960529	0.003030899	5.21e-05	0.00010752	0.00026367700000000003	0.0007814580000000001	0.000500698	0.00789556	0.0008250569999999999	0.000271011	6.64e-05	0.000141588	0.0010846760000000001	0.000467295	0.000650146	4.74e-05	0.0021342839999999997	8.209999999999999e-05	0.000112224	0.0036198909999999996	0.00036800099999999996	3.21e-05	0.000548888	0.001466941	1.36e-07	0.019097458	0.002442567	0.000216753	0.00155469	0.0007817810000000001	0.025931827999999997	0.00013660200000000002	0.002569572	0.006931926	0.000735506	0.00011875899999999999	0.002142868	0.003556352	0.0021131920000000003	0.0027231459999999996	0.004148639	0.005054885	0.000121514	5.02e-05	0.001038606	1.38e-06	0.002278411	0.000515917	0.002818555	0.000237828	0.006279456	0.009457708	0.008476054	0.0062398309999999995	0.04868298	0.002565064	7.6e-05	0.00037776	0.006336731	0.001518144	0.000204833	3.8100000000000003e-16
3	C>A	ACT	A[C>A]T	0.00054866	8.72e-05	0.010447932	0.022072442999999997	0.005533286	9.2e-05	0.000190755	0.0005124130000000001	0.002074785	0.004130873	0.041005289	0.0030080790000000003	0.015690921	1.0300000000000001e-05	0.000203835	0.001251675	0.000313703	0.066238463	0.000583906	0.011225704	5.429999999999999e-05	0.00044761199999999996	0.016223593999999997	0.000435351	0.0009290889999999999	0.000590361	0.0016766860000000001	3.93e-18	0.014432025	0.004266638	0.000601161	0.002751285	0.004479337	0.024494388	0.00042344	0.004952186	0.01156891	0.0017196689999999998	0.0014312939999999998	0.016975518999999998	0.014450097	0.001883415	0.0064503519999999995	0.005852764	0.013110098	0.0013408920000000002	0.006097165	0.0017495710000000001	0.004443906	0.0067371209999999996	0.0029786709999999996	0.012392473999999999	1.82e-05	0.003585845	0.069467091	0.019060589	0.0070981230000000005	1.11e-05	0.00032986699999999996	0.001009245	0.021486309	0.008375669	0.0052309190000000005	0.010606308	0.000386335
4	C>A	CCA	C[C>A]A	0.000171135	0.00023732400000000002	0.024580879	0.077337537	0.007957358000000001	0.0011916469999999999	0.00044855599999999997	0.00104948	0.000146905	0.018992343999999998	0.04479967	0.006068896	0.003748729	0.000422138	0.000606155	0.007109956999999999	0.001614355	0.016766428	0.028023517	0.014176283000000001	0.000331556	0.000340339	0.07175910099999999	0.001291306	0.036155598	2.7e-16	0.002288081	0.000135659	0.021322735	0.016317922	0.001754855	0.00656723	0.0029328509999999998	0.047755519	0.000750021	0.0108051	0.001261693	0.0031299920000000003	0.002898224	0.030124817	0.05771241	0.00419331	0.355254894	0.010263974	0.023479702	0.003072746	0.011364108000000001	0.007176	2.8000000000000003e-05	0.213021205	0.017501528	0.032802745	0.000710369	0.132016001	0.024062742999999998	0.008048839	0.056475458	0.278775186	6.45e-05	0.00690396	0.002966835	0.010800222	0.007418908	0.002095637	0.001313677
5	C>A	CCC	C[C>A]C	0.001182115	0.000131256	0.033451638	0.09220115400000001	0.007931024	0.003230532	0.000285495	0.001727066	0.005047255	0.005077251	0.052303829	0.0029329140000000004	0.00028738900000000004	0.003109488	0.001168355	0.006769848	0.001348984	0.024460271000000002	0.00409169	0.014826368999999999	0.00157988	6.24e-05	0.022892405	0.0009041930000000001	0.11466667	0.00381884	0.006683124	0.000681867	0.035363056000000004	0.010383448	0.002271131	0.003485426	0.000189231	0.039230816	0.00045752099999999996	0.014134476000000002	0.006020559	0.0026699140000000002	6.6e-05	0.040027971	0.025193086	0.00127877	0.078296626	0.011078957	0.020023208	0.0014316670000000002	0.038772864	0.000107093	0.035996815	0.162581186	0.009746766	0.008482214	2.59e-05	0.019851666	0.003729122	0.004404226	0.022521929	0.003568413	0.003164147	0.004998344	0.009642615	0.005901825	0.002650814	0.00672117	0.000340527
6	C>A	CCG	C[C>A]G	0.000120363	6e-16	0.006475319	0.055254552	0.008727044	0.0025342529999999998	5.17e-16	0.0008870760000000001	0.006076745	0.000261891	0.008977165	0.004086311	0.000128996	0.00015983	2.13e-05	0.003614457	1.18e-05	0.00334073	0.000104626	0.005565761	5.88e-16	6.61e-16	0.027359371	0.000542207	0.01682123	0.005681935999999999	0.000400222	0.000275116	0.031551276	0.003309178	0.001060371	0.000811625	7.549999999999999e-16	0.030717491	0.000934897	0.0007826010000000001	3.96e-05	0.001011271	0.001046268	0.005222339	0.017300398999999998	0.002290504	0.112083689	0.013689487	0.00677076	0.000793761	0.004338453	6.53e-05	0.008673934	0.143158745	0.011892238999999999	0.000852102	0.19356453	0.699446742	1.3e-17	0.011665268000000001	0.031570962	0.132998501	0.014252835	0.001667923	1.8899999999999996e-17	0.003128938	0.004128612	0.00180268	0.000995491
7	C>A	CCT	C[C>A]T	1.23e-16	0.000483344	0.016977206	0.066491828	0.006991014	0.0063075959999999995	0.00036821	0.001385981	0.018317691	0.000154119	0.036988456	0.003889468	0.020548805	0.006779741999999999	0.00014793399999999998	0.0014470179999999998	2.58e-16	0.268329678	0.019363391	0.003410054	0.00015519200000000001	0.00022950099999999998	0.035419481	3.3799999999999995e-05	0.243786912	0.023390749	0.00013819600000000002	0.0005228440000000001	0.014400578999999998	0.013892308	0.008929288	0.004036054	0.000294379	0.04596345599999999	0.00029122	0.028318501	0.002724496	0.0029480929999999997	0.000927978	0.083500555	0.062896738	0.002311297	0.172427827	0.006137743	0.016711916	0.003438877	0.020776904	5.6800000000000006e-18	0.085799526	0.17456361899999998	0.009359453	0.0009138519999999999	0.000509995	0.028398145	0.001234635	0.005867035	0.018585988	0.004124631	0.005671435	3.15e-05	0.085733832	0.01024419	0.002364986	0.001906434	6.0599999999999996e-05
8	C>A	GCA	G[C>A]A	0.0008771839999999999	9.97e-05	0.007906933	0.030733211	0.011045808	0.000282962	4.05e-05	0.000698243	0.001440135	0.000222492	0.027381659	0.009889829000000001	0.0014529229999999998	0.000599609	0.00016396	0.0026341240000000003	0.0011105639999999999	0.002168756	0.0015566220000000001	0.011874656	0.002027204	0.001272132	0.10750937	0.00080539	0.01049336	0.002645605	0.00282194	0.00030679599999999997	0.052886375	0.015010673	0.000625979	0.014175715	0.000228583	0.08669427800000001	0.0009326810000000001	0.01340489	0.00463847	0.005176760999999999	0.004248283	0.010064027	0.071026544	0.002688566	0.011383231	0.007064843	0.016296407	0.0040425470000000005	0.007653826999999999	0.010199968	7.660000000000001e-18	0.0068461680000000006	0.008185228000000001	0.014963543000000001	0.000457806	0.004598805	0.015339443999999999	0.004603188	0.008220522	0.000364835	0.005366129	0.000957043	0.000263056	0.002377509	0.003333105	0.097812605	0.00058315
9	C>A	GCC	G[C>A]C	0.000238453	3.2599999999999997e-16	0.015338588	0.042719920999999994	0.010509236000000002	0.000765281	0.000174784	0.000254484	0.001287032	3.7200000000000003e-16	0.037496214	0.010818953000000001	0.000667287	0.0026452570000000003	0.000509224	0.000701308	0.0006681030000000001	0.029432592999999996	0.0021451779999999998	0.007411592	0.001851073	4.48e-06	0.021466946	0.000340809	0.006956945	0.011026645	0.0027662579999999997	0.000621842	0.138110229	0.009120979	0.00106192	0.020587803000000002	0.0018838429999999998	0.101982597	0.0006178059999999999	0.027828995	0.004711679	0.0014372470000000002	0.000892903	0.064696583	0.025529628999999998	0.001050123	0.007514442	0.009017165	0.014823963	0.0011964710000000002	0.033653185	0.002344605	0.005893532	0.006573481	0.004314065	0.005949664	0.000266256	0.001830545	0.010381580999999999	0.004838923	0.009230732	0.003670734	0.011940751000000001	0.000271853	0.011255163	0.00119659	0.00166184	0.15570402	0.001235895
10	C>A	GCG	G[C>A]G	0.000770838	3.8e-05	0.003743732	0.035146263999999997	0.006007889000000001	0.0005599169999999999	0.00010035899999999999	0.000161476	7.200000000000001e-16	5.6999999999999996e-05	0.007334461	0.0005177690000000001	2.97e-05	0.000165357	3.27e-05	0.00140326	0.00045303	0.002726467	0.000649629	0.00443816	0.000287064	0.00027861	0.017582628	0.000479224	0.0036155659999999997	0.004943981	0.001544719	0.000256264	0.132525955	0.0017353989999999999	0.000385696	0.0050609259999999994	0.000136733	0.04857583	5.190000000000001e-16	0.00235519	0.0021315270000000002	0.000949384	0.0008119860000000001	0.001222878	0.011973049	0.001578395	0.003063528	0.011006216000000001	0.006922009	0.000680833	0.002489151	0.00045920900000000003	0.0014278029999999998	0.004489254	0.001075671	0.00250416	0.001063928	0.009435286999999999	0.000625991	0.011831993999999998	0.009533519	0.101502416	0.013794121000000001	0.000204411	2.8100000000000002e-05	1.96e-17	0.007855653	0.027160583999999998	0.001041243
11	C>A	GCT	G[C>A]T	1.32e-16	6.330000000000001e-05	0.01186648	0.022011019	0.007915176	0.0008695539999999999	2.3799999999999997e-16	0.000147532	0.000532079	0.000104667	0.032541903	0.011710791000000002	0.01417814	0.002455956	2.36e-16	3.9e-05	7.69e-05	0.140006769	0.013222078	0.008548483	5.73e-05	0.000727511	0.065432245	0.000288469	0.002590566	0.011725221000000001	0.000746307	3.01e-05	0.049470593	0.012473737	0.001100498	0.010391477	0.000247161	0.080701094	0.0009111639999999999	0.003837399	0.003594005	0.003998547	2.18e-05	0.024900359	0.077319632	0.001811387	0.009188646	0.006455091	0.013185505	0.002725644	0.019197323999999998	0.0016288029999999998	0.012045033	0.006775095	0.0029150590000000002	0.002038647	1.29e-05	0.003639775	0.002362125	0.004301141	0.004481349	0.001031861	0.007434412	0.0008825910000000001	0.020334154	0.002620794	0.000454888	0.506970121	0.000160646
12	C>A	TCA	T[C>A]A	2.9199999999999998e-05	0.000589207	0.0074439580000000005	0.030849496	0.0068062290000000004	0.000188307	0.00031039999999999996	0.002167203	0.0027531990000000004	0.011994573	0.026840209	0.017410228	0.08962774300000001	0.000292107	0.000142898	0.0036879879999999997	0.07375461	0.00028831	0.009346549000000001	0.01182593	0.000172444	1.26e-05	0.057869399999999994	0.00109259	0.0013301489999999999	0.001436623	0.000792837	0.0015465370000000002	0.02020089	0.006168631999999999	0.000943367	0.007411661999999999	0.01663818	0.032186277	0.0005491059999999999	0.00151798	0.007977136999999999	0.011124897	0.005139446	0.0042856809999999995	0.11801174099999999	0.0021016570000000003	0.013375026000000002	0.004898753	0.023773145	0.003453709	0.0040379	0.005510836	0.000678737	0.046255679	0.011152302	0.018237923	0.060363374000000004	0.015302366999999999	0.01644045	0.033293422999999996	0.36903707799999996	0.001801195	0.000551672	0.0015533720000000001	0.21173557	0.014346882	0.007150346	1.8e-05	0.0018180020000000002
13	C>A	TCC	T[C>A]C	0.001439436	0.000201694	0.019060496	0.046618140999999995	0.010185451	0.00033762800000000003	0.000649341	0.00337702	0.019888481	0.010519123	0.029021564	0.003220316	0.012200218	0.003191185	0.000955337	0.003915942	0.035228696000000004	0.025912044	0.004044874	0.00827974	3.02e-05	2.91e-16	0.04381318	0.001141368	0.003352903	0.000298463	0.002259611	0.00061779	0.045191709000000004	0.011691561999999999	0.0008126219999999999	0.008423583	0.000677544	0.037559617000000003	0.000246478	0.009834803	0.009777233	0.006144973000000001	0.001890519	0.024088974	0.082896706	0.002143644	0.011083388000000001	0.008260234	0.024647067999999998	0.0023032079999999997	0.054868889000000004	6.03e-06	0.002267007	0.059581022000000004	0.008261611	0.000112181	0.0023611979999999997	0.003054947	0.000982106	0.0034180609999999996	0.047787882000000004	0.003149605	4.29e-05	9.49e-18	0.016378369	0.000912882	0.000534151	0.019676068999999997	0.00018863200000000002
14	C>A	TCG	T[C>A]G	2.09e-16	0.000166595	0.0026352109999999997	0.017914527	0.004221217	0.00022339900000000002	5.7999999999999994e-05	0.00047412400000000003	5.14e-16	4.96e-16	0.0036257520000000003	0.00096172	0.002344665	0.000793967	3.73e-16	0.00113304	0.023930926	1.24e-05	8.83e-05	0.00346395	4.2699999999999994e-16	0.000204692	0.021078706000000003	0.00047578	3.65e-16	0.000142282	4.75e-16	0.000140041	0.014066693	0.0	0.00026289999999999994	0.003213713	0.000319183	0.026232421000000002	0.000137951	0.001651839	0.004134115	0.0027166029999999997	5.66e-16	0.000163073	0.025970775	0.002504772	0.0037985040000000003	0.005210857	0.006132568000000001	0.000457283	0.001515342	5.69e-18	5.31e-07	0.028026743	0.00479906	5.45e-05	0.729061625	0.039928852	7.670000000000001e-05	0.008951803000000001	0.225133067	0.000637825	0.00144558	0.000187308	0.011176328999999999	0.00047367800000000005	0.005607626	0.00101908	0.000390549
15	C>A	TCT	T[C>A]T	2.6e-06	0.00040480800000000004	0.008791306	0.031927665	0.010924715	0.000393497	0.000486812	0.001053327	0.004067959	0.00020093799999999998	0.028714998999999998	0.027758074	0.637298731	0.053259031	3.74e-05	0.002482529	0.033016334	0.125378924	0.004351934	0.010143483	0.000261078	0.002609782	0.09557162	0.001088846	0.00070001	2.1800000000000002e-16	0.000398699	0.00017376299999999998	0.015439092	0.021832407	0.00140589	0.010240411999999999	0.0006486980000000001	0.029183691	0.0005231330000000001	0.0036539740000000004	0.00788161	0.011924876000000001	3.84e-05	0.012382809	0.173109168	0.002555884	0.020929012	0.00534954	0.021997548	0.006138691999999999	0.021553317000000002	5.69e-18	0.013171249	0.044719315999999995	0.002712356	0.000206037	9.05e-05	0.004061679	0.001593159	0.00034403099999999996	0.048332924000000006	0.000584878	0.005920432	0.003614252	0.38756258899999996	0.0061926740000000004	0.01422142	0.002895639	0.000364523
16	C>G	ACA	A[C>G]A	0.000777586	1.95e-16	0.016487237	0.005052732	0.008269987	0.00023548900000000002	4.8899999999999996e-05	6.05e-06	0.001158115	0.0011766230000000001	0.00369579	0.004670408	2.0099999999999999e-16	0.000189027	0.000127356	0.001226385	0.003411957	1.74e-16	5.7700000000000007e-05	0.001805645	0.000867017	0.000140235	0.001280577	0.002378902	0.006436796999999999	1.57e-05	0.001586709	3.93e-18	0.0021455989999999998	0.00675416	0.00040584199999999995	0.0013068560000000001	0.000169435	0.002114626	0.0007956630000000001	0.0064216690000000005	0.0015434079999999998	0.001250108	0.0008674539999999999	0.002754922	0.0014583110000000001	0.03416659	0.001919119	0.036653767000000004	0.010541598000000001	0.005259646	0.000304007	0.000298645	0.002393048	0.002127669	0.001028992	0.001045095	9.08e-05	0.000126635	0.0031424590000000002	0.0034849629999999998	0.0013030560000000001	0.004481117	0.00120881	0.0024062610000000003	0.000382206	0.014612138	0.01890159	0.0021092389999999997	0.000321245
17	C>G	ACC	A[C>G]C	0.0006594089999999999	0.000150431	0.012613663999999998	0.0026931	0.006037749	0.00018655	2.1e-05	0.00017255299999999999	0.000427375	0.0032905020000000003	0.0032574009999999996	0.002445055	2.8300000000000003e-05	0.00010701100000000001	0.00028172900000000004	0.000831261	0.001085548	5.87e-06	0.000178254	0.0027090440000000003	0.000632792	5.4000000000000005e-05	0.002484552	0.001723076	0.00143784	0.0008652180000000001	0.000240897	3.6200000000000006e-05	0.003040535	0.001778529	0.000465385	0.002265665	0.000319955	0.002289962	0.000450879	0.0031534090000000002	0.0020304010000000003	0.001487055	0.0016650329999999998	0.004524342	0.001706452	0.01434697	0.0014566689999999998	0.022526888999999998	0.009695111999999999	0.00403167	0.000489865	3.35e-05	0.00022669900000000002	0.00170378	0.0016629939999999999	0.000813695	6.77e-05	7.7e-05	0.001162945	0.005174248	0.001480575	0.0044939870000000005	0.000500123	0.00018339	0.000196245	0.0038397759999999996	0.002064186	0.002263288	0.0006468730000000001
18	C>G	ACG	A[C>G]G	9.66e-05	2.6600000000000003e-05	0.00042453300000000005	0.001880898	0.002824524	2.22e-16	7.670000000000001e-05	0.000714847	4.61e-16	0.0018151139999999998	0.000489036	0.002640999	4.0300000000000004e-16	2.76e-16	8.97e-05	0.000150886	0.00046770300000000003	6.15e-05	3.16e-05	0.0017675420000000002	0.00026262599999999996	4.3e-16	0.002849418	0.000922235	0.000690002	4.1399999999999997e-16	0.00044238199999999995	3.94e-18	0.001183932	0.0	0.000130271	0.0	4.91e-16	0.001210152	0.000196555	0.0046438040000000005	0.001759966	0.000449322	5.070000000000001e-16	0.000534016	0.0007934760000000001	0.010681506	0.00091014	0.021166701	0.003904582	0.002394654	2.6600000000000003e-05	0.00734988	4.74e-05	0.000369759	0.0	0.0006696219999999999	7.390000000000001e-05	0.00018051700000000002	0.001354573	0.003474618	0.0012333160000000001	0.0032100320000000002	0.0026589079999999998	0.000863567	0.000784862	0.005271095	0.0031098959999999996	0.00119487	0.00047181199999999995
19	C>G	ACT	A[C>G]T	0.000488714	8.13e-05	0.014900782	0.0026589659999999996	0.008410057	0.000129885	7.35e-05	0.00020538700000000002	0.002041077	0.002971906	0.004978039	0.006320701	2.06e-16	1.3999999999999998e-16	0.000409768	0.001474015	0.0036067390000000003	0.000163907	0.000170067	0.012256999999999999	1.7199999999999998e-05	0.000313401	0.0030909659999999997	0.001630397	0.0033186540000000003	5.88e-05	6.0599999999999996e-05	3.93e-18	0.001866889	0.0029452859999999997	0.0007075930000000001	0.001335182	9.39e-05	0.001713231	0.00055691	0.002980775	0.0013885	0.001176902	0.00236304	0.007451276999999999	0.0015473770000000002	0.019086989	0.0017811329999999998	0.034299862	0.012911329	0.008337724	0.000329721	0.000299202	0.00252949	0.0010008410000000001	0.001927376	0.0017932039999999998	0.000321812	7.900000000000001e-05	0.001646962	0.000810246	0.001311414	0.001977999	0.004127327	0.001095505	0.000114905	0.004914889	0.001903005	0.002807247	0.00021758900000000002
20	C>G	CCA	C[C>G]A	1.32e-05	2.55e-16	0.02114181	0.007509113	0.007457651	2.6899999999999997e-05	2.2000000000000002e-16	0.000423307	0.000279187	0.001724372	0.005578159	0.001128255	5.39e-05	2.42e-05	0.00025571400000000004	0.001761826	0.006475438000000001	8.78e-05	5.610000000000001e-05	0.00483664	0.000622578	0.000244247	0.000594151	0.001725663	7.390000000000001e-05	2.4e-05	0.001307154	0.000156323	0.002187057	0.007921685	0.000452317	0.006126824	2.08e-05	0.002898813	0.001243559	0.002070136	0.001166505	0.001740971	0.000176627	0.0038813470000000003	0.001287856	0.000575609	0.00157898	0.029204111	0.00854727	0.002685425	0.0041733709999999995	2.26e-05	5.28e-05	0.00128397	0.000560946	0.001274997	5.96e-05	0.00012470000000000002	7.01e-05	0.003280714	0.001164237	0.002265721	0.0011529889999999999	0.003247623	0.000244046	0.001102368	0.000953174	0.001949281	5.25e-05
21	C>G	CCC	C[C>G]C	5.08e-05	0.000482789	0.018645235	0.00795035	0.011728442	2.9299999999999997e-05	0.000155246	0.001070812	0.003699242	0.00045029900000000003	0.007352276	0.002355389	3.1800000000000004e-16	2.17e-16	0.000209804	0.001409099	0.0009023789999999999	9.740000000000001e-05	1.3800000000000002e-05	0.007462206	0.00031910900000000004	7.070000000000001e-05	0.002646517	0.002135991	5.08e-06	0.00040049300000000003	0.001185349	0.000276433	0.005287825	0.006104185	0.00048405400000000004	0.001969344	0.000131563	0.006740471	0.000934347	0.00226639	0.0010088710000000002	0.000573057	0.000211237	0.007654244	0.001710902	0.000491447	0.001417865	0.046025119	0.012752272	0.0018694229999999998	0.007825499	0.00027687400000000003	2.9600000000000005e-05	0.000863744	0.000406115	0.00038142300000000004	8.840000000000001e-05	0.00017806099999999997	0.000372241	0.000167087	0.000991689	0.006066314000000001	0.001087137	0.0038120709999999998	0.000324789	0.004299045	0.001854121	0.0019622710000000002	0.00019076599999999998
22	C>G	CCG	C[C>G]G	0.000454872	0.000130941	0.0038807679999999997	0.0076868169999999994	0.006283129	0.000129829	0.00017984700000000001	0.001721836	0.0008347280000000001	0.004056155	2.7600000000000003e-05	0.001301384	5.59e-05	4.23e-16	2.59e-05	0.000535026	0.0013274570000000002	4.6200000000000005e-05	7.929999999999999e-05	0.004673474	0.000614547	6.61e-16	0.008178016	0.000110675	0.00042542199999999995	2.8999999999999997e-05	0.000704324	3.94e-18	0.001869336	0.002134573	0.000122223	0.001101492	7.549999999999999e-16	0.002698158	0.00027525	0.0020338120000000003	0.001282196	0.000867831	0.000667472	0.002062778	0.001020216	0.000983283	0.002103355	0.029320721	0.004479466	0.001249946	0.0010846130000000001	0.006475934	1.78e-17	0.001355629	0.000264272	0.002106313	5.14e-05	0.000322919	0.0035787490000000004	0.005500799000000001	0.0013154039999999998	0.003181872	0.001043125	0.000686945	0.000187679	0.002231196	0.000144501	0.001527824	0.000885332
23	C>G	CCT	C[C>G]T	1.23e-16	7.3e-05	0.02453794	0.006575394	0.010263169	9.46e-06	9.470000000000001e-05	0.0008269639999999999	0.005765301	2.92e-16	0.0061569680000000005	0.00384457	3.570000000000001e-05	1.81e-16	9.51e-06	0.002055222	0.007430178000000001	0.000183676	5.6999999999999996e-05	0.013163261	4.41e-05	0.000243402	0.003696876	0.003161637	9.75e-06	0.000211952	0.00040202699999999995	0.00020498400000000001	0.003974566	0.000217126	0.0007815389999999999	0.000348923	3.22e-16	0.005924769	0.0009974060000000002	0.0034713	0.000505015	0.0007703489999999999	0.000110218	0.0163529	0.00217144	0.000760411	0.0011897910000000002	0.040896919	0.015809667	0.006527376999999999	0.006735262	0.000927981	8.55e-05	0.00171825	0.001691467	0.000184135	0.000148054	0.000110306	0.000550492	0.0030179779999999997	0.001191419	0.000425934	0.001364016	0.0036750840000000003	0.000924675	0.0035810990000000003	0.0015082820000000001	0.003263442	0.000163139
24	C>G	GCA	G[C>G]A	5.33e-06	7.56e-05	0.014106148	0.005136371	0.005081306	1.29e-05	1.9600000000000002e-05	4.7799999999999996e-05	0.000249482	0.00025953900000000004	0.002922025	0.001746079	1.7899999999999998e-05	1.4099999999999999e-05	4.6500000000000005e-05	0.0007491710000000001	0.00175125	2.31e-16	0.0006760210000000001	0.001452763	0.001000975	7.64e-05	0.000623722	0.001296263	0.00065163	0.000478552	0.001774769	3.93e-18	0.002316845	0.004648195999999999	0.000498039	0.001863844	0.000267971	0.002026735	0.000509067	0.001872591	0.0009002939999999999	0.000905277	5.04e-05	0.0034488059999999996	0.000928885	0.001736941	0.0011302719999999999	0.024654659	0.0058001319999999995	0.0026688659999999998	0.002382514	0.014916081999999999	0.000218492	0.000301966	0.00011368399999999999	0.002272187	4.77e-05	8.85e-05	0.028975672999999997	0.0039820490000000005	0.0013785610000000002	0.001168522	0.00226432	0.000952565	0.00022668900000000002	0.004767597	0.002578899	0.001370144	0.000184157
25	C>G	GCC	G[C>G]C	0.000115445	0.000381663	0.012114765	0.007071524	0.006977791	0.000574112	4.1899999999999995e-05	0.000535074	0.000821485	3.7200000000000003e-16	0.003415768	0.004588205	0.000125711	0.00014145	0.000143578	0.000484815	0.000708451	5.6999999999999996e-05	0.000522543	0.005393630999999999	0.001204174	8.950000000000001e-05	0.001662869	0.00161841	0.00352315	0.002209095	0.001490641	0.000146248	0.006233306	0.003374106	0.000923258	0.0022414139999999997	4.11e-16	0.001852176	0.000320105	0.009720733	0.001170579	0.0011525419999999999	0.000368677	0.027638262	0.00143794	0.001565841	0.001290658	0.02765848	0.007785350999999999	0.0044515990000000005	0.001783117	0.021087571	0.0015017779999999998	0.001161415	0.001150417	0.003901107	0.00016675200000000002	8.14e-05	0.045181877	0.001678475	0.001822807	0.090463015	0.000287729	0.001996418	0.00015073299999999998	0.0040894090000000004	0.002292724	0.0020735379999999998	0.000192726
26	C>G	GCG	G[C>G]G	0.000217564	6.1e-16	0.006350356999999999	0.007581867	0.0038837740000000004	3.48e-16	0.000106499	0.00074625	0.000582652	0.001705908	0.0013060510000000001	0.0015781229999999999	6.31e-16	4.3099999999999995e-16	7.62e-06	0.000299722	0.000666084	5.46e-16	1.62e-05	0.00026517099999999997	6.39e-05	6.72e-16	0.001485565	0.001397465	0.0015925610000000002	0.000342464	0.000631405	3.94e-18	0.006319471	0.001102766	0.000220111	0.0	7.68e-16	1.4499999999999998e-05	0.000273646	0.001106189	0.000166879	0.0001294	7.93e-16	0.001425603	0.000426796	0.001800797	0.002291258	0.0239367	0.003235172	0.00048277199999999996	0.000523661	0.033208327999999995	1.81e-17	0.001491365	0.0	0.001485539	6.21e-05	5.07e-05	0.007177195	0.0007362180000000001	0.0023901770000000003	0.0059903790000000005	0.003888768	0.015145456000000002	1.6100000000000002e-05	0.005534705	0.0049205740000000005	0.000807616	0.000539793
27	C>G	GCT	G[C>G]T	1.32e-16	0.000165973	0.017444841000000003	0.00315758	0.007788609	0.000227207	4.48e-05	0.000277521	0.001878359	0.001247742	0.0058771990000000005	0.011723046	4.52e-05	9.93e-05	0.000197493	0.000715513	0.0033792659999999997	8.93e-05	0.00032794300000000003	0.004763787	0.000958141	3.04e-16	0.001294845	0.000338265	0.0031427359999999997	0.000272698	0.000615962	3.93e-18	0.0030699940000000004	0.002374925	0.00041022599999999997	0.006394755	3.47e-16	0.003062063	0.000421131	0.003673407	0.000250303	0.001168127	4.34e-05	0.009526944	0.001175442	0.0017966079999999999	0.00092659	0.035558068	0.008549700000000002	0.004976047	0.0029379329999999998	0.02109241	0.001971974	0.0009023910000000001	0.000728765	0.0032117870000000002	4.2499999999999996e-05	0.00012963799999999998	0.016501669	0.003561015	0.00108547	0.00051745	0.005457058000000001	8.159999999999999e-05	2.27e-06	0.000585983	0.0014036539999999998	0.00229821	7.759999999999999e-05
28	C>G	TCA	T[C>G]A	9.88e-17	2.06e-16	0.011738662	0.0027773040000000004	0.006759908	2.6300000000000002e-05	1.78e-16	0.000189391	0.002121639	0.003946182	0.0013283429999999998	0.002748954	5.2900000000000005e-05	1.45e-16	1.24e-05	0.001025923	0.295505481	1.63e-05	0.00011580399999999999	0.0027613240000000003	0.00341326	0.00016274899999999998	0.0016782589999999999	0.0013853910000000001	0.000100172	0.000643799	0.003597285	0.00015320200000000001	0.002545235	0.008711942	0.001320044	0.003004445	0.00013417	7.62e-05	9.990000000000002e-05	0.000323183	3.86e-18	0.012183305	7.440000000000001e-07	0.005393367	0.0033273459999999997	0.001885577	0.002008593	0.028405086	0.011446996000000001	0.02076399	0.00044258599999999997	3.87e-06	0.00053551	0.002383837	0.002538735	0.000148767	6.63e-05	2.23e-05	0.000805281	0.0019088120000000002	0.001576631	0.002518565	0.0038674770000000002	0.006302763	0.0010925169999999999	0.002287475	0.002066518	1.78e-06	0.00047629599999999997
29	C>G	TCC	T[C>G]C	0.00011570299999999999	0.00011684799999999999	0.023103027	0.005917276999999999	0.008446506999999999	7.65e-05	5.2000000000000004e-05	0.00155409	0.006468313000000001	0.000796288	0.001553285	0.002623737	2.73e-16	1.8600000000000001e-16	0.000228268	0.002108276	0.07606057599999999	0.000159895	4.26e-05	0.007383751	0.00084429	8.06e-05	0.004668014	0.003161676	2.8100000000000002e-05	0.000796974	0.0019678029999999997	0.000247862	0.004862094	0.003727143	0.0009618469999999999	0.004178205	0.000203385	0.006241659	0.000997868	0.00305832	0.001160714	0.00301057	0.00021610900000000003	0.005881742	0.002590585	0.001497562	0.00211316	0.038578865	0.016495972	0.019014859	0.001900089	0.001156275	9.6e-06	0.0018644170000000002	0.002792657	0.001640217	0.000217984	9.159999999999999e-05	0.0005467369999999999	0.004313181	0.001473654	0.004315026	0.000547132	0.0037579159999999996	0.000364791	0.003605176	0.002241192	0.0020335220000000003	0.00040163300000000004
30	C>G	TCG	T[C>G]G	6.51e-05	8.05e-05	0.00097318	0.003009895	0.003138957	2.18e-06	1.07e-05	0.0005754369999999999	2.0300000000000002e-05	0.001951922	0.000149338	0.00087423	4.5e-16	3.0800000000000003e-16	3.73e-16	0.00048009400000000003	0.027312117	3.2200000000000003e-05	6.7e-05	0.001022917	0.0007308760000000001	3.34e-05	0.001491155	0.00073766	0.000204251	0.000130616	0.0008159710000000001	3.94e-18	0.001940665	0.003872833	0.000200342	2.84e-05	6.08e-05	0.0013523270000000002	0.00017622	0.000718792	0.001730956	0.00015936799999999998	5.66e-16	0.000267727	0.000535265	0.0019161389999999999	0.001753531	0.01667263	0.0033754040000000003	0.004263555	0.000346986	0.002722395	1.29e-17	0.000272985	0.000191962	0.0	2.8999999999999997e-05	6.24e-05	0.00018881	0.004267003	0.000978254	0.002670908	0.002147419	0.000432831	0.00017173900000000002	0.002825075	0.0012940669999999999	0.000650656	0.000125616
31	C>G	TCT	T[C>G]T	0.000688879	0.001086123	0.020714512	0.002608728	0.010755488999999998	6.77e-05	0.000223038	0.0005316709999999999	0.013391075	8.98e-05	0.00022386099999999998	0.005733749000000001	5.18e-05	2.8300000000000003e-05	0.000146701	0.003218965	0.34359256	0.000265579	9.39e-05	0.031221805	0.000256312	0.001518779	0.00248167	0.001271156	0.0008682119999999999	0.00067415	0.00039124300000000005	0.00033739	0.00275672	0.014540508999999998	0.002214445	0.002223453	0.00016606	0.00023858200000000001	8.55e-05	0.0034505240000000004	0.0005653009999999999	0.018776775	0.00258373	0.017165184	0.006328821	0.0026803129999999997	0.002970018	0.041349127	0.021557508	0.04640435	0.00030079900000000003	0.00021893599999999998	0.002055032	0.002369534	0.004430182	0.000993417	7.159999999999999e-05	0.000252345	0.000362813	0.0030934929999999997	0.00191689	0.002512244	0.00025573	0.001878343	0.000396239	0.012905571999999999	0.017510729	0.001148397	0.000683464
32	C>T	ACA	A[C>T]A	0.010494426000000001	5.3299999999999995e-05	0.0118822	0.006378737	0.026701272999999998	0.032007145	9.2e-05	0.000993123	0.0013785779999999999	0.0033242840000000003	0.005805488	0.007828369	0.000935959	0.00033970699999999996	0.019371015	0.0055240390000000006	0.006338821999999999	0.009717624000000001	0.002591488	0.001834833	0.001050268	0.000548719	0.006818146	0.020874203	0.036207384	0.002022383	0.001679247	0.015518889	0.007562435	0.017647375	0.002530562	0.013563583999999998	0.0008572860000000001	0.003427849	0.079056439	0.013661484	0.066989382	0.004702822	0.004004571	0.0016961320000000002	0.0047172709999999994	0.006207606	0.002464425	0.007428258	0.017040199	0.009749588	0.016772777	2.4e-05	0.06765253	0.000910853	0.013033905	0.004353382	0.00013178	0.000253237	0.002879045	0.031557799	0.002025756	0.0045968779999999996	0.001154219	0.004314383	0.006766327	0.030932188	0.07386300900000001	0.002815723	0.002348715
33	C>T	ACC	A[C>T]C	0.003426554	0.001555379	0.013412341000000001	0.003956449	0.018973574	0.01478085	0.017193263	0.034747017000000005	0.010270406	0.001806268	0.0031100409999999996	0.006774528	0.000972506	0.004198192	0.142682066	0.002742193	2.5299999999999997e-16	0.010213036	0.00458003	0.005017501	0.0019030129999999998	8.740000000000001e-05	0.004461001	0.013644041	0.012359468	0.004717227	0.000272444	0.071735164	0.009314644	0.014286417	0.0031269229999999998	0.006937799000000001	0.004824831	0.003752751	0.087228228	0.009270622	0.12335630199999999	0.002438104	0.005465443	0.0039701929999999995	0.0033579440000000003	0.003931522	0.0019840770000000003	0.004046201	0.013467081	0.004286839000000001	0.038530849	0.000136907	0.016442945	0.000531352	0.0098671	0.001238804	0.00025969700000000003	0.00017263400000000001	0.001898393	0.006433532	0.002041096	0.001612718	0.000533397	0.000254344	0.001160917	0.015825276	0.008019483	0.002658498	0.001470714
34	C>T	ACG	A[C>T]G	0.306757144	5.720000000000001e-05	0.0043095	0.001150226	0.010142525999999999	0.12026559699999999	3.37e-16	0.0007688910000000001	0.0019236320000000002	0.002414494	0.0055250640000000005	0.008493123	0.010074277	0.000513951	0.0114035	0.000236449	0.0005363	0.041666725	0.076645614	0.0068185	6.809999999999999e-05	0.00055266	0.018146906	0.0023266	0.019618596999999998	0.013814311999999999	0.002613223	0.011994948	0.000660888	0.033153255	0.01015704	0.013323073999999999	0.015601598000000001	0.027147382999999997	0.021534865	0.011748825	0.05691026	0.01272046	0.000269398	0.000894092	0.011215194	0.012630478	0.007405883	0.009321366	0.000463281	0.00678815	0.0006607510000000001	0.0020241210000000003	0.021581838	0.007414301999999999	0.007910735	0.006226889	0.00110982	0.0017744689999999999	0.022849883999999997	0.009983053	0.006149975	0.008880192	0.000536474	0.009008189	0.002787359	0.033491433	0.015880711000000002	0.0036929740000000003	0.007188605
35	C>T	ACT	A[C>T]T	0.0040997659999999995	0.0016619870000000002	0.0103666	0.0031836890000000004	0.018401739	0.010881483999999999	0.005711206999999999	0.007828418	0.007904544	0.033548149	0.010936495	0.006402476	0.0027570809999999998	0.005015234	0.083766781	0.002435609	0.000286828	0.012911589	0.000933647	0.006379755	0.000647758	0.00014403	0.006037341999999999	0.028102198999999998	0.00973027	3.96e-05	0.0006016309999999999	0.024554604	0.005995989	0.004921212	0.002706283	0.0045315270000000005	0.005709271	0.0012591219999999999	0.022294545	0.007964504	0.120348015	0.002779464	0.00449756	0.0007070430000000001	0.003481258	0.005743071999999999	0.001777745	0.010126338	0.014961023	0.006402001	0.02692851	0.000769135	0.023295911000000002	0.000851318	0.005957343	0.002591076	0.000110138	0.00018648400000000003	0.005775738000000001	0.002875344	0.001356183	0.001261934	0.003975939	0.0006693789999999999	0.002653092	0.014928853999999998	0.006852692	0.002487502	0.00025938700000000003
36	C>T	CCA	C[C>T]A	0.001097653	0.004926923	0.017609846000000002	0.012181608	0.020826336	0.008917017	0.04927281	0.098473848	0.00366738	0.046490275	0.002975348	0.009153856	4.34e-05	0.00012259600000000002	0.003991039	0.008636155999999999	2.23e-05	0.002799404	0.007265410999999999	0.009755266	0.000924095	0.00057544	0.011362316	0.116484241	0.010213103000000001	0.001640741	0.001510989	0.055791004000000005	0.004513626	0.015769017	0.002103827	0.022538423999999998	0.00042140300000000004	0.006705157	0.107678137	0.041604685	0.017154314	0.005321266	0.0070774309999999995	0.005130244	0.006982352	0.004698061	0.003956545	0.009222463	0.022200942	0.008921291999999999	0.018319725	8.25e-06	0.0035149	0.0019180339999999999	0.031861755	0.001151705	1.09e-05	0.00027102	0.004104342	0.0037238840000000002	0.003216697	0.012184458	0.0034385609999999997	0.008008593	0.00035649900000000003	0.018496932	0.009711807	0.002693502	0.0016932129999999998
37	C>T	CCC	C[C>T]C	0.000178702	0.000234025	0.02674076	0.013305543999999999	0.024501781	0.01166967	0.06568758799999999	0.203172884	0.009746623000000001	0.004100857	0.005409958	0.013350233000000001	3.1800000000000004e-16	8.25e-05	0.149276264	0.00040155599999999996	0.001880533	0.00170691	0.008987057	0.004659674	0.0023365179999999997	8.94e-05	0.007915835999999999	0.10846326	0.015057233	0.007582529	0.004819029	0.204885431	0.008967012	0.007880523	0.004254747	0.011159613999999998	0.000365774	0.0017435920000000002	0.121437072	0.19983224300000002	0.034804659	0.002143989	0.000924237	0.100992156	0.008347679	0.0032965340000000003	0.005328485	0.004718701	0.023643647	0.002882028	0.056858987	5.6800000000000006e-18	0.0033977190000000004	5.47e-05	0.018004443000000002	0.007411116	0.000217921	0.00034254099999999997	0.005480611999999999	0.006540526	0.002155074	0.004627233	0.000278248	0.005331567	0.000766501	0.018124895	0.014369441	0.000463869	0.002529936
38	C>T	CCG	C[C>T]G	0.25262987600000003	0.007435575	0.005772596	0.007478151999999999	0.044129304	0.18819525899999998	0.015563823999999999	0.048054339	0.028492647000000003	0.008112026999999999	0.003926671	0.019387498	6.2e-16	0.007051159	0.002127697	0.000126277	0.005424796999999999	0.028171116	0.039130507	0.002215527	0.005032797	0.00160838	0.038441282	0.036089874	0.037358215	0.017848422	0.001255513	0.03005112	0.01256395	0.029955191000000003	0.009794899000000001	0.022884177000000002	0.008688578	0.031755244	0.038686295	0.019505569	0.026793541	0.01604889	0.033154776000000004	0.006340642	0.013002877	0.010038319	0.007693961	0.018066953	0.006277779	0.030716436	0.004430761	0.00024781900000000003	0.035948121	0.004639912	0.021934573	0.004773225	2.65e-05	0.0018674479999999999	0.002709922	0.056115042999999996	0.005527226999999999	0.02693337	0.06801943	0.000171476	0.022403122	0.018715143	0.022594256	0.002440804	0.010666688
39	C>T	CCT	C[C>T]T	0.00010795200000000001	0.001669196	0.025357572000000002	0.015383829	0.024827268	0.009049869	0.056001393	0.116880709	0.027969141	0.000181331	0.016264591999999998	0.014099421000000001	0.00012218100000000001	0.00048404599999999997	0.06425985599999999	0.004454528	0.001685279	0.001403235	0.010545888	0.026358443	0.001962344	0.00017229099999999998	0.0064799440000000005	0.252970129	0.011261553	0.00039745	0.002015074	0.140869902	0.0036197020000000002	0.015074295	0.002066547	0.009308964	0.004816669	0.000596019	0.045291539000000006	0.147175005	0.043617915	0.003143799	5.2900000000000005e-05	0.047524722	0.005984855999999999	0.007936021	0.0038430540000000003	0.007119521	0.024536001	0.010031139	0.032396216	0.0008093989999999999	0.004987654	0.002452929	0.007216928	0.004025831	0.000288901	0.000300278	0.012801916000000002	0.00469733	0.002546476	0.013438583999999998	0.0038048870000000003	0.0007983039999999999	0.0006108390000000001	0.039928634	0.033423531	0.002282596	0.0028127020000000003
40	C>T	GCA	G[C>T]A	0.002466236	2.58e-16	0.018240286	0.003975623	0.021057563999999997	0.062001735999999995	8.48e-05	0.000801011	0.00021549099999999997	0.000483586	0.000312687	0.00893753	5.05e-05	0.000297994	0.019590092	0.005948841999999999	0.008403339000000001	0.017815405	0.05009549	0.008964831	0.001867498	7.79e-05	0.009512628	0.060408098	0.041079799	0.011501623	0.00301432	0.048796007999999995	0.025444976	0.011190161	0.00347246	0.01863844	0.004755502	0.009285484	0.049108299	0.006958263	0.023219744	0.006277935	0.000351745	0.007430843	0.0038969020000000003	0.0033703759999999996	0.002240245	0.008241441	0.016411017	0.007862689	0.033355199999999995	0.0008401260000000001	0.09527853	0.0009078539999999999	0.014324149	0.001430337	0.000209717	0.000107225	0.002617643	0.005219252	0.001769931	0.007751912	0.00022953400000000002	0.007275762	1.15e-05	0.006465818000000001	0.00824761	0.002318492	0.0013976470000000001
41	C>T	GCC	G[C>T]C	6.52e-05	1.8899999999999999e-07	0.018855654	0.005481774	0.029685582000000002	0.093137342	0.014767008	0.031111217000000004	1.65e-05	0.00030336400000000003	0.000350651	0.010582293999999999	0.01892134	0.015688449	0.14519600400000002	0.00305522	0.001363211	0.010735056000000001	0.110989005	0.009223444	3.2e-16	0.000253803	0.010158804	0.049749817	0.065518029	0.030642422000000002	0.002994181	0.17734025899999997	0.047002695	0.009805693	0.008698872	0.033372165	0.00034747099999999997	0.008989828	0.076288434	0.014755839	0.049232358	0.007627824	4.2400000000000004e-16	0.022923658	0.004515122	0.00385866	0.0035415909999999997	0.005835933000000001	0.016789341	0.014298072	0.190868813	5.69e-18	0.102726667	0.0010704310000000002	0.0064710969999999994	0.002922917	5.69e-06	8.690000000000001e-05	0.002171418	0.0045614159999999996	0.00153527	0.012753735	0.01713295	0.002138007	0.0007759010000000001	0.011027085	0.004847035	0.0028242090000000003	0.002061118
42	C>T	GCG	G[C>T]G	0.28704413	6.1e-16	0.001386423	0.0011080460000000001	0.031511856	0.279340085	1.3000000000000001e-05	0.00039078	0.0001113	0.0004919480000000001	0.005101427	0.014409518999999999	0.042035792	0.024490613999999997	0.004192914	0.000234374	0.000492906	4.73e-05	0.445474045	0.003825223	0.004341264	0.002576658	0.034387699	0.007510920999999999	0.047203722000000004	0.000126655	6.66e-16	0.026487795	0.051109811	0.027604777999999996	0.019930838	0.029092563999999998	0.000744588	0.038649465	0.012248114	0.004768473	0.025358161	0.016220124	0.059783242	0.006111673000000001	0.014151400000000001	0.013489042	0.010031846	0.013308307	1.07e-17	0.052919281	0.010684565	2.51e-05	0.11705623300000001	0.0032415409999999997	0.004033765999999999	0.0055127	0.000436278	0.001433055	0.014107531000000001	0.011809958	0.006665381	0.011972076000000002	0.046714133	0.031508904	0.0059071359999999995	0.025114469	0.02117861	7.3e-18	0.008970406
43	C>T	GCT	G[C>T]T	2.2800000000000002e-05	6.23e-05	0.013408666000000001	0.003953438	0.021535467000000003	0.052682772999999995	0.017187111	0.005388623	0.0011114389999999999	0.059550247	0.00557143	0.014697122	0.017279938	0.027961882	0.074010563	0.003790987	0.001584561	0.011687844	0.056105401	0.009900262	8.04e-05	3.04e-16	0.007022223	0.114776769	0.034440225	0.010609017	0.0023813470000000002	0.104073733	0.018450175	0.01170045	0.006708141999999999	0.010643901	0.000159366	0.004884038	0.018711041	0.006231673	0.058400426	0.004928821	0.000834436	0.006569483	0.0040628570000000004	0.00326457	0.003233523	0.009441686999999999	0.015514324	0.011755212	0.09174411800000001	0.002179549	0.070991077	0.001926717	0.004858432	0.005828028000000001	7.140000000000001e-05	0.000192059	0.018837883	0.007429888000000001	0.001086445	0.002800274	0.000273958	0.00632643	0.00107499	0.0083059	0.006537388000000001	0.003011833	0.001078554
44	C>T	TCA	T[C>T]A	0.00049104	0.494004294	0.005099790999999999	0.002896723	0.017581358000000002	0.006329466	0.189663567	0.004932786	0.018911761000000003	0.000219018	0.004547679000000001	0.004362899	0.000349352	0.001783705	0.0077583209999999994	0.005849713	0.006465699	0.0029369559999999997	0.014360137	0.006996626	0.00048407400000000003	0.000109375	0.008921825999999999	0.034625442	0.0062637380000000005	0.0035426890000000003	0.001610766	0.011108925	0.0016283410000000002	0.009848906	0.003312952	0.019680683	0.005646735999999999	0.004550228	0.077287865	0.006104564	0.020290812	0.013784498999999999	0.00224103	0.002404124	0.008985845	0.004228793	0.004864081	0.003178838	0.027453051000000003	0.012207974	0.003816211	3.2500000000000004e-05	0.001113989	0.001736651	0.016773787	0.007807769	0.000104051	8.690000000000001e-05	0.016773425	0.0015865	0.001169474	0.0038595009999999996	6.1400000000000005e-18	5.1999999999999995e-11	0.000193366	0.008166686	0.004162142	0.000122176	3.66e-05
45	C>T	TCC	T[C>T]C	2.12e-05	0.115194935	0.015085178999999999	0.006953013	0.025516504	0.00713748	0.33861036299999997	0.202265074	0.019302565	0.007652437	0.000292115	0.009611779	0.003373797	0.040725596	0.160923373	0.003595095	0.0053711209999999995	0.000145668	0.006655406	0.005195918	0.000105734	0.00078772	0.01143596	0.025346958	0.009152931	0.00010190399999999999	0.001708216	0.040626941	0.010630565	0.007358182	0.0032643090000000004	0.010734358999999999	0.006186595	3.3e-18	0.135151696	0.025765299	0.040732725	0.00380939	0.00044660699999999996	0.013115023	0.007364174	0.0033762809999999996	0.007002375999999999	0.0055468869999999995	0.027096019	0.008663812	0.03322616	5.6800000000000006e-18	0.002297642	0.001876257	0.014661451	0.051327358	0.000197353	0.000347564	0.114838889	0.0021099179999999997	0.0015571320000000001	0.004984589	0.000699525	0.004708853	0.000228305	0.02227484	0.019050133	0.00027282900000000004	0.00110636
46	C>T	TCG	T[C>T]G	0.10324442800000001	0.086418909	0.001851745	0.000461686	0.029079111	0.058185115	0.12484562199999999	0.09081883800000001	0.000107477	0.00391353	7.96e-05	0.007059141	0.005625336999999999	0.605119676	4.94e-07	0.00019847700000000002	0.002358386	0.00935155	0.02438315	0.007037298000000001	0.00034112199999999996	0.000134309	0.019636239	0.007224866	0.004344814000000001	0.000659733	8.070000000000001e-05	0.004411836	0.003866983	0.026510031	0.0056081609999999995	0.010217391999999999	0.004300802	0.02170959	0.02454892	0.014548625	0.017089665	0.007632870999999999	0.000764505	0.00131717	0.006896818000000001	0.007632486	0.005548906	0.008418247	0.004092472	0.010868751999999999	0.00061016	5.69e-18	1.29e-17	0.002685905	0.007102609	0.004425822	0.00041298400000000003	0.000920143	0.007255709	0.012787815	0.003692417	0.014526826000000001	2.08e-13	0.009091345	0.00031523	0.009770935	0.0068606119999999994	7.3e-18	0.003305137
47	C>T	TCT	T[C>T]T	9.85e-17	0.276381113	0.007210554	0.0055790069999999995	0.018167104	0.003683042	0.085091985	0.076035453	0.002528693	0.052628852999999996	0.004740319000000001	0.00555538	0.021712525	0.083632773	0.094504807	0.00646731	0.0013195770000000002	0.000297346	0.0009417480000000001	0.024210218999999998	0.000315644	0.000907755	0.0029345459999999997	0.049508623	3.87e-05	7.170000000000001e-05	2.2400000000000004e-16	0.019041557	0.003189425	0.011009907	0.002140118	0.01242211	0.002312373	0.00303908	0.041331794	0.015869153	0.054733319	0.008442222	0.000970134	0.006518474000000001	0.00694774	0.006127711	0.004948807	0.0034489729999999997	0.020371212	0.011965247	0.011921432	0.0007292039999999999	0.002396215	0.0021290379999999998	0.003978123	0.08692875300000001	2.83e-06	0.00014476799999999998	0.07046103299999999	0.039368164	0.001308146	0.005179218	0.000194059	0.027952586	7.91e-05	0.037216069	0.17317239899999998	0.001579281	0.0035077579999999997
48	T>A	ATA	A[T>A]A	0.000232093	5.79e-05	0.003180002	0.004783445	0.0041861929999999995	3.4e-05	0.001009579	0.001220271	0.008916953	6.15e-05	0.011518292	0.008491726	3.17e-05	0.000780665	0.00021665900000000001	0.0035890920000000003	1.3600000000000002e-16	0.000333325	0.000724575	0.016624396	0.000602736	4.1700000000000004e-05	0.001277278	0.000406226	0.000259963	0.002231486	0.042291415	3.93e-18	0.000701742	0.011898021000000002	0.0010013469999999999	0.098054631	0.000131613	0.000288717	0.00018758799999999998	0.004201703	0.000383023	0.000532494	0.08130784099999999	0.002607445	0.001335077	0.0015488639999999998	0.000981481	0.002844754	0.0036522559999999996	0.005098546	0.006897421999999999	0.008766336999999999	0.002491325	0.000248467	0.001603515	0.097157101	0.000209948	3.9399999999999995e-05	0.0030329759999999997	0.068853782	0.0009242539999999999	0.002598858	0.000516372	0.002491068	3.2e-06	0.002155485	0.015569526	0.000993563	0.00234388
49	T>A	ATC	A[T>A]C	0.000988182	0.0008084260000000001	0.006366679	0.00272787	0.005992076999999999	0.00028796599999999996	0.000532524	0.000347918	0.003739957	0.001138153	0.019212359	0.00287473	0.000184686	0.000220435	0.00034933800000000004	0.002861978	6.07e-05	0.000308288	0.000455185	0.008502461999999999	0.000905322	0.000293402	0.0006867389999999999	0.00020073099999999997	0.0040210590000000004	0.0055505730000000005	0.007078133	4.02e-18	0.001521746	0.007893769	0.003538215	0.001525975	0.0005564680000000001	0.0014219179999999999	0.00030984	0.004945998	0.0007257639999999999	0.001062408	0.053321812	0.005975836	0.0011947210000000002	0.0017410720000000002	0.0014613629999999998	0.002349763	0.004049339	0.004479591	0.003169874	0.0033012690000000003	0.002065562	0.00035899	0.001629461	0.00770655	0.000128761	3.6200000000000006e-05	0.003403122	0.0012586869999999999	0.000940611	0.0017384260000000002	0.0026263809999999997	0.000550842	0.004141133	0.006440871999999999	0.001414245	0.001891971	0.000200696
50	T>A	ATG	A[T>A]G	0.000481827	2.25e-05	0.008140286	0.009142925	0.007536955	1.1200000000000002e-16	0.00044602	0.001109001	0.00022040799999999998	0.0037332190000000003	0.019616117	0.002694557	2.0299999999999997e-16	1.4599999999999999e-05	2.98e-05	0.0031516120000000003	0.000525456	0.000280783	0.000279414	0.009249849000000001	0.000173685	6.38e-05	0.0019446539999999999	0.000717022	0.000224873	0.000232533	0.058424025	0.000245322	0.001292773	0.005296861	0.00059992	0.001228968	0.00016952299999999998	0.0016855320000000002	0.00048028	0.0039180859999999994	0.00055703	0.000622361	0.039786103999999996	0.001030439	0.0020226529999999997	0.0024958429999999998	0.000777385	0.005420255	0.006047337	0.0030175420000000002	0.0037859609999999996	0.001193895	8.2e-07	0.0014676939999999999	0.000432695	0.00766894	0.000215293	0.000107073	0.00047260300000000004	0.032671179	0.0009009889999999999	0.001847935	0.003329264	0.00690183	0.000473391	0.005553956	0.004342955	0.001589255	0.000302788
51	T>A	ATT	A[T>A]T	5.93e-05	1.5e-16	0.003942853	0.002381384	0.003914998	0.000639328	0.00215518	0.00451946	0.040444216	0.031645863999999996	0.016442723	0.014061303999999998	0.004632811	0.0013596889999999999	1.97e-06	0.002181219	0.000412376	0.001118867	0.00377416	0.008849036999999999	0.000971595	0.000469649	0.004484388	0.00037691300000000004	0.014526637	0.001146975	0.0018499389999999999	8.53e-05	0.0008907219999999999	0.009635179	0.002251205	0.001940342	0.00144997	0.0010184760000000001	0.00028201	0.002477471	0.000504874	0.0034639270000000003	0.27730067	0.00437654	0.001874241	0.002123749	0.0014993979999999999	0.003655029	0.007151855	0.052994308	0.003957657	0.002732014	0.017884045	0.000319133	0.00132328	0.053138862	0.000239244	0.000120244	0.0015210929999999998	0.020049298	0.000689233	0.002274611	0.000181127	0.002553728	0.020460204	0.004619693	0.006208996	0.001551364	0.000478012
52	T>A	CTA	C[T>A]A	1.51e-05	0.00017742599999999998	0.005559939	0.008833414	0.002423891	2.78e-05	0.00011122799999999999	0.0006641560000000001	0.0030054340000000004	0.001348773	0.013528063	0.0038703659999999997	1.68e-16	3.6700000000000004e-05	0.000115692	0.00045726	0.000154395	0.000102085	0.000149283	0.002792276	0.00031189200000000003	7.53e-05	0.000336285	5.9999999999999995e-05	8.83e-05	4.82e-06	0.10266891199999999	0.000265395	0.000706428	0.01849738	0.000750673	0.274144857	0.000129278	0.001098593	0.000133673	0.013301176999999999	0.00021057900000000002	0.0005522740000000001	0.0225799	0.033815762	0.000832455	0.001304807	0.000535362	0.00319971	0.00079041	0.002988382	0.007892702	0.000941208	7.81e-06	0.000398601	0.0030128570000000003	0.011956045	3.3100000000000005e-05	2.7300000000000003e-05	0.000131755	0.004505954	0.000767675	0.001964729	4.8599999999999996e-18	5.22e-05	0.000910262	0.00507215	0.001903623	4.22e-05	4.73e-05
53	T>A	CTC	C[T>A]C	0.00021096599999999999	0.00027255	0.019141728	0.01149549	0.005443994000000001	0.000352667	0.000252333	0.000867771	0.017738082	0.000104068	0.031955411	0.003876077	2.58e-16	8.41e-05	0.000203465	0.0071909109999999995	0.000387291	0.002969793	0.000160492	0.007597585	0.044638643	0.002765729	0.002904285	0.00038584	0.006101505	0.0008208180000000001	0.06752300900000001	3.93e-18	0.0015350560000000001	0.017030489	0.001762264	0.0035662890000000003	0.0019077000000000002	0.001217249	0.000743403	0.020876772	0.000645801	0.001126089	0.000596424	0.032508069	0.0014754470000000002	0.00148545	0.001847887	0.006393103000000001	0.008440405	0.004035304	0.001650979	1.28e-05	0.003135191	0.000912965	0.0036274479999999997	0.0007459319999999999	5.9999999999999995e-05	2.8999999999999997e-05	0.000560661	0.001685605	0.000223004	0.003674775	0.0007318019999999999	1.19e-06	0.001141659	0.008015576	0.026229636	0.0015057520000000002	0.0005613619999999999
54	T>A	CTG	C[T>A]G	0.000189957	0.000181783	0.015489553999999999	0.033346759	0.005738283	8.03e-05	0.000117906	0.0008721110000000001	0.001390746	0.001669805	0.032888383	0.007167557	2.81e-16	1.92e-16	0.00031958400000000004	0.001980898	0.000279257	0.00034744699999999997	5.88e-05	0.00150297	0.01490495	0.000963454	0.0033301359999999996	0.00030655200000000003	0.000126168	0.000162079	0.224807046	0.00012676	0.0045169929999999995	0.073918372	0.001521886	0.006092049	0.001244666	0.001864773	0.000612157	0.020184736	0.001527455	0.000593157	0.0018584329999999998	0.06258301	0.0023687129999999997	0.0022292460000000003	0.00178015	0.007364919	0.004180957	0.00430567	0.015602711000000002	0.00034245	0.0006124969999999999	0.0032601559999999997	0.005156515	8.3e-05	0.000198802	0.000142886	0.000589753	0.008035612	0.001292776	0.002940915	0.002094038	0.018891856999999998	0.002033177	0.001711747	0.001100969	0.00014	4.5399999999999996e-07
55	T>A	CTT	C[T>A]T	0.000119561	2.14e-16	0.011660147	0.009470353	0.00386596	9.82e-05	0.000307084	8.66e-05	0.055330233	0.001266248	0.039197515	0.0047102279999999995	0.000372971	0.0001588	0.00013374600000000002	0.0016508579999999998	0.000506932	0.0011935189999999999	0.000590995	0.007455532	0.068311471	0.008221139	0.0018427970000000002	0.00017868799999999998	8.209999999999999e-05	2.27e-16	0.063338352	0.00028282299999999997	0.003383299	0.033821624	0.0006706739999999999	0.005904525	0.001251738	0.0014645370000000001	0.000501765	0.026279529	0.000564727	0.001085408	0.00033459699999999995	0.056056025	0.0016998270000000001	0.00224952	0.001846891	0.007036105	0.00881129	0.009765295	0.006225641	0.00018444900000000002	1.1400000000000001e-05	0.0010094239999999999	0.003390508	8.51e-05	0.000182758	5.13e-05	0.000187815	0.003502918	0.000707437	0.00602053	5.6999999999999996e-05	0.004849878	6.12e-06	0.011150853	0.0013101039999999999	0.002924017	0.000123865
56	T>A	GTA	G[T>A]A	3.12e-05	1.78e-16	0.005416859	0.006192276	0.002751517	2.34e-05	0.000276528	0.000340756	0.0016429670000000002	2.17e-05	0.009983694	0.0023432270000000002	2.74e-06	1.26e-16	1.06e-06	0.000758545	5.42e-06	4.15e-05	0.00024029400000000003	0.0008958719999999999	5.0900000000000004e-05	8.58e-05	0.001083963	0.000129569	3.74e-05	0.000999078	0.04703238	3.93e-18	0.000925504	0.027915245	0.000682876	0.099827217	0.00011779700000000001	0.002117388	0.000225105	0.0013442520000000002	0.00624616	0.000657226	0.019840825	0.000505526	0.000637753	0.001052629	0.000583607	0.003522958	0.002096377	0.002107597	0.00823646	0.004686399999999999	0.000800175	0.00018826299999999998	0.004794719	0.01494415	5.4600000000000006e-05	2.0300000000000002e-05	0.000548581	0.016451536	0.00036129300000000005	0.00259918	0.001665654	0.001880644	0.000352025	0.0028962740000000003	0.00174102	0.000167603	8.55e-05
57	T>A	GTC	G[T>A]C	7.37e-05	0.000155357	0.008506385	0.003590274	0.0032345459999999996	0.00033240300000000005	0.00022930700000000002	0.000245543	0.0031867759999999997	0.00015154600000000002	0.015660448	0.0027789509999999996	2.73e-16	0.000103334	0.000382013	0.002459035	0.000155774	0.002913198	0.000410671	0.000860028	0.003973195	0.000453145	0.001969411	7.900000000000001e-05	0.002559568	0.004129975	0.013299631000000001	0.000130697	0.002050818	0.006684102	0.001486536	3.16e-05	0.00017639200000000001	0.00072238	0.000184325	0.0030535320000000003	0.008667023000000001	0.000435636	0.003738967	0.005810484	0.000678254	0.001047295	0.001082167	0.0037016220000000003	0.004032092	0.0030722009999999997	0.0018730939999999998	0.00149584	0.002414467	0.00059344	0.0011657780000000001	0.00031659900000000004	7.730000000000001e-05	5.45e-05	0.00116842	0.004607512	0.00040760000000000004	0.0023399320000000003	0.009531714	0.00021235099999999997	0.002946148	0.0007701089999999999	0.000780891	0.0019337120000000002	0.000127285
58	T>A	GTG	G[T>A]G	0.00012599	6.809999999999999e-05	0.011837412	0.011747046	0.004114704	0.000119331	0.000266825	0.0005668240000000001	2.81e-16	0.001653652	0.016316873	0.0009309489999999999	8.06e-05	1.68e-16	0.000109651	0.003083088	5.08e-05	0.000115067	0.00011709700000000001	0.007067025	0.0007315119999999999	0.000283588	0.001658774	0.00044387800000000004	0.001914277	0.0008448510000000001	0.043848135999999996	3.93e-18	0.001955081	0.039352627	0.00070722	0.0019023	9.690000000000001e-05	0.0030165490000000003	9e-05	0.005450369	0.012407508000000001	0.000896265	0.009106275	0.001051299	0.001132486	0.0013199000000000002	0.001057403	0.006317884	0.004662552	0.001726994	0.0071203840000000004	0.0045560290000000005	0.002035364	0.000862511	0.002518649	1.63e-05	8.03e-05	5.94e-05	0.00019899400000000003	0.0046204359999999995	0.001187361	0.003091075	0.00251974	0.012916157	0.00048790300000000003	0.002856628	0.022907978	0.000443984	0.000375348
59	T>A	GTT	G[T>A]T	0.000107375	5.44e-05	0.010251991	0.004016912	0.002617313	0.000123333	0.000229078	3.9200000000000004e-05	0.020850598999999997	0.008693883000000001	0.023786052999999998	0.00245919	0.00038172099999999996	6.65e-05	0.000121974	0.0009100569999999999	0.000313527	0.000668355	0.000428024	0.000998484	0.004099204	0.0015078479999999998	0.002550346	0.000209667	0.003137728	0.000866252	0.008854282	3.94e-18	0.0008360080000000001	0.016845083	0.000787666	0.0	0.00035544699999999995	0.0007157839999999999	0.000141302	0.000604917	0.004743654	0.001550283	0.008458512	0.002184492	0.000881585	0.0016652770000000002	0.001306502	0.003142662	0.004954602	0.004430595	0.002417323	0.0010765	0.002377091	0.00034641800000000003	0.0010221310000000001	3.32e-06	0.00010520000000000001	5.73e-05	0.0006378719999999999	0.00012807200000000002	0.000605705	0.001965048	0.001433153	0.0042940009999999995	0.004877417	0.007474129	0.0025246739999999998	0.001075363	0.00053883
60	T>A	TTA	T[T>A]A	0.00207825	0.000271485	0.004018727	0.004806145	0.0038137059999999996	0.000167567	0.00019815	0.001691513	0.011779643999999999	0.012274475	0.007238196999999999	0.018538454	0.001357335	0.0013984520000000001	0.000103132	0.00277518	0.00019314099999999997	0.000115821	0.000412274	0.009426226	7.57e-05	0.0008453789999999999	0.00590764	0.000272258	0.006513905	0.00017647599999999998	0.050648355	3.93e-18	0.0019492670000000002	0.013549915	0.0007955610000000001	0.038587542	0.000153544	0.000379801	0.000155177	0.003817321	0.000293282	0.0026802759999999997	0.22857833800000002	0.002439427	0.001437399	0.00179972	0.001284795	0.0038257940000000004	0.004546262	0.058711564	0.00469824	4.66e-05	0.0038662759999999997	0.00020559200000000002	0.0028484120000000003	0.11750096	7.96e-06	0.00013663	0.001018961	0.013055613999999998	0.000582715	0.0014557189999999998	0.000892313	0.002249906	0.00635816	0.0021152379999999998	0.008060043000000001	0.001107608	0.000710571
61	T>A	TTC	T[T>A]C	1.01e-16	0.000182055	0.009536560999999999	0.003432807	0.003685098	6.17e-05	0.00031780299999999997	0.001720881	0.038468039	0.0013309729999999998	0.018054564	0.001943627	0.00035255	0.00044700400000000003	0.00016487700000000001	0.007023105	0.000222387	0.001473793	8.75e-05	0.00526969	0.0053258409999999996	0.000252995	0.002196688	0.00038513	0.000253625	0.00080348	0.024554343	3.93e-18	0.002279306	0.0031102609999999996	0.00130046	5.0600000000000003e-05	0.001499608	0.00141168	0.00019559700000000002	0.003143627	0.002066277	0.00020821	2.75e-16	0.004429385	0.000879098	0.001216988	0.0007187039999999999	0.003103213	0.009627141	0.01532641	0.001837979	0.000842804	1.6899999999999997e-05	0.000194248	0.004004742	1.36e-05	3.81e-06	2.7300000000000003e-05	0.000589521	0.002470426	0.000383414	0.0024645129999999998	0.000151619	6.37e-05	0.000799452	0.009511956	0.000894917	0.0014529570000000002	2.06e-16
62	T>A	TTG	T[T>A]G	1.17e-05	4.36e-05	0.005606915	0.006977145	0.003916183	1.47e-05	1.68e-16	0.0011985519999999999	0.012645584	0.005576016	0.010942298	0.016110898999999998	0.0006234540000000001	4.36e-05	0.00015018399999999998	0.002771385	0.000165247	0.000279777	7.609999999999999e-05	0.0053788840000000004	0.001568301	2.14e-16	0.001323339	0.000277791	0.000128867	9.15e-05	0.069812273	0.000126785	0.001274238	0.008552646	0.000263438	0.0	0.00035357300000000004	0.000621041	0.000141813	0.002518935	0.001365669	0.000582896	0.008826086	0.001061616	0.000688273	0.001270365	0.000572406	0.004221185	0.004332412	0.009149336	0.003983169	4.24e-05	3.77e-06	0.000446477	0.00042790300000000004	0.000459946	3.81e-06	3.3100000000000005e-05	6.15e-05	0.003544297	0.000584223	0.001020259	0.000256075	0.007988233	0.00580394	0.004166680999999999	0.000759155	0.000324246	3.6e-05
63	T>A	TTT	T[T>A]T	0.000740125	0.00013998	0.008501377	0.003224165	0.005614706	0.000166882	0.000470395	1.23e-16	0.226293338	0.021359357000000002	0.025297321	0.01284266	0.003737578	0.000738673	0.000395895	0.004116865999999999	4.29e-05	0.001116351	0.00019065	0.005831275	0.001331178	0.000983582	0.004124212	0.00039358	0.003861501	5.5700000000000005e-05	0.022556312000000002	3.93e-18	0.001098136	0.00956789	0.00097838	0.001496643	0.0049449590000000005	0.000632983	0.00040976099999999997	0.005374444	0.00043202199999999995	0.0018888129999999998	0.041018884	0.003262067	0.001675223	0.0015186479999999998	0.001399109	0.006514375	0.0141934	0.041351401	0.002064461	5.6800000000000006e-18	0.008193063	0.000747088	0.002283584	0.0034754770000000003	0.000153242	0.000114134	0.001887446	0.004403379	0.000788603	0.002533417	4.55e-18	0.0013887510000000001	0.000532846	0.021478207000000003	0.010492793	0.00168216	0.000353643
64	T>C	ATA	A[T>C]A	0.000316431	3.73e-05	0.009557555	0.004036817	0.026173644	0.00076569	0.000255705	0.000496596	0.00020622099999999998	0.003014368	0.0057736409999999995	0.013546605	0.000465232	0.004008243	0.000590048	0.051075762000000004	0.001165367	0.0068233619999999995	0.001379988	0.17403359699999998	5.7499999999999995e-05	6.48e-05	0.0010353139999999999	0.00133848	0.005430793000000001	0.010786555	0.016573015	0.000420895	0.002843016	0.01203357	0.055873735	0.0034627679999999997	0.000419376	0.0009141939999999999	0.000315455	0.010905183	0.000502546	0.007664585	0.0036401059999999997	0.001089229	0.002878478	0.050487947000000005	0.001378487	0.006003746	0.011219906000000002	0.009841697	0.0060157959999999995	5.09e-06	0.010059117	0.000648869	0.010987044	0.002001264	0.00034911800000000004	0.00018691400000000002	0.0014885570000000002	0.0015816460000000001	0.0019548129999999997	0.004982562	0.015772025	0.0025436960000000002	0.007916066999999999	0.01748046	0.051157014	0.004946797	0.000762686
65	T>C	ATC	A[T>C]C	0.0013468229999999998	1.98e-05	0.006852041	0.00055353	0.011617434	0.000594927	0.00018063	0.000339925	0.000582635	0.00413925	0.004513409	0.010724982	0.003450275	0.00033323900000000004	0.0007426710000000001	0.042670189000000004	0.000132425	0.005217365	0.001063659	0.014119863	0.011517881	0.00025582400000000004	0.001632356	0.000468412	0.0035238009999999996	0.009844627	0.0009070069999999999	0.000129037	0.001477298	0.008435183	0.026188247	0.001933598	0.000513965	0.001628096	0.000361104	0.006029718000000001	0.0005735	0.003501527	0.001473504	0.000666429	0.00141035	0.040345172	0.00123399	0.004611162	0.00669538	0.006031821999999999	0.002774628	0.027335907000000003	0.002574009	0.00030162099999999996	0.043271254	0.00610248	9.18e-05	3.78e-05	0.008004681999999999	0.017901051	0.001494024	0.0024871470000000003	0.006380706	2.99e-06	0.005946241999999999	0.009666316	0.0047754979999999995	0.001981415	0.000248645
66	T>C	ATG	A[T>C]G	4.5e-05	1.1599999999999999e-05	0.01042563	0.003699525	0.031588668	0.002137589	0.000141735	0.001070272	0.001116885	0.009264371	0.006011326	0.013915053	0.001948056	0.000331539	0.000242054	0.071282318	0.000381095	0.00983189	0.000124007	0.067080272	0.000325962	2.16e-16	0.0015559520000000002	0.0017375560000000001	0.013788662	0.003641487	0.007480029	0.00032571	0.001141108	0.016896712	0.075351152	0.005685224	0.000451102	0.001869037	0.000208289	0.006325022	0.000850029	0.06558916	2.24e-05	0.0007143539999999999	0.003062415	0.016877594	0.001564689	0.007534887	0.013477366999999999	0.008006944	0.006468626999999999	0.000489246	0.020657353	0.001429069	0.028471363	0.0021549860000000002	0.00013182	8.88e-05	0.000929825	0.003512494	0.001985621	0.005306646999999999	0.158986113	0.003425353	0.008812641	0.00986306	0.006250522	0.002553465	3.02e-06
67	T>C	ATT	A[T>C]T	0.001856188	0.0001044	0.011192826999999999	0.00087984	0.024200571	0.00019350700000000002	0.000357084	0.001173393	0.00211752	0.039309729	0.009779269	0.021640356	0.002339007	7.140000000000001e-05	0.0006885719999999999	0.049279598	0.00065284	0.003618582	0.000367605	0.10919155300000001	0.0051660809999999995	0.000403628	0.002423104	0.001000057	5.85e-05	0.018413274	0.000556969	0.000138288	0.001208224	0.009399999000000001	0.027266627999999998	0.0019785379999999997	0.000507074	0.000597575	0.00031387200000000003	0.00505023	0.000365144	0.006292305	0.002057729	0.0012050119999999999	0.0031265790000000004	0.036875215	0.001918072	0.008139398	0.012961623	0.013477001	0.001559953	0.0056172259999999995	0.000155034	0.00077083	0.020246179	0.00102053	0.000394916	0.000163703	0.003104308	0.001271178	0.002856871	0.0035273329999999997	0.004711713	0.008925017	0.008748501	0.013104992	0.005777128	0.005998251	2.3800000000000003e-05
68	T>C	CTA	C[T>C]A	7.82e-17	0.000220586	0.006183025	0.003173903	0.009137354	0.0006938510000000001	0.000283979	0.000906296	0.006553666999999999	0.008486571	0.001705849	0.011075778	9.240000000000001e-05	0.000681321	0.000205875	0.03804745	3.5e-05	0.002076867	0.000321837	0.009307697	0.007958758	0.000520421	0.00023937400000000002	0.000282222	0.007178123000000001	0.008980613	0.00539139	3.93e-18	0.001218889	0.0063504930000000005	0.041388878999999996	0.004058338	0.001215865	0.0006647889999999999	0.000791641	0.005262359	0.000384707	0.011161906000000001	0.000565596	0.0008568610000000001	0.0009916789999999999	0.041592843	0.00116644	0.0047514359999999995	0.007863706	0.008502855	0.0022174729999999998	0.001882416	0.009191268	0.0006332169999999999	0.015996833999999998	0.001628928	5.5700000000000005e-05	4.47e-05	0.000573684	0.003083028	0.00150158	0.005389435	0.0074375430000000005	0.00295238	0.0025778010000000002	0.009525165	0.003008953	0.001319435	0.000626204
69	T>C	CTC	C[T>C]C	0.001344245	3.19e-05	0.015541628	0.002221011	0.0109656	0.000656841	0.000250352	0.000760217	0.004746829	0.00011379700000000001	0.007649963	0.018990508	4.7600000000000005e-05	9.8e-05	0.0006857889999999999	0.06384522599999999	0.000138292	0.005369245999999999	0.001414464	0.004227675	0.19103214300000002	0.007959799	0.00234044	7.79e-05	0.0045482990000000004	0.00336873	0.001642776	3.93e-18	0.001844229	0.011610603	0.038065837000000005	0.007259491	0.00371405	0.001588466	0.0013228170000000002	0.009815051	0.0009211930000000001	0.034149509	5.9e-05	0.0019874989999999998	0.001909096	0.027783257999999998	0.002121937	0.007849544	0.010930354	0.0066411740000000006	0.003004399	0.11135099400000001	0.003086957	0.0025169710000000002	0.09167549900000001	0.008205111999999999	0.00026478900000000003	0.00010046899999999999	0.018575776000000002	0.08027113599999999	0.001264289	0.003320837	0.016995409	0.005389934	0.003094436	0.005546438000000001	0.01117406	0.0052691230000000006	0.0030411509999999998
70	T>C	CTG	C[T>C]G	0.00021124900000000002	2.7200000000000003e-16	0.011862035	0.005635204	0.023817888	0.003717829	0.000109756	0.000721128	0.003143423	0.001305107	0.00150488	0.020788762	0.0013290320000000002	2.1899999999999997e-05	0.000137085	0.052434258	2.74e-16	0.0049089220000000005	0.000996014	0.01397087	0.104976346	0.005271738000000001	0.001682898	0.000520163	0.026823202	0.018754603999999998	0.002707985	0.00037355900000000003	0.003784874	0.015699167	0.104617788	0.007836591	0.00384741	0.003682455	0.001327475	0.004814114	0.001996335	0.049533716	0.001291706	0.001677492	0.0020518760000000002	0.013845713	0.002535275	0.008412735	0.012670251	0.007686725	0.0037278959999999996	0.01070156	0.03557115	0.0014915570000000001	0.06043915	0.00442516	2.0600000000000003e-05	6.65e-05	0.00276875	0.003610663	0.0012934510000000001	0.0075601769999999995	0.21049441300000002	0.001120523	0.0006150680000000001	0.011013567	0.007609264	0.001646774	0.00069081
71	T>C	CTT	C[T>C]T	1.9600000000000002e-05	0.000178199	0.014499801000000001	0.0020617170000000002	0.013388434	0.000696008	0.001502455	0.004448027	0.048965747999999996	0.043521897999999996	0.006048714	0.034919274	2.42e-06	0.000553825	6.96e-05	0.050544875999999996	0.000108635	0.001777495	0.000988361	0.017752056000000002	0.402325761	0.019313939	0.0020826160000000002	0.000320905	0.005565176	0.022188466	0.000562896	3.5499999999999996e-05	0.0025560789999999997	0.008275727	0.057986128	0.004240819	0.00044494	0.0013166039999999999	0.003357847	0.011698628999999999	0.000931235	0.002981966	0.0019905929999999997	0.002686806	0.001880243	0.055036032	0.003346925	0.007307501	0.01291918	0.00852973	0.0026646070000000003	0.008586409	0.0063725019999999995	0.000452324	0.090225173	0.006106305	3.41e-05	4.71e-05	0.00124275	0.006420911999999999	0.00193691	0.003789099	0.023041457999999997	0.000634286	0.000206881	0.025323899	0.028419176	0.009655253	0.001966149
72	T>C	GTA	G[T>C]A	0.000404281	1.78e-16	0.00765742	0.0019511860000000002	0.010610617	0.001177594	6.94e-05	0.00017220099999999997	2.1099999999999998e-16	0.0007326930000000001	0.002031135	0.008426601	0.0018174760000000002	0.008344124	0.000556172	0.065256765	0.000232456	0.007901844	0.006064153	0.001962001	9.68e-05	5.24e-05	0.000481396	0.00065272	0.001855522	0.189810161	0.000631791	0.00013721799999999999	0.0021759970000000003	0.013480463	0.072830912	0.004337946	0.000496859	0.000666699	0.000639658	0.003204979	0.006495043000000001	0.009926408000000001	0.000113621	0.000398578	0.001696691	0.028045221000000002	0.0011129789999999998	0.0053042969999999995	0.004761477	0.005481562	0.003994683	5.69e-18	0.018624753	0.000410294	0.017371031999999998	0.00038993800000000005	6.61e-05	2.6600000000000003e-05	0.001031183	0.000955514	0.0016689860000000001	0.003277593	0.00814955	0.00201995	0.000611852	0.0033572429999999998	0.0018335379999999998	0.000467215	0.000594159
73	T>C	GTC	G[T>C]C	0.001085058	3.2500000000000004e-05	0.006421123000000001	0.0011781180000000001	0.008839927	0.00075465	7.59e-05	2.1299999999999999e-16	0.00059533	0.0031495259999999997	0.003037268	0.012837961	0.007699348000000001	0.00448049	0.000877058	0.041433523	0.00021867900000000003	0.006979179	0.008104029	0.001684728	0.017462825	0.0019553229999999997	0.0022725939999999997	0.00037606300000000005	0.002258763	0.083934514	0.001617661	0.00039022300000000003	0.003184187	0.004624727	0.032070661	0.002638122	0.00088137	0.003286875	0.000563383	0.0068940569999999994	0.008084962	0.009560994	0.00099937	0.002122148	0.001506516	0.024652925	0.002096011	0.007247617	0.005377432	0.005017482	0.0033695340000000004	0.024630744	0.001186772	0.000529781	0.067148811	0.001512025	8.070000000000001e-05	9.03e-05	0.0059762209999999994	0.002720437	0.002091227	0.005788466	0.00469694	0.0036386640000000002	3.39e-05	0.00295402	0.000972995	0.003101434	0.0007351910000000001
74	T>C	GTG	G[T>C]G	0.000602585	0.00011371200000000001	0.011168995	0.002123168	0.014987845	0.0015010079999999999	6.68e-05	0.000457649	0.00029340299999999997	0.003137837	0.0029321459999999996	0.007453336999999999	2.46e-16	0.001041506	0.000515484	0.05089655	0.000210691	0.010518598999999998	0.003731972	0.005442431	0.0037604170000000003	0.001188712	0.003611956	0.000870925	0.003649727	0.133358404	0.000680252	3.93e-18	0.002093229	0.013791771000000001	0.08292414299999999	0.0014903370000000002	0.000987083	0.00246434	0.000457447	0.0048458220000000005	0.00912877	0.224339607	0.000613044	0.000179505	0.001778151	0.011972096000000002	0.001630481	0.005442858	0.005975738	0.004238985	0.0029416259999999997	0.001214941	0.015932941000000003	0.0007590639999999999	0.037045131	0.003865542	2.62e-05	3.52e-05	0.003710407	0.004911304	0.000841037	0.001997148	0.115488105	0.006210088000000001	0.001846421	0.005481009	0.012464635	0.00086604	0.00052114
75	T>C	GTT	G[T>C]T	2.97e-05	1.0800000000000002e-05	0.008455696	0.000549711	0.011157413	0.000449549	0.000606572	0.004803045	0.007268996999999999	0.315465631	0.00533277	0.009463493	0.004736713	0.007066745	0.000176569	0.046102889	1.95e-16	0.008759623000000001	0.00298338	0.002481049	0.004473072	0.001399845	0.002316834	0.0017534010000000001	0.000676501	0.12298252	0.000792214	0.0005443140000000001	0.002540421	0.011826743	0.052140937000000005	0.0036879029999999998	0.000932984	0.001036883	0.00033010699999999995	0.0035957690000000004	0.009940871	0.008539310999999999	2.51e-16	0.000321897	0.002078371	0.039573132999999996	0.002163458	0.005777111999999999	0.006277583000000001	0.003813057	0.0017776620000000002	0.00042567	0.008297393	0.000941717	0.051702791	0.00323113	5e-05	7.670000000000001e-05	0.0009502960000000001	0.003508245	0.002326719	0.004424203	0.004191003	0.010567268000000001	0.00234334	0.00505187	0.0018410979999999998	0.0008492489999999999	0.000588392
76	T>C	TTA	T[T>C]A	7.879999999999999e-05	1.44e-16	0.009406695999999999	0.001304405	0.010867896	0.000545734	0.001196539	0.003126399	0.023065682999999997	0.059879084000000006	0.00130997	0.009952774000000001	0.00048593599999999996	0.0040483970000000005	6.25e-05	0.063638551	1.4400000000000001e-05	0.003634173	0.0012954239999999999	0.009948813	0.0013277389999999999	0.0007551	0.000984351	0.0006813860000000001	0.007466370999999999	0.057824653	0.003270233	3.93e-18	0.000691788	0.009009378	0.029674283	0.001257018	0.001063338	0.001287547	0.000299856	0.00261515	0.000513119	0.007204726999999999	0.001176189	0.00020878900000000002	0.001733546	0.035057507	0.001110562	0.003392127	0.006519333	0.046328232000000004	0.0037696459999999998	8.37e-05	0.01105444	0.000644299	0.005886718000000001	0.001028693	0.00020485799999999998	5.629999999999999e-05	0.000657264	0.002898354	0.001535199	0.003341271	0.002722995	0.003041424	0.00038338	0.003432009	0.002241911	0.001083997	0.000150744
77	T>C	TTC	T[T>C]C	0.001544245	4.1200000000000005e-05	0.008174219	0.000400354	0.008632078	0.000589058	0.000487497	0.0013295689999999998	0.023471508	0.015501506000000002	0.00245045	0.014272785	0.005064161	5.44e-05	0.000380431	0.050377307	2.3899999999999998e-05	0.002456177	0.0032949520000000003	0.004149956	0.014259302	0.001152394	0.00497913	0.000448745	0.013225338	0.055399292	2.31e-16	0.00014170399999999998	0.002092254	0.006763643000000001	0.032474322	0.0037527909999999997	0.002452841	0.0010971610000000001	0.00023146200000000001	0.008634495	0.001028307	0.011974035	0.007713396	0.000686385	0.001956734	0.04877828	0.0016971479999999999	0.005418775	0.007087755	0.028723622	0.002464193	0.032256561	0.008582005	0.0008154389999999999	0.050571505	0.019405238999999998	0.000201455	4.05e-05	0.02570087	0.003760651	0.0017842510000000002	0.003482155	0.0069372190000000005	0.000898667	0.001310902	0.027515626	0.0195327	0.0017458279999999998	0.0010089
78	T>C	TTG	T[T>C]G	0.000173937	0.000102014	0.005784426999999999	0.001273091	0.010384616	0.00106161	0.000239483	0.002683677	0.013350901	0.022698984	1.89e-16	0.008973514	0.000326815	0.00041279	0.000115814	0.040000988	8.79e-05	0.0033746920000000003	0.000677671	0.007502300999999999	0.0020164270000000003	0.0011579939999999999	0.002414802	0.0008014439999999999	0.008760789	0.025655755	0.0011656910000000002	0.000206968	0.001301782	0.004105775	0.028760168	0.0011363089999999998	0.0015535739999999998	0.000254734	0.000151242	0.0030889690000000004	0.001305748	0.28317602399999997	0.00125225	0.000336026	0.001085793	0.009951789	0.001365666	0.0038468829999999997	0.005187268	0.0201896	0.002548331	2.3e-05	0.014345056	0.000843558	0.02028261	0.001611438	0.000135876	2.7699999999999996e-05	0.0008354360000000001	0.002170918	0.000800967	0.00299863	0.068805509	0.003505385	0.0016882529999999998	0.00280304	0.0019780139999999997	0.0009704080000000001	9.23e-05
79	T>C	TTT	T[T>C]T	0.001420293	2.45e-05	0.009114470999999999	0.000364832	0.011877061999999999	0.000679923	0.00047903400000000004	0.0016434879999999998	0.071366325	0.033699219	0.003055236	0.029051466	0.002297624	1.22e-05	6.2e-05	0.04685711099999999	0.00036700400000000004	0.0017963120000000002	0.000540414	0.006834651	0.014124186	0.0007546510000000001	0.00195806	0.000859582	0.011073558999999998	0.029661249	1.6599999999999999e-16	3.93e-18	0.00184348	0.011205996000000001	0.042756059000000006	0.001186458	0.001780119	0.00043359400000000004	0.000260203	0.007315047	0.000415294	0.006322026999999999	0.0063166030000000005	0.0006408280000000001	0.0017354570000000001	0.047888476	0.001712354	0.00575091	0.006879799	0.035631768	0.0013841270000000002	0.001192267	0.021867815	0.000291996	0.024514947000000002	0.009221194	0.00019134799999999998	7.18e-05	0.00326914	0.014711553999999998	0.001177059	0.001092675	0.007635606999999999	0.000586582	0.000204114	0.144922156	0.022997902999999997	0.0014685229999999998	0.000880128
80	T>G	ATA	A[T>G]A	5e-05	0.00014352	0.002290126	0.00053223	0.002187885	8.89e-06	0.000246856	4.13e-05	0.008501006	0.002559507	0.000966933	0.03018426	0.001197708	1.49e-05	0.000113385	0.001393787	3.75e-05	0.000115104	0.000166358	0.008093115	0.000507182	0.000939884	0.00037002800000000006	0.001202849	5.34e-06	0.00025255599999999997	0.001539542	3.93e-18	0.0014281029999999998	0.003075865	0.00192067	0.000781694	0.007543871999999999	0.000189835	2.02e-05	0.00196721	0.000207503	0.00060058	0.002221963	0.001626179	0.000597907	0.014957659	0.000568308	0.002078975	0.0043252329999999995	0.0051463870000000005	0.0006223240000000001	0.0015068929999999998	1.25e-08	5.550000000000001e-05	5.94e-05	0.000120503	0.000164427	5.9699999999999994e-05	0.000420686	0.000440975	0.000898904	0.0020270329999999997	2.09e-05	0.000153207	7.659999999999999e-05	0.004639551	0.008579126999999999	0.000887612	0.014772546000000001
81	T>G	ATC	A[T>G]C	9.14e-05	6.87e-05	0.002298794	0.000123246	0.002246698	0.00010756700000000001	0.00019601400000000002	0.000694733	0.0011443830000000001	0.002805039	0.00060131	0.007061871999999999	0.001181847	3.48e-05	3.7e-05	0.0007023639999999999	2.0699999999999999e-16	0.002464172	0.000224734	0.0048411190000000005	0.000635697	0.00454934	0.000671688	0.001486742	1.65e-05	0.000429786	5.14e-05	3.93e-18	0.0009474430000000001	0.0	0.002541977	0.0010023360000000002	0.02014921	0.000580853	8.7e-05	0.00202077	0.00035077199999999995	0.000282326	0.000554901	0.0007844519999999999	0.000519832	0.011120318	0.0008031469999999999	0.0024309279999999997	0.006430456	0.001708495	0.00032014900000000004	0.0035545409999999996	2.59e-05	0.00042137	0.000724205	0.001850708	1.99e-05	3.85e-05	0.000523398	0.003804625	0.00041989699999999997	0.00194891	0.001300841	0.000820023	7.71e-18	0.000790334	0.000763305	0.001179254	0.009434694
82	T>G	ATG	A[T>G]G	0.00011347600000000001	1.8000000000000001e-06	0.005323393	0.001047349	0.0065598209999999995	5.39e-05	0.00020963900000000002	0.0010449510000000001	0.000631222	0.010687961999999999	0.004106604	0.0051975929999999995	0.000291216	0.000326757	0.000135821	0.000816518	7.35e-05	0.00056154	9.559999999999999e-05	0.00484983	0.000623844	0.000960569	0.001491167	0.001336004	1.99e-05	0.000175574	0.0028469309999999996	3.93e-18	0.001335037	0.0060559030000000005	0.0022007579999999997	6.759999999999999e-05	0.008559901	0.000285453	0.00030900700000000003	0.003131353	0.000993751	0.00042475699999999994	0.000226832	0.00347976	0.000747186	0.016887086000000003	0.001492451	0.005985732	0.00702731	0.0026888990000000002	0.000481369	0.029137706	5.67e-06	0.0006792839999999999	0.0013846260000000001	0.0037877690000000003	0.000162706	5.5799999999999994e-05	0.003246948	0.024671899	0.000903893	0.003252133	0.0009051189999999999	0.12355127699999999	1.17e-05	0.001177822	0.002509469	0.001229934	0.022431952
83	T>G	ATT	A[T>G]T	3.6099999999999997e-05	2.53e-06	0.002565066	0.000122101	0.0030500690000000003	0.000148725	0.000179307	0.000399285	1.77e-16	0.010987809	0.000486822	0.017829143999999998	0.006419941	1.0600000000000001e-16	0.000164886	0.000989343	0.000218093	0.006736796999999999	0.001436486	0.006383913000000001	0.008318952	0.051282258	0.001051433	0.0009336	3.3e-05	4.99e-05	3.0799999999999996e-05	3.93e-18	0.002330726	0.0	0.004352514	0.000195562	0.09809781	0.000420901	0.00045726800000000004	0.00046631300000000005	3.86e-18	0.000517787	0.001010351	0.001563788	0.000600759	0.018952292	0.001576416	0.003832243	0.012016899	0.005794349	0.00052634	0.003600131	0.000824524	8.79e-05	0.000396984	0.006358464	7.04e-05	4.28e-05	6.47e-05	0.001448529	0.00107731	0.001013306	0.000204595	0.001485331	0.004056765	0.004370771	0.001472601	0.001906951	0.010805914
84	T>G	CTA	C[T>G]A	1.24e-05	0.00011200299999999999	0.0030561840000000004	0.000533559	0.001773228	2.07e-05	5.3e-05	0.00021218599999999998	0.0028352459999999996	0.001238926	0.000872104	0.020975841000000002	0.000116816	0.00011730200000000001	1.39e-16	0.0007486010000000001	3.06e-05	3.18e-05	8.82e-05	0.0034429340000000004	0.000222789	0.001652187	6.879999999999999e-05	0.000445765	0.000591493	3.39e-06	0.003930528	3.93e-18	0.000765488	0.0	0.001132797	0.0	0.013486983999999999	0.00044	0.000123603	0.001272006	3.77e-05	0.0005390530000000001	0.001006885	0.002389099	0.000316015	0.002165919	0.0005862840000000001	0.0034298809999999996	0.002424708	0.002864554	0.000544972	0.001889337	0.000147312	5.8299999999999994e-05	0.0	0.00011687	5.13e-05	3.8900000000000004e-05	0.000611286	0.002045751	0.0005050219999999999	0.000792695	0.002844534	0.0011654130000000001	0.00445187	0.00011112700000000001	0.00038609800000000003	0.00060893	0.002298245
85	T>G	CTC	C[T>G]C	0.000113978	0.00017314200000000002	0.007550805	0.00041465	0.004834978	0.000502252	0.000165675	0.000716964	0.007396373	6.37e-05	0.002132087	0.009176293	2.58e-16	0.000914451	2.14e-16	0.001463264	3.19e-06	0.001217449	0.000102993	0.001439856	0.0011423310000000001	0.038698007	0.001891514	0.002000805	0.001501393	6.49e-05	0.00107879	0.000130278	0.000724206	0.003111272	0.006027778	0.000483543	0.03121534	4.91e-06	0.000205755	0.001414871	0.000447025	0.001076757	3.2400000000000004e-16	0.0005107040000000001	0.000574345	0.003031002	0.001292454	0.007334602	0.00627915	0.003048615	0.0007227830000000001	0.007699126	0.002440626	0.000246255	0.0019786079999999998	6.73e-05	5.4600000000000006e-05	1.51e-05	6.47e-05	0.0028874020000000003	0.0007475219999999999	0.00345953	0.018894895	0.000504359	4.61e-07	0.0010302269999999999	0.001223266	0.002409396	0.004538353
86	T>G	CTG	C[T>G]G	7.509999999999998e-05	0.000147136	0.01253006	0.003881892	0.007020393000000001	0.000645735	2.35e-16	0.0012741439999999998	0.001724539	3.6e-05	0.005604171	0.019130982	6.75e-05	0.000414352	2.33e-16	0.000830995	2.74e-16	0.000477703	0.00019490599999999998	0.0032585559999999997	2.33e-06	0.018408319	0.0030362279999999998	0.001385745	0.002778508	2.62e-05	0.010735952	6.25e-05	0.002729117	0.013839856000000001	0.007392815	0.000557976	0.023962822999999998	0.000312679	8.190000000000001e-05	0.0016190970000000001	0.001179517	0.001319326	0.0006939889999999999	0.006844676	0.0009816389999999999	0.0052405559999999995	0.0015865879999999999	0.01064327	0.006754911	0.004195268	0.0059478790000000005	0.053797034	0.003651831	0.000620321	0.001918703	0.005236972	6.659999999999999e-05	6.87e-05	0.0041849159999999995	0.007302529	0.0008368160000000001	0.002659005	0.024103246000000002	0.133423743	0.005690339	0.0029059890000000003	0.0008969439999999999	0.002029079	0.008468023
87	T>G	CTT	C[T>G]T	7.879999999999999e-05	0.000194277	0.006456563	0.000963085	0.006563947	0.0007154710000000001	2.1899999999999997e-05	2.85e-06	0.0038657690000000002	0.00017083799999999998	0.0005377380000000001	0.059889610999999995	0.001291697	0.0035537309999999996	0.00010944700000000001	0.000378255	5.379999999999999e-05	0.000829475	0.001403011	0.002905538	0.00501861	0.580547109	0.003371259	0.0018066529999999999	0.004122767	0.000188965	0.001244425	0.000186286	0.0033199640000000003	0.007896877	0.008143899999999999	0.001565841	0.122476316	0.000567323	0.00021741799999999998	0.00080534	0.0005755980000000001	0.00018651	8.19e-07	0.00228981	0.00093301	0.004493884	0.005390441	0.004200086	0.01246472	0.011380198999999999	0.002861986	5.69e-18	0.000317385	0.000547117	0.001883615	0.000119788	3.3100000000000005e-05	4.49e-05	0.000422829	0.002221233	0.000713133	0.001900504	0.0007589119999999999	0.001094236	6.809999999999999e-18	0.005377420999999999	0.000476676	0.016682867	1.6800000000000002e-05
88	T>G	GTA	G[T>G]A	8.569999999999999e-17	0.00016685900000000002	0.0033905840000000003	0.00040175	0.001894893	1.99e-05	6.25e-05	0.00020892599999999998	0.002349051	6.850000000000001e-05	0.001022853	0.007347074	0.000168835	0.00027312	6.579999999999999e-05	0.000378298	7.099999999999999e-05	5.6000000000000006e-05	9.520000000000001e-05	0.000859857	0.00038999300000000005	0.000247595	0.000591099	0.000435322	1.49e-16	0.000243645	0.001397697	3.93e-18	0.0006264209999999999	0.004274812	0.0011955289999999999	0.0	0.001172153	2.7699999999999996e-05	0.000128856	0.00021508	0.0008139810000000001	0.000471374	0.000381434	0.001240745	0.000134196	0.010791308999999999	0.000329818	0.002362595	0.001973112	0.0016281870000000001	0.000782464	0.046333182	5.2999999999999995e-18	0.000275571	0.0	0.020543049	3.22e-06	2.6700000000000002e-05	0.006495391	0.001765488	0.000776309	0.002557802	0.00012152799999999999	0.004388168	5.63e-18	0.001217653	0.006787456	0.0008080289999999999	0.02199515
89	T>G	GTC	G[T>G]C	1.27e-16	0.00015747799999999999	0.002656995	0.00025225400000000004	0.0019003020000000002	0.000144744	0.000123989	0.000307761	0.002331721	3.0299999999999998e-05	0.000760307	0.007682105	0.001022172	0.000792576	2.2599999999999997e-16	0.000289863	2.6600000000000003e-16	0.0022388770000000002	0.000404383	0.001274442	0.00023797599999999999	0.00816321	3.73e-05	0.000714027	6.64e-05	0.0006745939999999999	0.000307063	8.1e-05	0.0013354839999999998	0.0	0.001563909	6.840000000000001e-05	0.0028972029999999997	8.4e-05	0.000357878	0.00091606	0.000780322	0.000766744	3.44e-16	0.005303613	0.00033688	0.009274435	0.00091054	0.006107643	0.0026281440000000002	0.001274494	7.18e-05	0.085026677	1.87e-05	0.00048377	0.000116578	0.014445255	8.4e-05	2.62e-05	0.010659678999999998	0.006348018	0.000574071	0.001506322	0.001622194	0.0036730990000000004	1.14e-06	0.00022058400000000001	0.003355585	0.001607945	0.033289902999999996
90	T>G	GTG	G[T>G]G	0.000178572	3.96e-05	0.011119641999999999	0.002182832	0.005310725	0.000167485	0.000299706	0.002083015	0.0076388969999999995	0.0046379870000000005	0.004139645	0.004695983	2.46e-16	0.0013111020000000002	0.00011982	0.0006076440000000001	0.000460035	0.000749775	0.00021805700000000002	0.000858861	0.000878432	0.00174668	0.0052918209999999995	0.000465633	7.82e-05	0.00024220400000000001	0.000526595	0.00013194	0.002458515	0.008937674	0.002739755	0.00574325	0.004221697	0.000634629	0.0012626739999999999	0.002408742	0.002858134	0.005869617	7.87e-05	0.003798631	0.001479377	0.01196558	0.001881569	0.007315475	0.0047048409999999995	0.001449226	0.000375722	0.244000683	9.49e-05	0.000149411	0.001259325	0.033898476000000004	3.73e-05	7.929999999999999e-05	0.035122476	0.08217641099999999	0.001264483	0.003684391	7.11e-18	0.308954474	7.52e-18	0.00099982	0.026276799	0.002014633	0.6902490259999999
91	T>G	GTT	G[T>G]T	6.08e-06	1.93e-16	0.004842041	0.000183267	0.001912931	0.000390637	0.000624193	0.001282692	0.006937842	0.006782195	0.0010942389999999999	0.018585948999999997	0.001979421	0.003172715	0.000114462	0.000164513	2.53e-06	0.0017564170000000001	0.00070935	0.002468292	0.0061819859999999996	0.10876832199999999	0.0015781410000000001	0.000252781	0.002596428	0.00239521	1.86e-05	3.94e-18	0.0017101389999999998	0.002312422	0.005718455999999999	0.002261914	0.022593817999999998	0.000769301	0.00011852399999999999	0.002154395	0.00060454	0.000396956	0.000471302	0.002560245	0.00038389	0.016899078999999997	0.002364269	0.004565032	0.004703329	0.003401364	0.000684288	0.061302995	0.002093036	0.000337204	0.000511065	0.089467868	5.24e-06	4.45e-05	0.029622700000000002	0.001829355	0.000645384	0.001283465	9.37e-06	0.001207688	0.000103543	0.0026673120000000002	0.015403243	0.005316063	0.040112516
92	T>G	TTA	T[T>G]A	6.9e-17	1.0800000000000002e-05	0.00447569	0.000204185	0.003157305	3.87e-05	7.11e-05	0.000497941	0.014725863	0.000155207	1.3999999999999998e-16	0.046857212999999995	0.001790458	0.005158811	4.71e-05	0.001207708	0.000119907	5.7499999999999995e-05	8.73e-05	0.007512055	1.41e-16	8.66e-06	0.000380952	0.000917058	1.2e-16	0.000319365	0.003569311	9.429999999999999e-05	5.8399999999999997e-05	0.001291958	0.001003742	0.0008696810000000001	0.034496364	0.000232156	6.500000000000001e-05	0.001281936	1.29e-05	0.000306158	1.87e-16	0.0024364	0.00046000699999999996	0.013459974	0.000618163	0.004792134	0.005397592	0.030521272000000002	0.000635644	0.000124577	4.2700000000000004e-18	0.000143998	0.000443086	0.001810896	8.47e-05	4.88e-05	0.000197338	0.0016599420000000002	0.0007944219999999999	0.000612868	1.87e-05	0.00377685	0.0063851590000000005	0.00225532	0.0005404969999999999	0.0008506210000000001	0.0010099080000000001
93	T>G	TTC	T[T>G]C	2.51e-05	6.670000000000001e-05	0.005706483	0.000138369	0.0058305019999999996	0.00015560200000000002	9.46e-05	0.001190965	0.019600361	0.00012495	0.001057417	0.00904014	2.1800000000000002e-16	0.0037329629999999997	5.479999999999999e-05	0.001228489	2.1299999999999999e-16	0.001021264	0.000163821	0.006229115	0.00010874700000000001	0.009133351	0.00168876	0.001635859	1.77e-16	0.00038262400000000003	0.000780463	3.93e-18	0.001841259	0.000528755	0.001775506	0.000301084	0.042796018	7.26e-05	7.809999999999999e-05	0.001995155	0.000188765	0.00015777600000000002	2.75e-16	0.0016228220000000001	0.000638947	0.021116974	0.0006998210000000001	0.004273487	0.010670688999999999	0.016612542	0.000222835	0.00741272	6.28e-18	0.00010049999999999999	0.000931335	2.49e-05	0.000110697	6.6e-05	0.000581536	0.0033235070000000003	0.0009147189999999999	0.003013333	0.000598007	0.0051810929999999995	9.93e-07	0.004080969	0.00158454	0.0018199129999999998	0.009774284
94	T>G	TTG	T[T>G]G	0.000243902	8.31e-05	0.006724173000000001	0.0016970129999999998	0.005669051	0.000161637	1.68e-16	0.000952795	0.007886203	0.00012471799999999998	0.002634165	0.010503523	1.9399999999999997e-05	0.001702368	7.54e-05	0.000875193	3.229999999999999e-05	8.97e-05	7.56e-05	0.005441433000000001	0.000789265	0.004589182	0.0010695610000000001	0.0015431779999999999	0.002041305	0.00012187	0.005310143000000001	0.000124729	0.001944829	0.007912909000000001	0.0026991840000000003	0.002322022	0.015431496000000001	0.000120982	0.000605339	0.0041211929999999996	0.000632624	0.000847801	0.001729436	0.0036978709999999997	0.000711823	0.030039337000000003	0.001351634	0.005621718	0.007470617	0.019106255	0.002189622	0.018824693	0.000688713	0.00048343699999999997	0.000770226	0.0015648379999999998	0.000160146	4.94e-05	0.007111343000000001	0.002424439	0.001109163	0.003911487	0.005985457	0.066989925	9.22e-05	0.0051136540000000005	0.006172136999999999	0.0014035679999999998	0.020343539
95	T>G	TTT	T[T>G]T	7.32e-17	1.52e-16	0.006898006	0.000326199	0.008655016	0.000395654	4.8899999999999996e-05	0.000979415	0.01759222	0.000130201	0.000665826	0.04834303400000001	0.013363409	0.0440586	3.26e-05	0.001731365	1.31e-05	0.000372064	0.002407151	0.012909717	0.0030845509999999996	0.09209236	0.0029931209999999996	0.002470985	0.0008703360000000001	1.6200000000000002e-16	0.00044569699999999994	3.93e-18	0.001990481	0.005182994000000001	0.007036113	0.000108565	0.41386046	0.0004895069999999999	0.005193585	0.00441321	0.000385783	0.001562325	0.000207304	0.002183201	0.00111898	0.022662363999999997	0.002953528	0.006603128000000001	0.016903555	0.067939965	0.001020501	0.0008553219999999999	0.005304861	0.000387814	0.000671642	0.002891113	1.15e-07	0.00012547	0.001023108	0.002006562	0.001492705	0.003517077	0.00030481299999999997	0.027245963999999998	0.020769517	0.088439675	0.015595453	7.31e-18	0.021204436
