	Substitution Type	Trinucleotide	Somatic Mutation Type	SBS1	SBS2	SBS3	SBS4	SBS5	SBS6	SBS7a	SBS7b	SBS7c	SBS7d	SBS8	SBS9	SBS10a	SBS10b	SBS11	SBS12	SBS13	SBS14	SBS15	SBS16	SBS17a	SBS17b	SBS18	SBS19	SBS20	SBS21	SBS22	SBS23	SBS24	SBS25	SBS26	SBS27	SBS28	SBS29	SBS30	SBS31	SBS32	SBS33	SBS34	SBS35	SBS36	SBS37	SBS38	SBS39	SBS40	SBS41	SBS42	SBS43	SBS44	SBS45	SBS46	SBS47	SBS48	SBS49	SBS50	SBS51	SBS52	SBS53	SBS54	SBS55	SBS56	SBS57	SBS58	SBS59	SBS60	SBS84	SBS85
0	C>A	ACA	A[C>A]A	0.000886	5.8e-07	0.0208	0.0422	0.012	0.000425	6.7e-05	0.00233	0.00483	4.04e-05	0.0441	0.000558	0.0021899999999999997	0.000182	0.000146	0.004520000000000001	0.00182	0.00112	0.000944	0.016	0.00207	0.000608	0.0515	0.0012699999999999999	0.0006190000000000001	0.000157	0.00601	0.0008349999999999999	0.0364	0.0099	0.0008730000000000001	0.00521	0.000784	0.0632	0.0018	0.00954	0.0223	0.0031100000000000004	0.00487	0.00883	0.0252	0.00395	0.0128	0.0117	0.0282	0.0021100000000000003	0.00116	0.0295	7.679999999999999e-18	0.00911	0.0044	0.0678	0.0008550000000000001	0.0251	0.11900000000000001	0.141	0.0152	0.005379999999999999	0.00216	0.00588	0.0126	0.0123	0.0589	0.00359	0.00615	0.003471994832	0.00608025739
1	C>A	ACC	A[C>A]C	0.00228	0.000148	0.0165	0.0333	0.00944	0.000524	0.00017900000000000001	0.00046100000000000004	0.00115	0.0007650000000000001	0.0478	0.00409	0.0017699999999999999	0.006540000000000001	0.000552	0.0011300000000000001	0.000721	0.0131	0.0004969999999999999	0.0029	0.000918	0.000129	0.0158	0.000641	0.00139	0.00236	9.54e-05	0.000399	0.0265	0.007	0.000528	0.00474	0.00253	0.0512	0.0005059999999999999	0.0185	0.0188	0.00223	0.006959999999999999	0.0462	0.008320000000000001	0.00145	0.0101	0.00715	0.0134	0.00122	0.0206	0.0059	0.00015	0.00285	0.0047	0.0297	0.0008410000000000001	0.00703	0.127	0.0016899999999999999	0.006540000000000001	0.00196	0.000796	0.00205	0.0157	0.00143	0.00675	0.00237	0.000779	0.005007308997	0.0008799368730000001
2	C>A	ACG	A[C>A]G	0.000177	5.2300000000000004e-05	0.00175	0.0156	0.00185	5.2000000000000004e-05	7.120000000000001e-05	0.00018600000000000002	0.000377	0.00025	0.00462	0.000426	0.00015	5.3500000000000006e-05	9.41e-05	0.00054	0.000264	0.000413	4.61e-05	0.0010199999999999999	4.7600000000000005e-05	5.8200000000000005e-05	0.00243	0.000246	2.18e-05	0.000294	0.0007650000000000001	9.85e-08	0.0148	0.00145	0.00011399999999999999	0.0007830000000000001	0.00035299999999999996	0.0192	9.13e-05	0.0016600000000000002	0.00446	0.000414	5.2000000000000004e-05	0.00139	0.00224	0.00106	0.0019	0.00267	0.00292	6.14e-05	3.34e-05	0.0006259999999999999	9.159999999999999e-07	0.0016600000000000002	0.0003	0.0013800000000000002	0.000258	0.007109999999999999	0.00577	0.0048	0.00414	0.0381	0.00164	4.49e-05	0.000206	0.0033299999999999996	0.000825	0.00014199999999999998	2.2299999999999998e-16	0.000452641972	0.000306011349
3	C>A	ACT	A[C>A]T	0.00128	9.779999999999999e-05	0.0122	0.0295	0.0066099999999999996	0.00018	0.000248	0.0007099999999999999	0.00196	0.00405	0.047	0.00305	0.017	1.63e-05	0.000266	0.00122	0.000348	0.0826	0.0011099999999999999	0.0106	6.18e-05	0.00045599999999999997	0.0214	0.000571	0.00124	0.000621	0.00172	5.6099999999999994e-18	0.022	0.0049700000000000005	0.0006190000000000001	0.0027199999999999998	0.0039700000000000004	0.0356	0.000556	0.00628	0.0146	0.0019	0.00123	0.0216	0.0179	0.00185	0.00885	0.0074	0.0148	0.00133	0.00797	0.00207	0.0057799999999999995	0.009640000000000001	0.0034	0.0119	3.8900000000000004e-05	0.00797	0.0832	0.0212	0.00924	1.7100000000000002e-05	0.000414	0.00117	0.023	0.00864	0.00558	0.0145	0.00044400000000000006	0.009295948364999999	0.0027172792330000003
4	C>A	CCA	C[C>A]A	0.000312	0.00020800000000000001	0.0225	0.0807	0.00743	0.00182	0.000455	0.00114	0.000109	0.0145	0.0401	0.0048	0.00318	0.000521	0.000618	0.00542	0.0014	0.0163	0.0418	0.0104	0.000295	0.000271	0.074	0.00132	0.0376	2.22e-16	0.00183	0.000151	0.0254	0.0148	0.00141	0.00507	0.00203	0.0542	0.000768	0.0107	0.00124	0.0027	0.00195	0.0299	0.0558	0.00322	0.381	0.0101	0.0208	0.00238	0.0116	0.00663	2.84e-05	0.23800000000000002	0.0156	0.0246	0.00118	0.22899999999999998	0.0225	0.00698	0.0574	0.33399999999999996	6.32e-05	0.00625	0.00248	0.0087	0.00618	0.00223	0.00118	0.0	0.004264235123
5	C>A	CCC	C[C>A]C	0.00179	9.53e-05	0.0253	0.0797	0.00614	0.00409	0.00023999999999999998	0.00155	0.00309	0.00322	0.0388	0.0019199999999999998	0.000202	0.00318	0.000986	0.00428	0.000968	0.0197	0.00505	0.00903	0.00116	4.11e-05	0.0196	0.000767	0.0989	0.0026	0.00443	0.00063	0.0349	0.00782	0.00151	0.00223	0.000109	0.0369	0.000388	0.0116	0.00492	0.0019100000000000002	3.6700000000000004e-05	0.033	0.0202	0.000814	0.0695	0.009059999999999999	0.0147	0.000919	0.0328	8.2e-05	0.0303	0.151	0.0072	0.00527	3.570000000000001e-05	0.0286	0.0028899999999999998	0.00317	0.019	0.00355	0.00257	0.00375	0.006679999999999999	0.00394	0.00183	0.0059299999999999995	0.00025299999999999997	0.005218571801	0.00030623486499999997
6	C>A	CCG	C[C>A]G	9.32e-05	2.2299999999999998e-16	0.00251	0.0245	0.00346	0.00165	2.2299999999999998e-16	0.000408	0.0019100000000000002	8.51e-05	0.0034100000000000003	0.00137	4.6399999999999996e-05	8.379999999999999e-05	9.2e-06	0.00117	4.33e-06	0.0013800000000000002	6.620000000000001e-05	0.0017399999999999998	2.22e-16	2.2299999999999998e-16	0.012	0.000236	0.00743	0.00198	0.000136	0.00013000000000000002	0.016	0.00128	0.000362	0.000266	2.22e-16	0.0148	0.000407	0.00032900000000000003	1.66e-05	0.000371	0.000298	0.0022	0.0071	0.0007469999999999999	0.051	0.0057399999999999994	0.0025399999999999997	0.000261	0.0018800000000000002	2.56e-05	0.00374	0.0679	0.0045	0.000271	0.13699999999999998	0.515	5.18e-18	0.0043	0.0136	0.0677	0.0059299999999999995	0.000641	6.72e-18	0.00107	0.00146	0.0008150000000000001	0.000379	6.9231298e-05	0.00015725684
7	C>A	CCT	C[C>A]T	2.2299999999999998e-16	0.000421	0.0154	0.069	0.006490000000000001	0.0096	0.00037200000000000004	0.00149	0.0135	0.000117	0.033	0.0030600000000000002	0.0173	0.008329999999999999	0.00015	0.0011	2.22e-16	0.26	0.0287	0.00249	0.00013700000000000002	0.000182	0.0363	3.4399999999999996e-05	0.252	0.0191	0.00011	0.00058	0.0171	0.0126	0.0071400000000000005	0.0031	0.00020299999999999997	0.0519	0.000297	0.0279	0.00267	0.00253	0.00062	0.0825	0.0605	0.0017699999999999999	0.184	0.00603	0.0147	0.00265	0.0211	5.22e-18	0.0867	0.19399999999999998	0.0083	0.000682	0.0008449999999999999	0.049	0.00115	0.00507	0.0188	0.00492	0.005529999999999999	2.84e-05	0.0713	0.00821	0.00196	0.00202	5.41e-05	0.00564038118	0.000860850681
8	C>A	GCA	G[C>A]A	0.00158	8.62e-05	0.00713	0.0316	0.0102	0.00042699999999999997	4.0600000000000004e-05	0.000746	0.00105	0.000168	0.0242	0.00772	0.00121	0.000731	0.000165	0.00198	0.000949	0.0020800000000000003	0.00229	0.00861	0.0017800000000000001	0.000998	0.109	0.000814	0.0108	0.00214	0.00223	0.000337	0.0622	0.0135	0.000496	0.0108	0.000156	0.0971	0.0009429999999999999	0.0131	0.00451	0.00441	0.00281	0.00987	0.0677	0.0020399999999999997	0.012	0.00688	0.0142	0.00309	0.00771	0.0093	7.679999999999999e-18	0.00755	0.0072	0.0111	0.000752	0.00788	0.0142	0.00394	0.00824	0.00043200000000000004	0.00519	0.0008550000000000001	0.000217	0.0018899999999999998	0.00274	0.10300000000000001	0.000517	0.002703472389	0.001439703098
9	C>A	GCC	G[C>A]C	0.000339	2.2299999999999998e-16	0.0109	0.0348	0.00765	0.0009130000000000001	0.000138	0.000215	0.000742	2.22e-16	0.0262	0.006679999999999999	0.00044100000000000004	0.00255	0.000405	0.000417	0.00045099999999999996	0.0224	0.00249	0.00425	0.00128	2.78e-06	0.0173	0.000272	0.00565	0.00707	0.00173	0.000541	0.128	0.00647	0.000666	0.0124	0.0010199999999999999	0.0903	0.0004940000000000001	0.0215	0.0036200000000000004	0.000968	0.000468	0.0502	0.0192	0.000629	0.00628	0.00695	0.0102	0.000723	0.0268	0.0016899999999999999	0.0046700000000000005	0.00573	0.003	0.0034799999999999996	0.000346	0.00248	0.00758	0.00328	0.00732	0.00344	0.00913	0.000192	0.00734	0.000752	0.00108	0.129	0.000866	0.0102288588	0.000504268015
10	C>A	GCG	G[C>A]G	0.000587	1.39e-05	0.00143	0.0153	0.00234	0.000357	4.2499999999999996e-05	7.290000000000001e-05	2.22e-16	1.82e-05	0.00274	0.000171	1.05e-05	8.52e-05	1.39e-05	0.00044699999999999997	0.000164	0.0011099999999999999	0.000404	0.0013599999999999999	0.000106	9.240000000000001e-05	0.007559999999999999	0.000205	0.00157	0.0016899999999999999	0.000515	0.00011899999999999999	0.0659	0.0006580000000000001	0.000129	0.0016300000000000002	3.9500000000000005e-05	0.023	2.22e-16	0.0009720000000000001	0.000877	0.000342	0.000227	0.0005070000000000001	0.00483	0.0005059999999999999	0.00137	0.004529999999999999	0.00255	0.00022	0.00106	0.000177	0.000605	0.00209	0.0004	0.0007830000000000001	0.000739	0.00683	0.000244	0.00428	0.00404	0.0508	0.00564	7.72e-05	9.79e-06	6.57e-18	0.0027300000000000002	0.0121	0.00039	0.000763601342	0.000362282705
11	C>A	GCT	G[C>A]T	2.2299999999999998e-16	5.12e-05	0.01	0.0212	0.0068200000000000005	0.00123	2.2299999999999998e-16	0.000147	0.000363	7.4e-05	0.0269	0.00856	0.0111	0.0028	2.22e-16	2.75e-05	6.15e-05	0.126	0.0182	0.0058	4.7e-05	0.000534	0.0623	0.000273	0.00249	0.0089	0.000551	3.09e-05	0.0544	0.0105	0.000817	0.007409999999999999	0.00015800000000000002	0.0846	0.0008619999999999999	0.00351	0.0032700000000000003	0.0031899999999999997	1.3500000000000001e-05	0.0229	0.069	0.0012900000000000001	0.00909	0.00589	0.0108	0.00195	0.0181	0.00139	0.0113	0.0069900000000000006	0.0024	0.00141	1.99e-05	0.00584	0.0020399999999999997	0.00345	0.00421	0.00114	0.00673	0.0007379999999999999	0.0157	0.00195	0.00035	0.499	0.000133	0.010179165989	0.000762947056
12	C>A	TCA	T[C>A]A	6.579999999999999e-05	0.0006389999999999999	0.008409999999999999	0.0398	0.007859999999999999	0.000356	0.00039	0.0029	0.00252	0.0114	0.0298	0.017	0.094	0.000446	0.00018	0.0034799999999999996	0.079	0.00034700000000000003	0.0172	0.0108	0.00018999999999999998	1.24e-05	0.0738	0.0013800000000000002	0.0017100000000000001	0.00146	0.000784	0.00213	0.0298	0.006940000000000001	0.000938	0.0070799999999999995	0.0143	0.0452	0.000696	0.00186	0.009729999999999999	0.0119	0.00427	0.00527	0.141	0.002	0.0177	0.00598	0.026	0.00331	0.0051	0.0063	0.0008529999999999999	0.064	0.0123	0.0169	0.124	0.0329	0.019	0.0357	0.46399999999999997	0.00267	0.000669	0.0017399999999999998	0.21899999999999997	0.0143	0.007370000000000001	2.37e-05	0.00202	0.002083564327	0.00194438733
13	C>A	TCC	T[C>A]C	0.00253	0.00016999999999999999	0.0168	0.0469	0.009170000000000001	0.0004980000000000001	0.0006360000000000001	0.00352	0.0142	0.0077599999999999995	0.0251	0.00246	0.00997	0.0038	0.000938	0.00288	0.0294	0.0243	0.00581	0.00587	2.59e-05	2.2299999999999998e-16	0.0436	0.0011300000000000001	0.00337	0.000236	0.0017399999999999998	0.000664	0.0519	0.0102	0.00063	0.00627	0.000452	0.0411	0.00024300000000000002	0.00938	0.009290000000000001	0.00511	0.00122	0.0231	0.0772	0.00159	0.0115	0.007859999999999999	0.021	0.00172	0.054	5.37e-06	0.0022199999999999998	0.0642	0.0071	8.109999999999999e-05	0.00379	0.00511	0.000886	0.00286	0.0468	0.00364	4.05e-05	8.28e-18	0.0132	0.000709	0.000429	0.0202	0.00016299999999999998	9.064386e-06	0.000169427568
14	C>A	TCG	T[C>A]G	2.2299999999999998e-16	8.53e-05	0.00141	0.0109	0.0023	0.0002	3.4399999999999996e-05	0.0003	2.22e-16	2.22e-16	0.0019	0.00044500000000000003	0.00116	0.000573	2.22e-16	0.000505	0.0121	7.08e-06	7.69e-05	0.00149	2.22e-16	9.51e-05	0.0127	0.000285	2.22e-16	6.829999999999999e-05	2.22e-16	9.120000000000001e-05	0.00979	0.0	0.000123	0.00145	0.000129	0.0174	8.26e-05	0.0009550000000000001	0.00238	0.00137	2.22e-16	9.470000000000001e-05	0.0147	0.00112	0.00238	0.00301	0.00317	0.000207	0.000904	3.0700000000000002e-18	3.15e-07	0.0183	0.0025	2.3899999999999998e-05	0.7090000000000001	0.0405	4.1899999999999995e-05	0.00454	0.134	0.00044699999999999997	0.000828	9.91e-05	0.0054600000000000004	0.000223	0.0027300000000000002	0.000634	0.000205	0.0	3.988999999999999e-09
15	C>A	TCT	T[C>A]T	5.88e-06	0.00044	0.00997	0.0413	0.0127	0.0007469999999999999	0.0006129999999999999	0.00141	0.00373	0.00019099999999999998	0.0319	0.0273	0.67	0.0816	4.73e-05	0.00235	0.0355	0.151	0.00805	0.00925	0.000288	0.00257	0.122	0.0013800000000000002	0.000904	2.22e-16	0.000396	0.00023999999999999998	0.0228	0.0246	0.0014	0.00981	0.000557	0.0411	0.000665	0.00449	0.009640000000000001	0.0128	3.2e-05	0.0153	0.20800000000000002	0.00244	0.0278	0.00655	0.0241	0.0059	0.0273	6.519999999999999e-18	0.0166	0.062	0.003	0.000192	0.00018700000000000002	0.00875	0.00185	0.00037	0.061	0.0008710000000000001	0.0072	0.00406	0.402	0.00619	0.0147	0.0038299999999999996	0.00040599999999999995	0.0012037792660000001	0.002057492391
16	C>G	ACA	A[C>G]A	0.00186	2.2299999999999998e-16	0.0197	0.00689	0.0101	0.000471	6.49e-05	8.56e-06	0.00112	0.00118	0.00433	0.00484	2.2299999999999998e-16	0.000305	0.00016999999999999999	0.00122	0.00387	2.22e-16	0.000113	0.0017399999999999998	0.00101	0.000146	0.00173	0.0031899999999999997	0.00877	1.6899999999999997e-05	0.0016600000000000002	5.74e-18	0.0033399999999999997	0.008029999999999999	0.00042699999999999997	0.00132	0.000154	0.00314	0.00107	0.008320000000000001	0.00199	0.00141	0.000762	0.00358	0.0018399999999999998	0.0343	0.0026899999999999997	0.0473	0.0122	0.00533	0.00040599999999999995	0.000361	0.00318	0.0031100000000000004	0.0012	0.00103	0.000198	0.000288	0.00385	0.00396	0.00173	0.00703	0.00155	0.00285	0.00041799999999999997	0.0154	0.0206	0.00294	0.000377	0.006758077485	0.00723492713
17	C>G	ACC	A[C>G]C	0.00122	0.000133	0.0117	0.0028399999999999996	0.0057	0.00028900000000000003	2.1600000000000003e-05	0.00018899999999999999	0.000319	0.00255	0.00295	0.00196	2.4299999999999998e-05	0.000134	0.00029	0.000642	0.000951	5.78e-06	0.000269	0.00201	0.0005690000000000001	4.34e-05	0.00259	0.00179	0.00151	0.000719	0.000195	4.0799999999999996e-05	0.00367	0.00164	0.00037799999999999997	0.0017699999999999999	0.00022400000000000002	0.00263	0.00046699999999999997	0.00316	0.00203	0.0013	0.0011300000000000001	0.00455	0.0016699999999999998	0.0112	0.00158	0.0225	0.00868	0.00316	0.0005059999999999999	3.13e-05	0.000233	0.00193	0.0015	0.000617	0.00011399999999999999	0.000135	0.0011	0.00454	0.0015199999999999999	0.0054600000000000004	0.000496	0.000168	0.000166	0.00313	0.0017399999999999998	0.00244	0.000588	0.010811956858999999	0.002551355408
18	C>G	ACG	A[C>G]G	0.00011499999999999999	1.52e-05	0.00025299999999999997	0.00128	0.00172	2.22e-16	5.08e-05	0.000505	2.22e-16	0.000906	0.000286	0.0013599999999999999	2.2299999999999998e-16	2.22e-16	5.96e-05	7.509999999999998e-05	0.000264	3.91e-05	3.07e-05	0.0008470000000000001	0.000152	2.2299999999999998e-16	0.0019199999999999998	0.000616	0.000469	2.22e-16	0.000231	2.86e-18	0.0009199999999999999	0.0	6.829999999999999e-05	0.0	2.22e-16	0.0008960000000000001	0.000131	0.003	0.0011300000000000001	0.00025299999999999997	2.22e-16	0.000346	0.0005	0.00535	0.0006360000000000001	0.0136	0.00225	0.00121	1.77e-05	0.00443	3.14e-05	0.00027	0.0	0.000328	8.03e-05	0.000204	0.0008269999999999999	0.00197	0.0008179999999999999	0.00251	0.0017	0.0005099999999999999	0.00042800000000000005	0.00277	0.0016899999999999999	0.0008300000000000001	0.000276	4.5986523e-05	0.000422196736
19	C>G	ACT	A[C>G]T	0.00114	9.120000000000001e-05	0.0174	0.00355	0.0101	0.000254	9.559999999999999e-05	0.000285	0.00193	0.0029100000000000003	0.00571	0.006409999999999999	2.2299999999999998e-16	2.22e-16	0.000535	0.00144	0.004	0.000204	0.000325	0.0115	1.9600000000000002e-05	0.000319	0.004079999999999999	0.00214	0.00442	6.19e-05	6.2e-05	5.6099999999999994e-18	0.00285	0.00343	0.000728	0.00132	8.329999999999999e-05	0.00249	0.000731	0.0037799999999999995	0.00175	0.0013	0.00203	0.00948	0.0019100000000000002	0.0188	0.00244	0.0434	0.0146	0.00827	0.00043099999999999996	0.000354	0.00329	0.00143	0.0022	0.00172	0.000686	0.000176	0.00197	0.0009	0.0017100000000000001	0.0030399999999999997	0.00518	0.0012699999999999999	0.000123	0.00507	0.00203	0.0038299999999999996	0.00025	0.029594216357999997	0.013019760586
20	C>G	CCA	C[C>G]A	2.4100000000000003e-05	2.2299999999999998e-16	0.0193	0.00783	0.006959999999999999	4.11e-05	2.2299999999999998e-16	0.000458	0.000206	0.00132	0.005	0.000893	4.57e-05	2.99e-05	0.000261	0.00134	0.00561	8.55e-05	8.36e-05	0.00355	0.000553	0.000194	0.0006129999999999999	0.0017699999999999999	7.69e-05	1.9699999999999998e-05	0.00105	0.000174	0.0026100000000000003	0.0072	0.000364	0.00473	1.4400000000000001e-05	0.00329	0.0012699999999999999	0.00205	0.00115	0.0015	0.00011899999999999999	0.00386	0.00124	0.000442	0.0016899999999999999	0.0288	0.007559999999999999	0.0020800000000000003	0.00426	2.09e-05	5.36e-05	0.00143	0.0005	0.000956	9.93e-05	0.00021600000000000002	6.56e-05	0.00285	0.00118	0.0027199999999999998	0.0011300000000000001	0.00294	0.000204	0.0008880000000000001	0.000794	0.0020800000000000003	4.71e-05	7.117033e-06	0.001223945047
21	C>G	CCC	C[C>G]C	7.68e-05	0.00035099999999999997	0.0141	0.00687	0.00907	3.72e-05	0.000131	0.0009599999999999999	0.0022600000000000003	0.000286	0.0054600000000000004	0.0015400000000000001	2.2299999999999998e-16	2.22e-16	0.000177	0.000891	0.000648	7.859999999999999e-05	1.7e-05	0.00454	0.00023500000000000002	4.66e-05	0.0022600000000000003	0.0018100000000000002	4.38e-06	0.000273	0.000785	0.00025499999999999996	0.005220000000000001	0.0046	0.000322	0.00126	7.55e-05	0.00634	0.000793	0.00186	0.000824	0.00041	0.000118	0.0063	0.00137	0.00031299999999999996	0.00126	0.0377	0.00935	0.0012	0.00662	0.000212	2.49e-05	0.0008	0.0003	0.00023700000000000001	0.000122	0.000256	0.00028900000000000003	0.00011999999999999999	0.0008349999999999999	0.00603	0.000883	0.00286	0.000225	0.0028699999999999997	0.00128	0.00173	0.00014199999999999998	0.003440786012	0.00021017886
22	C>G	CCG	C[C>G]G	0.000352	4.8700000000000005e-05	0.0015	0.0034	0.00249	8.43e-05	7.75e-05	0.000791	0.000262	0.00132	1.05e-05	0.000437	2.01e-05	2.22e-16	1.12e-05	0.000173	0.000488	1.91e-05	5.02e-05	0.00146	0.00023199999999999997	2.2299999999999998e-16	0.00358	4.8100000000000004e-05	0.000188	1.01e-05	0.000239	1.8599999999999997e-18	0.0009449999999999999	0.000824	4.1700000000000004e-05	0.000361	2.22e-16	0.0013	0.00011999999999999999	0.0008539999999999999	0.000537	0.00031800000000000003	0.00018999999999999998	0.0008699999999999999	0.00041900000000000005	0.000321	0.0009570000000000001	0.0123	0.00168	0.000411	0.00047000000000000004	0.0025399999999999997	7.679999999999999e-18	0.000643	0.0001	0.00067	3.63e-05	0.00023799999999999998	0.0014199999999999998	0.00203	0.0005679999999999999	0.00162	0.000434	0.000264	6.659999999999999e-05	0.000763	5.11e-05	0.0006900000000000001	0.000337	2.195949e-06	4.0247509e-05
23	C>G	CCT	C[C>G]T	2.2299999999999998e-16	6.36e-05	0.0223	0.0068200000000000005	0.00953	1.4400000000000001e-05	9.559999999999999e-05	0.0008900000000000001	0.00424	2.22e-16	0.00549	0.00303	3.01e-05	2.22e-16	9.64e-06	0.00156	0.0064	0.000178	8.45e-05	0.00962	3.9e-05	0.000193	0.00379	0.00322	1.01e-05	0.000173	0.00032	0.000227	0.00471	0.000196	0.000625	0.000268	2.22e-16	0.006690000000000001	0.0010199999999999999	0.0034200000000000003	0.000495	0.000662	7.36e-05	0.0162	0.00209	0.0005809999999999999	0.0012699999999999999	0.0402	0.0139	0.00503	0.006840000000000001	0.0008529999999999999	8.640000000000001e-05	0.0019100000000000002	0.0015	0.00013700000000000002	0.000245	0.00019099999999999998	0.000512	0.0026100000000000003	0.0012	0.000508	0.00133	0.00331	0.000769	0.0028699999999999997	0.00125	0.00346	0.000146	0.013308248775	0.000484083725
24	C>G	GCA	G[C>G]A	9.59e-06	6.54e-05	0.0127	0.0052899999999999996	0.00468	1.9399999999999997e-05	1.9600000000000002e-05	5.11e-05	0.000182	0.000196	0.0025800000000000003	0.0013599999999999999	1.4999999999999999e-05	1.7199999999999998e-05	4.6700000000000003e-05	0.0005639999999999999	0.0015	2.22e-16	0.0009939999999999999	0.00105	0.000878	5.99e-05	0.0006349999999999999	0.00131	0.000669	0.000388	0.0014	4.32e-18	0.0027199999999999998	0.00417	0.000395	0.0014199999999999998	0.000183	0.00227	0.000515	0.00183	0.0008759999999999999	0.000771	3.34e-05	0.0033799999999999998	0.000886	0.00132	0.0012	0.024	0.00506	0.0020399999999999997	0.0024	0.0136	0.00021899999999999998	0.000333	0.0001	0.00168	7.840000000000001e-05	0.000152	0.0267	0.0034100000000000003	0.0013800000000000002	0.0013800000000000002	0.0021899999999999997	0.000851	0.00018700000000000002	0.00379	0.00212	0.00144	0.00016299999999999998	0.011151059622	0.0015959241010000001
25	C>G	GCC	G[C>G]C	0.000164	0.000261	0.00863	0.00575	0.0050799999999999994	0.000685	3.32e-05	0.000452	0.00047300000000000006	2.22e-16	0.0023899999999999998	0.00283	8.31e-05	0.000136	0.00011399999999999999	0.00028900000000000003	0.000479	4.33e-05	0.000608	0.00309	0.0008349999999999999	5.550000000000001e-05	0.00134	0.0012900000000000001	0.00286	0.0014199999999999998	0.00093	0.000127	0.00579	0.0023899999999999998	0.000579	0.00135	2.22e-16	0.00164	0.000256	0.007509999999999999	0.0009	0.000776	0.000193	0.0214	0.00108	0.000938	0.00108	0.0213	0.005370000000000001	0.0026899999999999997	0.0014199999999999998	0.0152	0.00119	0.00101	0.0008	0.00228	0.000217	0.00011	0.033	0.00114	0.00145	0.0847	0.00022	0.00141	9.83e-05	0.00257	0.00149	0.00172	0.000135	0.015758341831	0.0050603620020000005
26	C>G	GCG	G[C>G]G	0.000166	2.2299999999999998e-16	0.00242	0.0033	0.00151	2.22e-16	4.51e-05	0.000337	0.00018	0.000545	0.000488	0.000521	2.2299999999999998e-16	2.22e-16	3.24e-06	9.54e-05	0.000241	2.22e-16	1.01e-05	8.13e-05	2.37e-05	2.2299999999999998e-16	0.0006389999999999999	0.000597	0.000692	0.000117	0.00021099999999999998	1.83e-18	0.00314	0.00041799999999999997	7.38e-05	0.0	2.22e-16	6.88e-06	0.000117	0.00045700000000000005	6.86e-05	4.66e-05	2.22e-16	0.000591	0.000172	0.0005769999999999999	0.0010199999999999999	0.009859999999999999	0.00119	0.000156	0.000223	0.0128	7.679999999999999e-18	0.000695	0.0	0.000465	4.31e-05	3.6700000000000004e-05	0.0028	0.000267	0.00101	0.003	0.00159	0.00572	5.62e-06	0.00186	0.0017100000000000001	0.000359	0.000202	0.0016979672390000002	2.6827588e-05
27	C>G	GCT	G[C>G]T	2.2299999999999998e-16	0.000134	0.0147	0.0030399999999999997	0.00672	0.000321	4.2e-05	0.000277	0.00128	0.0008820000000000001	0.00486	0.00857	3.54e-05	0.000113	0.00018600000000000002	0.000504	0.0027	8.03e-05	0.00045099999999999996	0.00323	0.000787	2.2299999999999998e-16	0.00123	0.00032	0.00302	0.000207	0.000455	4.04e-18	0.0033799999999999998	0.00199	0.000305	0.00456	2.22e-16	0.00321	0.000399	0.00336	0.00022799999999999999	0.0009310000000000001	2.6899999999999997e-05	0.008740000000000001	0.00105	0.0012699999999999999	0.000917	0.0324	0.00698	0.0035600000000000002	0.00277	0.018	0.00185	0.000932	0.0006	0.0022199999999999998	6.53e-05	0.00020800000000000001	0.0143	0.00285	0.0010199999999999999	0.000573	0.00494	6.82e-05	1.75e-06	0.000436	0.00108	0.0022600000000000003	6.43e-05	0.076057560709	0.0031861039399999997
28	C>G	TCA	T[C>G]A	2.2299999999999998e-16	2.2299999999999998e-16	0.0133	0.00358	0.007809999999999999	4.970000000000001e-05	2.2299999999999998e-16	0.000254	0.0019399999999999999	0.00374	0.00147	0.0026899999999999997	5.550000000000001e-05	2.22e-16	1.56e-05	0.0009689999999999999	0.317	1.9699999999999998e-05	0.00021400000000000002	0.00251	0.00375	0.00016	0.00214	0.00175	0.000129	0.000654	0.0035600000000000002	0.00021099999999999998	0.00375	0.0098	0.00131	0.0028699999999999997	0.00011499999999999999	0.00010700000000000001	0.000127	0.000396	4.71e-18	0.013	6.18e-07	0.00663	0.00398	0.00179	0.00266	0.0347	0.0125	0.0199	0.000559	4.42e-06	0.0006730000000000001	0.0033	0.0028	0.000138	0.00013700000000000002	4.8e-05	0.000932	0.00205	0.00198	0.00374	0.00469	0.0070599999999999994	0.0011300000000000001	0.00228	0.00213	2.35e-06	0.000529	0.0	0.00094799547
29	C>G	TCC	T[C>G]C	0.00020299999999999997	9.87e-05	0.0203	0.00595	0.0076	0.000113	5.0900000000000004e-05	0.00162	0.00461	0.000588	0.00134	0.002	2.2299999999999998e-16	2.22e-16	0.00022400000000000002	0.00155	0.0635	0.00015	6.12e-05	0.005229999999999999	0.000723	6.18e-05	0.00464	0.00312	2.8199999999999998e-05	0.0006309999999999999	0.0015199999999999999	0.000266	0.00558	0.0032700000000000003	0.000745	0.0031100000000000004	0.000136	0.00683	0.000986	0.00292	0.0011	0.00251	0.00014	0.00563	0.0024100000000000002	0.0011099999999999999	0.00218	0.0367	0.0141	0.0142	0.00187	0.00103	9.4e-06	0.00201	0.0024	0.00119	0.00035	0.000153	0.000493	0.00361	0.00144	0.00499	0.000517	0.00328	0.000294	0.0028	0.0018	0.00209	0.000348	0.00011394339200000001	0.001869404519
30	C>G	TCG	T[C>G]G	6.94e-05	4.1200000000000005e-05	0.0005200000000000001	0.00183	0.0017100000000000001	1.95e-06	6.35e-06	0.000364	8.75e-06	0.0008730000000000001	7.82e-05	0.000404	2.2299999999999998e-16	2.22e-16	2.22e-16	0.00021400000000000002	0.0138	1.83e-05	5.8399999999999997e-05	0.000439	0.00037999999999999997	1.55e-05	0.0008990000000000001	0.00044100000000000004	0.000124	6.27e-05	0.000381	2.5600000000000002e-18	0.00135	0.00206	9.41e-05	1.28e-05	2.46e-05	0.000897	0.000106	0.00041600000000000003	0.000997	8.04e-05	2.22e-16	0.000155	0.000302	0.00086	0.0011	0.00962	0.0017399999999999998	0.00193	0.000207	0.00147	7.679999999999999e-18	0.000178	0.0001	0.0	2.8199999999999998e-05	6.330000000000001e-05	0.000103	0.00216	0.0005809999999999999	0.00187	0.00123	0.000229	8.39e-05	0.00133	0.00063	0.000405	6.59e-05	7.205710000000001e-07	0.00016999697499999998
31	C>G	TCT	T[C>G]T	0.00156	0.00118	0.0235	0.0033799999999999998	0.0125	0.000128	0.000281	0.000714	0.0123	8.53e-05	0.00024900000000000004	0.00563	5.45e-05	4.34e-05	0.000185	0.00305	0.369	0.000321	0.000174	0.0285	0.000283	0.0015	0.00318	0.00161	0.00112	0.000687	0.000388	0.000466	0.004070000000000001	0.0164	0.00221	0.00213	0.000143	0.000336	0.000109	0.00424	0.000692	0.0201	0.00215	0.0212	0.00759	0.00255	0.00395	0.0507	0.0237	0.0446	0.000381	0.000251	0.00259	0.00329	0.0049	0.000924	0.000148	0.000544	0.000421	0.0033299999999999996	0.00242	0.00374	0.00031099999999999997	0.0021100000000000003	0.000411	0.0129	0.0181	0.0015199999999999999	0.0007610000000000001	0.004953383455	0.006244142552999999
32	C>T	ACA	A[C>T]A	0.025	6.11e-05	0.0142	0.0087	0.0326	0.0641	0.000122	0.00141	0.00133	0.0033299999999999996	0.006809999999999999	0.0081	0.0010400000000000001	0.000549	0.0258	0.00551	0.00718	0.0124	0.00505	0.00176	0.00122	0.000571	0.0092	0.028	0.0493	0.00217	0.00176	0.0226	0.0118	0.021	0.00266	0.0137	0.0007769999999999999	0.00509	0.106	0.0177	0.0864	0.0053100000000000005	0.00352	0.00221	0.00596	0.00624	0.00345	0.0096	0.0197	0.00988	0.0224	2.8999999999999997e-05	0.0899	0.00133	0.0152	0.00427	0.00028700000000000004	0.000575	0.00352	0.0358	0.0026899999999999997	0.00722	0.00148	0.00511	0.0074	0.0326	0.0805	0.00392	0.0027600000000000003	0.053885768706	0.00137478058
33	C>T	ACC	A[C>T]C	0.00632	0.0013800000000000002	0.0124	0.00418	0.0179	0.0229	0.0177	0.0381	0.007679999999999999	0.0014	0.00282	0.00542	0.000834	0.00525	0.147	0.00212	2.22e-16	0.0101	0.0069099999999999995	0.00373	0.0017100000000000001	7.03e-05	0.00465	0.0141	0.013	0.00392	0.00022	0.0809	0.0112	0.0131	0.0025399999999999997	0.00542	0.0033799999999999998	0.0043100000000000005	0.0904	0.00928	0.12300000000000001	0.00213	0.00371	0.00399	0.00328	0.0030600000000000002	0.00215	0.00404	0.0121	0.00336	0.0398	0.000128	0.0169	0.000601	0.0089	0.0009400000000000001	0.00043799999999999997	0.000303	0.0018	0.00565	0.0021	0.00196	0.000529	0.000233	0.000982	0.0129	0.0067599999999999995	0.00286	0.00134	0.042106831613999994	0.0014784417420000001
34	C>T	ACG	A[C>T]G	0.365	3.27e-05	0.00257	0.0007830000000000001	0.00618	0.12	2.2299999999999998e-16	0.000543	0.000927	0.00121	0.00323	0.004379999999999999	0.00557	0.000414	0.00758	0.000118	0.000303	0.0265	0.0745	0.0032700000000000003	3.9500000000000005e-05	0.00028700000000000004	0.0122	0.00155	0.0133	0.0074	0.0013599999999999999	0.00872	0.0005139999999999999	0.0197	0.00533	0.00671	0.00705	0.0201	0.0144	0.00759	0.0366	0.00716	0.000118	0.00058	0.00707	0.00633	0.00518	0.006	0.000267	0.00343	0.00044	0.00122	0.0143	0.00541	0.0046	0.00305	0.00121	0.00201	0.0139	0.00565	0.004079999999999999	0.00695	0.000343	0.00532	0.0015199999999999999	0.0176	0.00863	0.00256	0.00421	0.002540673114	0.00044377562400000004
35	C>T	ACT	A[C>T]T	0.00958	0.00186	0.0121	0.00425	0.022	0.0213	0.00742	0.0108	0.00748	0.0329	0.0125	0.006490000000000001	0.00299	0.00793	0.109	0.00238	0.00031800000000000003	0.0161	0.0017800000000000001	0.006	0.000737	0.000147	0.00797	0.0368	0.013	4.1700000000000004e-05	0.000616	0.035	0.00915	0.00573	0.00279	0.00448	0.00506	0.00183	0.0293	0.0101	0.152	0.00307	0.00387	0.0009	0.0043100000000000005	0.00565	0.00244	0.0128	0.0169	0.00635	0.0352	0.00091	0.0303	0.00122	0.0068	0.00249	0.00023500000000000002	0.00041500000000000006	0.00692	0.0032	0.00176	0.0019399999999999999	0.00499	0.000776	0.0028399999999999996	0.0154	0.00731	0.00339	0.000298	0.054345874146	0.00456358326
36	C>T	CCA	C[C>T]A	0.002	0.00432	0.0161	0.0127	0.0194	0.0136	0.05	0.107	0.00271	0.0356	0.00267	0.007240000000000001	3.68e-05	0.000151	0.004070000000000001	0.00659	1.93e-05	0.0027300000000000002	0.0108	0.00717	0.0008210000000000001	0.00045700000000000005	0.0117	0.11900000000000001	0.0106	0.00135	0.00121	0.0622	0.005379999999999999	0.0143	0.0016899999999999999	0.0174	0.000292	0.00761	0.11	0.0412	0.0169	0.0045899999999999995	0.00475	0.0051	0.00675	0.00361	0.00424	0.00911	0.0196	0.0069099999999999995	0.0187	7.62e-06	0.0035700000000000003	0.00214	0.0284	0.0008640000000000001	1.82e-05	0.00047000000000000004	0.0038399999999999997	0.00323	0.0032700000000000003	0.0146	0.00337	0.00725	0.000298	0.0149	0.00809	0.0028699999999999997	0.0015199999999999999	0.018028129532	0.0016369990659999998
37	C>T	CCC	C[C>T]C	0.00027	0.00016999999999999999	0.0202	0.0115	0.019	0.0148	0.0553	0.182	0.0059700000000000005	0.0026	0.00402	0.008759999999999999	2.2299999999999998e-16	8.44e-05	0.126	0.000254	0.00135	0.0013800000000000002	0.0111	0.0028399999999999996	0.00172	5.8899999999999995e-05	0.0067599999999999995	0.092	0.013	0.0051600000000000005	0.0031899999999999997	0.18899999999999997	0.00885	0.00594	0.00283	0.0071400000000000005	0.00021	0.00164	0.10300000000000001	0.16399999999999998	0.0284	0.0015300000000000001	0.0005139999999999999	0.0832	0.006679999999999999	0.0021	0.00473	0.00386	0.0173	0.00185	0.0481	4.35e-18	0.00286	5.07e-05	0.0133	0.00461	0.000301	0.000493	0.00425	0.0047	0.00182	0.0046	0.000226	0.004	0.000531	0.0121	0.00992	0.00040899999999999997	0.0018800000000000002	0.040621303138999997	0.000369373076
38	C>T	CCG	C[C>T]G	0.196	0.00277	0.00224	0.00331	0.0175	0.122	0.00671	0.0221	0.00894	0.00264	0.00149	0.006509999999999999	2.2299999999999998e-16	0.0037	0.0009199999999999999	4.09e-05	0.00199	0.0116	0.0248	0.000691	0.0019	0.000543	0.0168	0.0157	0.0165	0.006220000000000001	0.000426	0.0142	0.00635	0.0116	0.0033399999999999997	0.0075	0.00255	0.0153	0.0168	0.0082	0.0112	0.00588	0.00945	0.00267	0.00533	0.0032700000000000003	0.0035	0.00757	0.00236	0.0101	0.0019199999999999998	9.719999999999999e-05	0.0155	0.0022	0.0083	0.0015199999999999999	1.87e-05	0.0013800000000000002	0.00108	0.0207	0.00238	0.0137	0.0283	6.59e-05	0.00795	0.0064	0.00799	0.0011	0.00406	0.0	2.4057242000000002e-05
39	C>T	CCT	C[C>T]T	0.000196	0.00145	0.023	0.016	0.0231	0.0138	0.0566	0.126	0.0206	0.000138	0.0145	0.0111	0.000103	0.000595	0.0651	0.0033799999999999998	0.00145	0.0013599999999999999	0.0156	0.0193	0.0017399999999999998	0.000136	0.00665	0.258	0.0117	0.000325	0.0016	0.156	0.0042899999999999995	0.0136	0.00165	0.00715	0.0033200000000000005	0.0006730000000000001	0.0462	0.145	0.0428	0.0027	3.53e-05	0.047	0.00575	0.00606	0.0041	0.0069900000000000006	0.0216	0.00773	0.0329	0.0007440000000000001	0.00504	0.0027300000000000002	0.0064	0.003	0.000479	0.000519	0.0119	0.00406	0.00257	0.016	0.00371	0.000719	0.000508	0.032	0.0277	0.00242	0.00251	0.042237294613	0.002350306147
40	C>T	GCA	G[C>T]A	0.0044399999999999995	2.2299999999999998e-16	0.0164	0.00409	0.0194	0.0936	8.49e-05	0.0008550000000000001	0.000157	0.000365	0.000276	0.00698	4.22e-05	0.000363	0.0197	0.00448	0.00718	0.0171	0.0737	0.0065	0.00164	6.11e-05	0.00968	0.061	0.0422	0.00932	0.00238	0.0537	0.0299	0.01	0.00275	0.0142	0.00325	0.0104	0.0497	0.0068	0.0226	0.00535	0.000233	0.0072900000000000005	0.00372	0.00255	0.00237	0.008029999999999999	0.0143	0.00601	0.0336	0.000766	0.0955	0.001	0.0126	0.00106	0.00034500000000000004	0.000184	0.00242	0.00447	0.0017800000000000001	0.009179999999999999	0.00022200000000000003	0.0065	9.49e-06	0.00514	0.00678	0.00244	0.00124	0.089177561445	0.000887033367
41	C>T	GCC	G[C>T]C	9.279999999999999e-05	1.29e-07	0.0134	0.00446	0.0216	0.111	0.0117	0.0263	9.51e-06	0.000181	0.000245	0.006529999999999999	0.0125	0.0151	0.115	0.00182	0.000921	0.008159999999999999	0.129	0.0052899999999999996	2.22e-16	0.000157	0.00817	0.0397	0.0532	0.0196	0.00187	0.154	0.0437	0.00695	0.00545	0.0201	0.000188	0.00796	0.061	0.0114	0.0379	0.00514	2.22e-16	0.0178	0.0034	0.00231	0.00296	0.0045	0.0116	0.00864	0.152	4.1000000000000005e-18	0.0814	0.000933	0.0045	0.0017100000000000001	7.39e-06	0.000118	0.00158	0.00309	0.00122	0.0119	0.0131	0.00151	0.0005059999999999999	0.0069299999999999995	0.00315	0.00235	0.00144	0.11162955111600001	0.000484366313
42	C>T	GCG	G[C>T]G	0.218	2.2299999999999998e-16	0.000528	0.000482	0.0123	0.17800000000000002	5.52e-06	0.000176	3.43e-05	0.000157	0.0019100000000000002	0.00476	0.0149	0.0126	0.0017800000000000001	7.46e-05	0.000178	1.92e-05	0.27699999999999997	0.00117	0.00161	0.0008550000000000001	0.0148	0.00321	0.0205	4.34e-05	2.22e-16	0.0123	0.0254	0.0105	0.006679999999999999	0.00937	0.000215	0.0183	0.00524	0.00197	0.0104	0.00584	0.0167	0.00253	0.0057	0.00432	0.00448	0.00548	3.93e-18	0.0171	0.00455	9.66e-06	0.0496	0.00151	0.0015	0.00172	0.000303	0.0010400000000000001	0.0055	0.00428	0.00283	0.00599	0.0191	0.0119	0.00206	0.008440000000000001	0.007359999999999999	3.2399999999999997e-18	0.00336	0.009223925314	0.000116423626
43	C>T	GCT	G[C>T]T	3.84e-05	5.04e-05	0.0113	0.00381	0.0186	0.0744	0.0161	0.00539	0.000758	0.0421	0.00461	0.0107	0.0135	0.0319	0.0696	0.00267	0.0012699999999999999	0.0105	0.0772	0.00672	6.6e-05	2.2299999999999998e-16	0.006690000000000001	0.109	0.0331	0.00805	0.00176	0.107	0.0203	0.00982	0.00498	0.00759	0.000102	0.00512	0.0177	0.0057	0.0532	0.0039299999999999995	0.000517	0.00603	0.0036299999999999995	0.00232	0.0032	0.00861	0.0127	0.008409999999999999	0.0865	0.00186	0.0666	0.00199	0.004	0.00404	0.00011	0.000308	0.0163	0.00595	0.0010199999999999999	0.0031	0.000248	0.0052899999999999996	0.0008300000000000001	0.00618	0.00503	0.00296	0.0008939999999999999	0.18044045612100001	0.004167105016
44	C>T	TCA	T[C>T]A	0.0011099999999999999	0.536	0.00576	0.00374	0.0203	0.012	0.23800000000000002	0.0066099999999999996	0.0173	0.000207	0.00504	0.00427	0.000366	0.0027300000000000002	0.00978	0.005520000000000001	0.0069299999999999995	0.0035399999999999997	0.0265	0.00636	0.000532	0.00010800000000000001	0.0114	0.0439	0.00807	0.0036	0.00159	0.0153	0.0024	0.0111	0.00329	0.0188	0.00484	0.00639	0.098	0.00748	0.0248	0.0147	0.00186	0.00296	0.0107	0.00402	0.00645	0.0038799999999999998	0.03	0.0117	0.0048200000000000005	3.72e-05	0.0014	0.0024	0.0185	0.007240000000000001	0.00021400000000000002	0.00018700000000000002	0.0194	0.0017	0.00147	0.00573	7.45e-18	5.8200000000000003e-11	0.0002	0.008140000000000001	0.0042899999999999995	0.000161	4.07e-05	7.0752091e-05	0.003823610731
45	C>T	TCC	T[C>T]C	3.73e-05	0.0973	0.0133	0.0069900000000000006	0.023	0.0105	0.331	0.21100000000000002	0.0137	0.00565	0.000252	0.00733	0.0027600000000000003	0.0485	0.158	0.00264	0.00448	0.00013700000000000002	0.009559999999999999	0.0036799999999999997	9.059999999999999e-05	0.000604	0.0114	0.025	0.00919	8.070000000000001e-05	0.00132	0.0436	0.0122	0.00645	0.00253	0.00799	0.00413	3.61e-18	0.134	0.0246	0.0387	0.00317	0.00028900000000000003	0.0126	0.00686	0.0025	0.0072299999999999994	0.00528	0.0231	0.00647	0.0327	5.06e-18	0.00225	0.00202	0.0126	0.0371	0.000317	0.000582	0.10400000000000001	0.0017699999999999999	0.0015300000000000001	0.00577	0.000661	0.00411	0.000184	0.0173	0.0153	0.00028	0.000958	0.026909334241999996	0.002998120759
46	C>T	TCG	T[C>T]G	0.11	0.0442	0.000989	0.000281	0.0159	0.052	0.0741	0.0574	4.6399999999999996e-05	0.00175	4.1700000000000004e-05	0.0032600000000000003	0.00279	0.43700000000000006	2.94e-07	8.85e-05	0.00119	0.00532	0.0212	0.00302	0.000177	6.24e-05	0.0118	0.00432	0.00264	0.000317	3.77e-05	0.0028699999999999997	0.0026899999999999997	0.0141	0.00263	0.00461	0.0017399999999999998	0.0144	0.0147	0.008409999999999999	0.00985	0.00385	0.0003	0.0007650000000000001	0.00389	0.00343	0.0034700000000000004	0.00486	0.00212	0.00492	0.000364	3.0700000000000002e-18	7.679999999999999e-18	0.00175	0.0037	0.0019399999999999999	0.00040199999999999996	0.0009339999999999999	0.0039700000000000004	0.006490000000000001	0.0021899999999999997	0.0102	1.1900000000000002e-13	0.00481	0.000154	0.0046	0.0033399999999999997	4.5400000000000005e-18	0.00173	6.923779e-06	0.00015795896800000002
47	C>T	TCT	T[C>T]T	2.2299999999999998e-16	0.3	0.00817	0.00722	0.021	0.0069900000000000006	0.107	0.102	0.00232	0.05	0.00527	0.0054600000000000004	0.0228	0.128	0.11900000000000001	0.0061200000000000004	0.0014199999999999998	0.000359	0.0017399999999999998	0.0221	0.000348	0.000895	0.00375	0.0629	5e-05	7.31e-05	2.22e-16	0.0263	0.00471	0.0124	0.00213	0.0119	0.00199	0.00428	0.0525	0.0195	0.067	0.009040000000000001	0.000808	0.00804	0.008329999999999999	0.00584	0.00658	0.004229999999999999	0.0224	0.0115	0.0151	0.0008359999999999999	0.00302	0.00295	0.0044	0.0809	5.85e-06	0.000312	0.0818	0.0424	0.00165	0.00771	0.000236	0.0314	8.2e-05	0.0372	0.179	0.00209	0.00391	0.016839668837999998	0.038650889984
48	T>A	ATA	A[T>A]A	0.0008	9.590000000000001e-05	0.00549	0.00942	0.007379999999999999	9.82e-05	0.0019399999999999999	0.00249	0.0124	8.89e-05	0.0195	0.0127	5.07e-05	0.00182	0.000417	0.00517	2.22e-16	0.0006129999999999999	0.0020399999999999997	0.0231	0.00101	6.26e-05	0.00249	0.000786	0.0005110000000000001	0.00346	0.0639	8.28e-18	0.00158	0.0204	0.0015199999999999999	0.14300000000000002	0.000172	0.0006190000000000001	0.000363	0.007859999999999999	0.000713	0.000868	0.10300000000000001	0.00489	0.00244	0.00225	0.00199	0.0053100000000000005	0.0061	0.00746	0.0133	0.0153	0.0047799999999999995	0.000525	0.0027	0.138	0.00066	0.000129	0.00536	0.113	0.0017699999999999999	0.00589	0.000956	0.00426	5.05e-06	0.00328	0.0245	0.002	0.0039700000000000004	0.001562338887	0.11185871741
49	T>A	ATC	A[T>A]C	0.00223	0.000878	0.007209999999999999	0.0035299999999999997	0.0069299999999999995	0.000546	0.00067	0.00046699999999999997	0.0034200000000000003	0.00108	0.0213	0.00282	0.000194	0.000337	0.00044100000000000004	0.00271	6.52e-05	0.00037200000000000004	0.0008410000000000001	0.00774	0.000997	0.00028900000000000003	0.000878	0.00025499999999999996	0.00519	0.00565	0.00701	5.56e-18	0.00225	0.00889	0.00352	0.00146	0.000478	0.002	0.000393	0.00607	0.0008869999999999999	0.00114	0.0444	0.007359999999999999	0.00143	0.0016600000000000002	0.0019399999999999999	0.00288	0.0044399999999999995	0.0043	0.0040100000000000005	0.0037799999999999995	0.0026	0.0004969999999999999	0.0018	0.00716	0.000266	7.780000000000001e-05	0.00394	0.00135	0.00118	0.00259	0.0031899999999999997	0.000618	0.0042899999999999995	0.00643	0.00146	0.0025	0.000223	0.00039746114800000005	0.013051252824
50	T>A	ATG	A[T>A]G	0.00114	2.55e-05	0.009640000000000001	0.0124	0.00912	2.22e-16	0.000587	0.00156	0.00021099999999999998	0.0037	0.0228	0.0027600000000000003	2.2299999999999998e-16	2.34e-05	3.929999999999999e-05	0.00312	0.00059	0.000354	0.00054	0.00881	0.0002	6.57e-05	0.0026	0.0009519999999999999	0.000303	0.000248	0.0606	0.000354	0.002	0.00624	0.000625	0.00123	0.000152	0.00248	0.000638	0.00503	0.000712	0.000696	0.0346	0.00133	0.00253	0.00249	0.00108	0.006940000000000001	0.0069299999999999995	0.00303	0.0050100000000000006	0.00143	1.08e-06	0.00213	0.0005	0.00745	0.000465	0.000241	0.000573	0.0368	0.00119	0.0028699999999999997	0.004229999999999999	0.0081	0.000513	0.0058	0.00469	0.0021899999999999997	0.000352	7.082955e-05	0.021107255813000003
51	T>A	ATT	A[T>A]T	0.000183	2.2299999999999998e-16	0.00611	0.00421	0.0062	0.0016600000000000002	0.00371	0.00829	0.0507	0.0411	0.025	0.0189	0.006659999999999999	0.00285	3.4e-06	0.00282	0.000606	0.00185	0.00954	0.011	0.00146	0.000633	0.00784	0.000654	0.0256	0.0016	0.00251	0.000161	0.0018	0.0149	0.00307	0.0025399999999999997	0.0017	0.00196	0.00049	0.0041600000000000005	0.0008439999999999999	0.00507	0.316	0.007370000000000001	0.00307	0.00277	0.0027199999999999998	0.0061200000000000004	0.0107	0.0696	0.00685	0.00428	0.0308	0.000605	0.002	0.0676	0.000675	0.000354	0.0024100000000000002	0.0295	0.00119	0.00463	0.000301	0.00392	0.029	0.0063100000000000005	0.00877	0.0028	0.000728	0.010652827921	0.070288409275
52	T>A	CTA	C[T>A]A	4.3e-05	0.00024300000000000002	0.007940000000000001	0.0144	0.0035399999999999997	6.659999999999999e-05	0.000177	0.00112	0.0034700000000000004	0.00161	0.019	0.00479	2.2299999999999998e-16	7.09e-05	0.000184	0.000546	0.00020899999999999998	0.000155	0.000348	0.00321	0.000434	9.36e-05	0.000542	9.6e-05	0.000144	6.19e-06	0.128	0.000462	0.00132	0.0263	0.000944	0.331	0.00014	0.00195	0.00021400000000000002	0.0206	0.000325	0.000746	0.0237	0.0526	0.00126	0.00157	0.000897	0.00494	0.00109	0.0036200000000000004	0.0126	0.0013599999999999999	1.24e-05	0.000697	0.0042	0.014	8.62e-05	7.41e-05	0.000193	0.00611	0.00122	0.0036899999999999997	7.45e-18	7.390000000000001e-05	0.00119	0.00639	0.00248	7.03e-05	6.64e-05	0.00013655009599999998	0.009896320186
53	T>A	CTC	C[T>A]C	0.000393	0.000244	0.0178	0.0122	0.00519	0.000551	0.000261	0.000958	0.0134	8.13e-05	0.0292	0.00313	2.2299999999999998e-16	0.000106	0.000212	0.0056	0.000342	0.00295	0.000244	0.0057	0.0405	0.00224	0.0030600000000000002	0.00040300000000000004	0.00648	0.000688	0.0551	4.469999999999999e-18	0.00187	0.0158	0.00145	0.00281	0.00135	0.00141	0.0007769999999999999	0.0211	0.00065	0.000992	0.00040899999999999997	0.033	0.00146	0.00116	0.00202	0.00644	0.00762	0.0031899999999999997	0.00172	1.21e-05	0.00325	0.0010400000000000001	0.0033	0.000571	0.000102	5.14e-05	0.000535	0.00149	0.000231	0.0045	0.000732	1.1e-06	0.000974	0.00659	0.0223	0.00164	0.0005139999999999999	0.0	0.001136017362
54	T>A	CTG	C[T>A]G	0.000324	0.000149	0.0132	0.0325	0.0050100000000000006	0.00011499999999999999	0.00011200000000000001	0.000883	0.0009609999999999999	0.0012	0.0276	0.0053100000000000005	2.2299999999999998e-16	2.22e-16	0.000305	0.00141	0.000226	0.000317	8.2e-05	0.00103	0.0124	0.000717	0.00321	0.000294	0.000123	0.000125	0.168	0.000132	0.00503	0.0629	0.00114	0.0044	0.0008060000000000001	0.00198	0.000587	0.0187	0.00141	0.000479	0.00117	0.0582	0.00214	0.0016	0.0017800000000000001	0.0068	0.00346	0.00312	0.0149	0.000296	0.000582	0.0034100000000000003	0.0043	5.8200000000000005e-05	0.00031	0.00023199999999999997	0.000516	0.006520000000000001	0.00123	0.0033	0.0019199999999999998	0.016	0.00159	0.0012900000000000001	0.000858	0.000139	3.8100000000000004e-07	0.00012517576100000002	0.000178582568
55	T>A	CTT	C[T>A]T	0.00026000000000000003	2.2299999999999998e-16	0.0127	0.0118	0.0043	0.00017900000000000001	0.000371	0.00011200000000000001	0.0487	0.00115	0.0418	0.0044399999999999995	0.000376	0.000234	0.000162	0.0015	0.000523	0.0013800000000000002	0.00105	0.006529999999999999	0.0723	0.007790000000000001	0.0022600000000000003	0.000218	0.000102	2.22e-16	0.0603	0.000375	0.0048	0.0366	0.000642	0.00543	0.00103	0.00198	0.000612	0.031	0.000663	0.00112	0.000268	0.0664	0.00196	0.00206	0.00236	0.00827	0.00928	0.009009999999999999	0.00757	0.00020299999999999997	1.3800000000000002e-05	0.00134	0.0036	7.6e-05	0.000362	0.000106	0.00020899999999999998	0.0036200000000000004	0.0008560000000000001	0.00861	6.659999999999999e-05	0.005229999999999999	6.09e-06	0.0107	0.0013	0.00371	0.000132	0.0	0.010551155388
56	T>A	GTA	G[T>A]A	8.120000000000001e-05	2.2299999999999998e-16	0.0070599999999999994	0.00922	0.00367	5.1e-05	0.000401	0.000526	0.00173	2.37e-05	0.0128	0.00265	3.31e-06	2.22e-16	1.54e-06	0.000826	6.7e-06	5.7700000000000007e-05	0.0005110000000000001	0.0009400000000000001	6.459999999999998e-05	9.73e-05	0.0016	0.00018899999999999999	5.56e-05	0.00117	0.0537	6.2600000000000006e-18	0.00157	0.0362	0.0007830000000000001	0.11	0.00011599999999999999	0.00343	0.00032900000000000003	0.0019	0.008790000000000001	0.00081	0.019	0.000717	0.00088	0.00115	0.000893	0.00496	0.00265	0.00233	0.012	0.00618	0.00116	0.0003	0.0061	0.016	0.00013000000000000002	5.04e-05	0.000732	0.0204	0.000524	0.00445	0.00233	0.00243	0.00042	0.0033299999999999996	0.00207	0.00025499999999999996	0.000109	0.00109863859	0.017239232975
57	T>A	GTC	G[T>A]C	0.000129	0.000131	0.00748	0.0036	0.0029100000000000003	0.000489	0.00022400000000000002	0.000256	0.00227	0.00011200000000000001	0.0135	0.00212	2.2299999999999998e-16	0.000123	0.000375	0.0018100000000000002	0.00013000000000000002	0.0027300000000000002	0.000589	0.000608	0.0034	0.00034700000000000003	0.00195	7.780000000000001e-05	0.00256	0.0032600000000000003	0.0102	0.00014	0.00235	0.00585	0.00115	2.35e-05	0.000118	0.000789	0.000182	0.0029100000000000003	0.00822	0.000362	0.00242	0.00556	0.0006309999999999999	0.0007740000000000001	0.00112	0.00352	0.00343	0.00229	0.0018399999999999998	0.00133	0.00236	0.000638	0.001	0.00022799999999999999	0.000124	9.1e-05	0.00105	0.00385	0.000399	0.0027	0.00899	0.000185	0.00237	0.000597	0.0006259999999999999	0.00198	0.00011	6.5576983e-05	0.001005109264
58	T>A	GTG	G[T>A]G	0.000246	6.38e-05	0.0116	0.0131	0.00411	0.000195	0.00029	0.000656	2.22e-16	0.00135	0.0156	0.000788	7.3e-05	2.22e-16	0.00011899999999999999	0.00251	4.7e-05	0.00011999999999999999	0.00018700000000000002	0.00555	0.000695	0.000241	0.00183	0.00048600000000000005	0.00213	0.000742	0.0375	4.68e-18	0.00249	0.0382	0.000608	0.00157	7.170000000000001e-05	0.00366	9.86e-05	0.00577	0.0131	0.0008269999999999999	0.006529999999999999	0.00112	0.00117	0.00108	0.00121	0.006670000000000001	0.00441	0.00143	0.00777	0.0045	0.00221	0.00103	0.0024	1.31e-05	0.000143	0.00011	0.000199	0.0042899999999999995	0.0012900000000000001	0.00396	0.00264	0.0125	0.000436	0.00246	0.0204	0.000505	0.00036	0.000337380913	0.0035201660859999996
59	T>A	GTT	G[T>A]T	0.000258	6.28e-05	0.0123	0.005520000000000001	0.00322	0.000248	0.000306	5.59e-05	0.0203	0.008759999999999999	0.0281	0.00256	0.000426	0.00010800000000000001	0.000164	0.000915	0.00035800000000000003	0.000857	0.00084	0.0009660000000000001	0.0048	0.00158	0.00346	0.000283	0.0043	0.0009369999999999999	0.00932	5.78e-18	0.00131	0.0202	0.000834	0.0	0.000324	0.00107	0.00019099999999999998	0.000789	0.0061600000000000005	0.00176	0.00748	0.00286	0.00112	0.00168	0.0018399999999999998	0.00409	0.00577	0.004520000000000001	0.00325	0.00131	0.00318	0.0005099999999999999	0.0012	3.28e-06	0.000231	0.000131	0.000786	0.000146	0.000811	0.0031100000000000004	0.00185	0.00512	0.005370000000000001	0.00793	0.00277	0.00151	0.000637	0.000135756563	0.011658501206
60	T>A	TTA	T[T>A]A	0.00672	0.00042199999999999996	0.006509999999999999	0.008879999999999999	0.0063100000000000005	0.000454	0.000356	0.00324	0.0154	0.0167	0.0115	0.026	0.0020399999999999997	0.0030600000000000002	0.00018600000000000002	0.00375	0.000296	0.0002	0.00109	0.0123	0.00011899999999999999	0.00119	0.0108	0.0004940000000000001	0.012	0.00025699999999999996	0.0718	7.770000000000001e-18	0.00412	0.0218	0.0011300000000000001	0.0528	0.000188	0.0007639999999999999	0.00028199999999999997	0.0067	0.000512	0.0041	0.272	0.0043	0.00246	0.00245	0.00244	0.006690000000000001	0.00713	0.0806	0.0085	7.63e-05	0.006959999999999999	0.000407	0.0045	0.156	2.35e-05	0.00042	0.0016899999999999999	0.0201	0.00105	0.0031	0.00155	0.00361	0.00942	0.00302	0.0119	0.00209	0.0011300000000000001	0.0065699074860000005	0.060179901809
61	T>A	TTC	T[T>A]C	2.2299999999999998e-16	0.000192	0.0105	0.0043100000000000005	0.00414	0.00011399999999999999	0.000389	0.00224	0.0342	0.00123	0.0195	0.00185	0.00036	0.000665	0.000202	0.00645	0.00023199999999999997	0.00173	0.000157	0.0046700000000000005	0.0057	0.000242	0.0027300000000000002	0.000475	0.00031800000000000003	0.000795	0.0236	5.27e-18	0.0032700000000000003	0.0034100000000000003	0.00126	4.71e-05	0.00125	0.00193	0.000241	0.00375	0.00245	0.000217	2.22e-16	0.0053	0.0010199999999999999	0.0011300000000000001	0.0009279999999999999	0.0036899999999999997	0.0103	0.0143	0.0022600000000000003	0.000938	2.07e-05	0.000262	0.0043	1.23e-05	7.64e-06	5.6999999999999996e-05	0.000664	0.0025800000000000003	0.000469	0.0035600000000000002	0.00017900000000000001	6.95e-05	0.000805	0.00923	0.000898	0.00186	2.2299999999999998e-16	0.0008645071319999999	0.007794895232
62	T>A	TTG	T[T>A]G	2.8000000000000003e-05	5.01e-05	0.00671	0.00954	0.00479	2.95e-05	2.2299999999999998e-16	0.0017	0.0122	0.0056	0.0129	0.0167	0.0006929999999999999	7.06e-05	0.00020099999999999998	0.00277	0.000188	0.000357	0.000149	0.00518	0.00183	2.2299999999999998e-16	0.00179	0.000373	0.000176	9.85e-05	0.0732	0.000185	0.00199	0.0102	0.000278	0.0	0.000321	0.000924	0.00018999999999999998	0.0032700000000000003	0.00176	0.00066	0.00777	0.0013800000000000002	0.000872	0.00128	0.0008039999999999999	0.0054600000000000004	0.00502	0.009290000000000001	0.00533	5.14e-05	5.02e-06	0.000654	0.0005	0.000452	8.32e-06	7.53e-05	7.54e-05	0.00403	0.000778	0.0016	0.00032900000000000003	0.00948	0.00636	0.0044	0.0008289999999999999	0.000453	4.24e-05	0.000784032307	0.006733400083
63	T>A	TTT	T[T>A]T	0.00225	0.000205	0.013	0.00562	0.00875	0.000426	0.000798	2.22e-16	0.27899999999999997	0.0273	0.0379	0.017	0.0052899999999999996	0.0015199999999999999	0.000674	0.00525	6.2e-05	0.00182	0.000475	0.00716	0.00198	0.00131	0.0071	0.0006730000000000001	0.00671	7.64e-05	0.0301	7.32e-18	0.0021899999999999997	0.0145	0.00131	0.00193	0.00572	0.0012	0.000701	0.008879999999999999	0.000711	0.0027199999999999998	0.046	0.00541	0.0027	0.00195	0.0025	0.0107	0.021	0.0535	0.00352	8.77e-18	0.0139	0.00139	0.0034	0.00435	0.000426	0.000331	0.00295	0.006379999999999999	0.00134	0.0050799999999999994	7.45e-18	0.0021	0.0007440000000000001	0.0289	0.0146	0.00299	0.00053	0.0070599555570000005	0.062798279518
64	T>C	ATA	A[T>C]A	0.00109	6.17e-05	0.0165	0.00795	0.0462	0.00221	0.00049	0.0010199999999999999	0.000288	0.00436	0.009770000000000001	0.0203	0.000745	0.00935	0.00114	0.0736	0.0019100000000000002	0.0126	0.00389	0.242	9.65e-05	9.73e-05	0.00202	0.00259	0.0107	0.0167	0.025	0.000886	0.0064	0.0207	0.0848	0.00505	0.000549	0.00196	0.000611	0.0204	0.000936	0.0125	0.00462	0.0020399999999999997	0.00525	0.0733	0.00279	0.0112	0.0187	0.0144	0.0116	8.88e-06	0.0193	0.00137	0.0185	0.00283	0.0011	0.0006129999999999999	0.00263	0.00259	0.00375	0.0113	0.0292	0.00435	0.0125	0.0266	0.0805	0.00995	0.0012900000000000001	0.0	0.029567020575000002
65	T>C	ATC	A[T>C]C	0.0030399999999999997	2.15e-05	0.0077599999999999995	0.000715	0.0134	0.0011300000000000001	0.000227	0.00045599999999999997	0.000533	0.0039299999999999995	0.0050100000000000006	0.0105	0.0036200000000000004	0.0005099999999999999	0.000938	0.0403	0.00014199999999999998	0.0063	0.00196	0.0129	0.0127	0.000252	0.00209	0.000594	0.00455	0.01	0.0008990000000000001	0.000178	0.00218	0.0095	0.0261	0.00185	0.00044100000000000004	0.00229	0.000458	0.0074	0.000701	0.00375	0.00123	0.0008210000000000001	0.0016899999999999999	0.0384	0.00164	0.00564	0.00734	0.00579	0.00351	0.0313	0.00324	0.00041799999999999997	0.0478	0.0056700000000000006	0.00018899999999999999	8.14e-05	0.00928	0.0193	0.0018800000000000002	0.0037	0.00775	3.36e-06	0.0061600000000000005	0.00966	0.0049299999999999995	0.0026100000000000003	0.000277	0.000323133451	0.020410486307
66	T>C	ATG	A[T>C]G	0.000106	1.32e-05	0.0123	0.005	0.0382	0.00424	0.00018700000000000002	0.0015	0.00107	0.00919	0.00698	0.0143	0.00214	0.000531	0.00032	0.0705	0.00042800000000000005	0.0124	0.00023999999999999998	0.0639	0.000376	2.2299999999999998e-16	0.0020800000000000003	0.00231	0.0186	0.0038799999999999998	0.00775	0.00047000000000000004	0.00176	0.0199	0.0785	0.00569	0.000405	0.00275	0.000277	0.00812	0.00109	0.0734	1.95e-05	0.0009199999999999999	0.0038399999999999997	0.0168	0.00217	0.009640000000000001	0.0155	0.00804	0.00856	0.000586	0.0272	0.00207	0.0329	0.00209	0.000285	0.0002	0.0011300000000000001	0.00395	0.00262	0.00825	0.20199999999999999	0.00402	0.00955	0.0103	0.00675	0.00352	3.52e-06	1.1504801e-05	0.005070940432
67	T>C	ATT	A[T>C]T	0.0057399999999999994	0.000155	0.0173	0.00156	0.0383	0.000502	0.000615	0.00215	0.00265	0.051	0.0149	0.029	0.00336	0.00015	0.00119	0.0638	0.000959	0.0059700000000000005	0.0009289999999999999	0.136	0.007790000000000001	0.000544	0.00424	0.0017399999999999998	0.000103	0.0256	0.000755	0.000261	0.00244	0.0145	0.0372	0.00259	0.000595	0.00115	0.000545	0.00847	0.00061	0.00921	0.00234	0.00203	0.00512	0.048	0.00349	0.0136	0.0194	0.0177	0.0027	0.0088	0.000267	0.00146	0.0306	0.0013	0.0011099999999999999	0.000482	0.00492	0.00187	0.00492	0.00718	0.00783	0.0137	0.0124	0.0179	0.008159999999999999	0.0108	3.63e-05	0.009382160052	0.059234079950000004
68	T>C	CTA	C[T>C]A	2.2299999999999998e-16	0.000302	0.00883	0.00518	0.0133	0.0016600000000000002	0.00045099999999999996	0.0015300000000000001	0.00757	0.0102	0.0023899999999999998	0.0137	0.000122	0.00132	0.000328	0.0454	4.74e-05	0.00316	0.00075	0.0107	0.0111	0.000647	0.000386	0.000452	0.0117	0.0115	0.00674	6.86e-18	0.00227	0.00903	0.052	0.0049	0.00132	0.00118	0.0012699999999999999	0.00815	0.000593	0.0151	0.000594	0.00133	0.0015	0.05	0.00195	0.00734	0.0109	0.0103	0.0035399999999999997	0.0027199999999999998	0.0146	0.0011099999999999999	0.0223	0.0019100000000000002	0.000145	0.000121	0.000839	0.00418	0.0023899999999999998	0.0101	0.0114	0.00418	0.00337	0.012	0.00392	0.0022	0.0008789999999999999	0.002269665991	0.007184033893000001
69	T>C	CTC	C[T>C]C	0.0025	2.8499999999999998e-05	0.0145	0.00236	0.0104	0.00103	0.000259	0.00084	0.00358	8.89e-05	0.007	0.0153	4.1200000000000005e-05	0.000124	0.000713	0.0497	0.000122	0.00534	0.00215	0.00317	0.17300000000000001	0.00646	0.00246	8.14e-05	0.00483	0.00282	0.00134	4.469999999999999e-18	0.00224	0.0108	0.0312	0.00572	0.00262	0.0018399999999999998	0.0013800000000000002	0.009909999999999999	0.000927	0.0301	4.04e-05	0.00202	0.0018800000000000002	0.0218	0.00232	0.007909999999999999	0.00987	0.00525	0.00313	0.105	0.0032	0.0028699999999999997	0.0834	0.00628	0.00045	0.000178	0.0177	0.0711	0.00131	0.004070000000000001	0.017	0.00498	0.00264	0.00456	0.0095	0.00573	0.00279	3.247249e-06	0.006209066076
70	T>C	CTG	C[T>C]G	0.00036	2.2299999999999998e-16	0.0101	0.0055	0.0208	0.00532	0.00010400000000000001	0.00073	0.00217	0.000935	0.00126	0.0154	0.00105	2.5300000000000002e-05	0.000131	0.0374	2.22e-16	0.00447	0.00139	0.009609999999999999	0.0873	0.00392	0.00162	0.0004980000000000001	0.0261	0.0144	0.00203	0.000389	0.004220000000000001	0.0134	0.0787	0.00566	0.00249	0.00391	0.0012699999999999999	0.00446	0.0018399999999999998	0.04	0.000811	0.00156	0.00185	0.00995	0.0025399999999999997	0.00777	0.0105	0.00557	0.0035600000000000002	0.00925	0.0338	0.00156	0.0504	0.0031	3.21e-05	0.00010800000000000001	0.00242	0.00293	0.00123	0.008490000000000001	0.193	0.000949	0.000481	0.0083	0.0059299999999999995	0.00164	0.00058	0.003628314755	0.000839951905
71	T>C	CTT	C[T>C]T	4.26e-05	0.00018600000000000002	0.0158	0.00256	0.0149	0.0012699999999999999	0.00182	0.00573	0.0431	0.0397	0.00646	0.0329	2.44e-06	0.0008150000000000001	8.45e-05	0.0459	0.00011200000000000001	0.00206	0.00175	0.0155	0.426	0.0183	0.00256	0.000391	0.0069	0.0217	0.000536	4.71e-05	0.0036299999999999995	0.00896	0.0555	0.0039	0.000367	0.0017800000000000001	0.0041	0.0138	0.00109	0.00307	0.00159	0.00318	0.00216	0.0504	0.00427	0.00859	0.0136	0.00787	0.00324	0.00945	0.00771	0.000602	0.0958	0.00545	6.77e-05	9.740000000000001e-05	0.0013800000000000002	0.006640000000000001	0.00234	0.00542	0.0269	0.000684	0.000206	0.0243	0.0282	0.0122	0.0021	0.000918581801	0.016913140038999998
72	T>C	GTA	G[T>C]A	0.00105	2.2299999999999998e-16	0.00998	0.0029	0.0141	0.00257	0.000101	0.000266	2.22e-16	0.0008	0.0026	0.00952	0.0022	0.0147	0.0008089999999999999	0.0711	0.00028700000000000004	0.011	0.0129	0.00206	0.000123	5.9499999999999996e-05	0.000708	0.0009539999999999999	0.0027600000000000003	0.223	0.000721	0.000218	0.0037	0.0175	0.0835	0.0047799999999999995	0.000491	0.00108	0.000935	0.004529999999999999	0.00914	0.0122	0.000109	0.0005650000000000001	0.00234	0.0307	0.0017	0.00747	0.00601	0.00606	0.0058200000000000005	7.5e-18	0.027	0.000654	0.0221	0.000417	0.000157	6.59e-05	0.0013800000000000002	0.00118	0.00242	0.00561	0.0114	0.0026100000000000003	0.00073	0.00386	0.00218	0.0007099999999999999	0.0007610000000000001	0.0	0.021590706956000003
73	T>C	GTC	G[T>C]C	0.0019	2.7399999999999995e-05	0.00564	0.00118	0.007940000000000001	0.0011099999999999999	7.41e-05	2.22e-16	0.00042300000000000004	0.00232	0.00262	0.00978	0.00628	0.00533	0.00086	0.0304	0.000182	0.006540000000000001	0.0116	0.00119	0.0149	0.0015	0.0022600000000000003	0.000371	0.0022600000000000003	0.0663	0.00124	0.00041799999999999997	0.00365	0.00405	0.0248	0.00196	0.000587	0.00359	0.0005549999999999999	0.00657	0.007670000000000001	0.007940000000000001	0.000646	0.00203	0.0014	0.0182	0.00216	0.00689	0.00458	0.00374	0.00331	0.0219	0.00116	0.00057	0.0576	0.00109	0.000129	0.000151	0.005379999999999999	0.00227	0.00205	0.006679999999999999	0.00443	0.00317	2.7300000000000003e-05	0.00229	0.00078	0.00318	0.0006349999999999999	0.000865945066	0.011606134983999998
74	T>C	GTG	G[T>C]G	0.00117	0.00010700000000000001	0.0109	0.00237	0.015	0.00245	7.25e-05	0.000529	0.00023199999999999997	0.00257	0.00281	0.0063100000000000005	2.2299999999999998e-16	0.0013800000000000002	0.0005610000000000001	0.0415	0.000195	0.011	0.00595	0.00428	0.0035700000000000003	0.00101	0.00398	0.000953	0.00406	0.11699999999999999	0.0005809999999999999	4.68e-18	0.00267	0.0134	0.0712	0.00123	0.000731	0.00299	0.0005009999999999999	0.00513	0.00962	0.207	0.00044	0.00019099999999999998	0.0018399999999999998	0.00983	0.00187	0.0057399999999999994	0.00565	0.00351	0.00321	0.0012	0.0173	0.000907	0.0353	0.0031	4.6700000000000003e-05	6.53e-05	0.00371	0.00456	0.0009140000000000001	0.00256	0.121	0.00601	0.00165	0.00472	0.0111	0.000986	0.0005	0.00019790704099999999	0.006462687955
75	T>C	GTT	G[T>C]T	7.13e-05	1.25e-05	0.0102	0.000755	0.0137	0.000906	0.000811	0.00685	0.00707	0.318	0.00629	0.009859999999999999	0.0052899999999999996	0.0115	0.00023700000000000001	0.0463	2.22e-16	0.0112	0.00586	0.0024	0.00524	0.00147	0.00315	0.00236	0.0009279999999999999	0.133	0.000834	0.000799	0.00399	0.0142	0.0552	0.00375	0.000851	0.00155	0.00044500000000000003	0.00469	0.0129	0.00971	2.22e-16	0.000421	0.00265	0.04	0.00305	0.007509999999999999	0.00731	0.00389	0.0023899999999999998	0.000518	0.0111	0.00139	0.0607	0.0031899999999999997	0.00011	0.000175	0.00117	0.0040100000000000005	0.0031100000000000004	0.0069900000000000006	0.00541	0.0126	0.0025800000000000003	0.00536	0.00202	0.00119	0.000696	0.003662473198	0.054089001127000005
76	T>C	TTA	T[T>C]A	0.00025499999999999996	2.2299999999999998e-16	0.0152	0.0024100000000000002	0.018	0.00148	0.00215	0.006	0.0302	0.0812	0.0020800000000000003	0.014	0.00073	0.00886	0.000113	0.0861	2.2100000000000002e-05	0.00627	0.0034200000000000003	0.013	0.00209	0.00106	0.0018	0.00124	0.0138	0.0842	0.00463	7.770000000000001e-18	0.00146	0.0145	0.0423	0.00172	0.00131	0.00259	0.000544	0.0045899999999999995	0.000897	0.011	0.0014	0.000368	0.00297	0.0477	0.0021100000000000003	0.00594	0.0102	0.0636	0.0068200000000000005	0.00013700000000000002	0.0199	0.00128	0.0093	0.00137	0.000605	0.000173	0.00109	0.00446	0.00277	0.007109999999999999	0.00473	0.00488	0.0005679999999999999	0.0049	0.00331	0.00205	0.00023999999999999998	0.00043293944300000004	0.012963549217
77	T>C	TTC	T[T>C]C	0.00339	4.35e-05	0.00899	0.000503	0.00971	0.00109	0.000596	0.00173	0.0209	0.0143	0.00264	0.0136	0.00517	8.1e-05	0.00046699999999999997	0.0463	2.49e-05	0.00288	0.00592	0.00367	0.0153	0.0011	0.00618	0.000553	0.0166	0.0548	2.22e-16	0.00018999999999999998	0.003	0.007409999999999999	0.0314	0.00349	0.00205	0.0015	0.000286	0.0103	0.00122	0.0125	0.00624	0.000822	0.00228	0.0451	0.0021899999999999997	0.00644	0.00755	0.0268	0.00303	0.0359	0.0105	0.0011	0.0543	0.0175	0.000404	8.47e-05	0.029	0.0039299999999999995	0.00218	0.00503	0.008190000000000001	0.00098	0.00132	0.0267	0.0196	0.00224	0.00109	0.0005384646729999999	0.023324448028000003
78	T>C	TTG	T[T>C]G	0.00041600000000000003	0.000117	0.0069299999999999995	0.0017399999999999998	0.0127	0.00213	0.000319	0.00381	0.0129	0.0228	2.22e-16	0.009309999999999999	0.000363	0.000668	0.000155	0.04	9.98e-05	0.0043100000000000005	0.00132	0.0072299999999999994	0.00235	0.00121	0.0032600000000000003	0.00108	0.012	0.0276	0.00122	0.000302	0.00203	0.00489	0.0303	0.00115	0.00141	0.000379	0.00020299999999999997	0.0040100000000000005	0.0016899999999999999	0.32	0.0011	0.00043799999999999997	0.0013800000000000002	0.01	0.0019199999999999998	0.00498	0.00601	0.0205	0.0034100000000000003	2.78e-05	0.0191	0.00124	0.0237	0.00158	0.000297	6.31e-05	0.0010199999999999999	0.00247	0.00107	0.00472	0.0884	0.0041600000000000005	0.00185	0.00296	0.00216	0.00135	0.000109	2.2365153e-05	0.003823534542
79	T>C	TTT	T[T>C]T	0.00433	3.5799999999999996e-05	0.0139	0.0006360000000000001	0.0185	0.0017399999999999998	0.0008119999999999999	0.00297	0.0881	0.0431	0.00457	0.0384	0.00325	2.51e-05	0.000106	0.0597	0.000531	0.00292	0.00135	0.00839	0.021	0.001	0.00337	0.00147	0.0193	0.0407	2.22e-16	7.32e-18	0.00367	0.017	0.0574	0.0015300000000000001	0.00206	0.000822	0.00044500000000000003	0.0121	0.000684	0.00912	0.0070799999999999995	0.00106	0.0028	0.0614	0.0030600000000000002	0.00948	0.0102	0.0461	0.00236	0.0018399999999999998	0.0371	0.000545	0.0365	0.0115	0.000532	0.00020800000000000001	0.00511	0.0213	0.002	0.0021899999999999997	0.0125	0.0008869999999999999	0.000285	0.195	0.032	0.0026100000000000003	0.00132	0.009820763708	0.094054377313
80	T>G	ATA	A[T>G]A	0.000172	0.00023799999999999998	0.00395	0.00105	0.00386	2.57e-05	0.00047300000000000006	8.44e-05	0.0119	0.0037	0.00164	0.0451	0.0019199999999999998	3.47e-05	0.000218	0.00201	6.14e-05	0.000212	0.000468	0.0112	0.000851	0.00141	0.000721	0.00233	1.05e-05	0.000392	0.00233	8.28e-18	0.00321	0.00528	0.00292	0.00114	0.00987	0.000407	3.9e-05	0.0036799999999999997	0.000386	0.0009789999999999998	0.00282	0.00305	0.00109	0.0217	0.00115	0.0038799999999999998	0.0072299999999999994	0.007529999999999999	0.0012	0.00263	2.4e-08	0.000117	0.0001	0.000171	0.000517	0.000196	0.000743	0.000723	0.00173	0.0045899999999999995	3.87e-05	0.000262	0.000121	0.0070599999999999994	0.0135	0.00179	0.025	0.00012713777200000002	0.023838221812999997
81	T>G	ATC	A[T>G]C	0.000207	7.46e-05	0.0026	0.00015900000000000002	0.0026	0.000204	0.00024700000000000004	0.000932	0.00105	0.00266	0.000668	0.0069299999999999995	0.00124	5.3299999999999995e-05	4.6700000000000003e-05	0.000664	2.22e-16	0.00297	0.00041500000000000006	0.00441	0.0007	0.00448	0.000858	0.0018899999999999998	2.13e-05	0.000437	5.0900000000000004e-05	5.43e-18	0.0014	0.0	0.00253	0.000959	0.0173	0.000817	0.00011	0.00248	0.000429	0.000302	0.000462	0.0009660000000000001	0.0006230000000000001	0.0106	0.00107	0.00297	0.00705	0.00164	0.000405	0.004070000000000001	3.26e-05	0.000584	0.0008	0.00172	4.1e-05	8.28e-05	0.000607	0.00409	0.000529	0.0029	0.00158	0.0009199999999999999	7.99e-18	0.000789	0.000788	0.00156	0.0105	0.001270955861	0.0034349204389999997
82	T>G	ATG	A[T>G]G	0.000268	2.05e-06	0.0063	0.0014199999999999998	0.007940000000000001	0.00010700000000000001	0.000276	0.00147	0.000604	0.0106	0.00477	0.00533	0.00032	0.000523	0.00017900000000000001	0.000808	8.25e-05	0.000709	0.000185	0.00462	0.000719	0.00099	0.00199	0.0017699999999999999	2.6899999999999997e-05	0.00018700000000000002	0.00295	5.6800000000000006e-18	0.00206	0.0071400000000000005	0.00229	6.77e-05	0.007679999999999999	0.00042	0.00041	0.00402	0.0012699999999999999	0.000475	0.000197	0.00448	0.000936	0.0168	0.00207	0.007659999999999999	0.00806	0.0027	0.000637	0.0349	7.47e-06	0.000984	0.0016	0.0036799999999999997	0.00035099999999999997	0.000126	0.00394	0.0278	0.00119	0.00506	0.00115	0.145	1.27e-05	0.00123	0.00271	0.0017	0.0261	0.0009526987820000001	0.004485500819
83	T>G	ATT	A[T>G]T	0.00011200000000000001	3.76e-06	0.0039700000000000004	0.00021600000000000002	0.00483	0.000386	0.000309	0.000733	2.22e-16	0.0143	0.00074	0.0239	0.00922	2.22e-16	0.000285	0.00128	0.00032	0.0111	0.0036299999999999995	0.00796	0.0125	0.0691	0.0018399999999999998	0.00162	5.8200000000000005e-05	6.95e-05	4.18e-05	7.43e-18	0.00471	0.0	0.0059299999999999995	0.000256	0.115	0.00081	0.000794	0.0007830000000000001	6.45e-18	0.000758	0.00115	0.00263	0.000984	0.0247	0.00286	0.00642	0.018	0.00761	0.0009109999999999999	0.00564	0.0014199999999999998	0.000166	0.0006	0.00808	0.000199	0.000126	0.000103	0.00213	0.00186	0.00206	0.00033999999999999997	0.00228	0.00575	0.0059700000000000005	0.0020800000000000003	0.00344	0.0164	0.0017649758429999999	0.003178596391
84	T>G	CTA	C[T>G]A	3.5499999999999996e-05	0.000153	0.004370000000000001	0.0008699999999999999	0.00259	4.95e-05	8.420000000000001e-05	0.000359	0.00328	0.00148	0.00122	0.026	0.000155	0.000227	2.22e-16	0.000893	4.14e-05	4.85e-05	0.000206	0.00396	0.00031	0.00205	0.00011100000000000001	0.000714	0.0009630000000000001	4.35e-06	0.00491	6.8500000000000005e-18	0.00143	0.0	0.0014199999999999998	0.0	0.0146	0.000781	0.000198	0.00197	5.8099999999999996e-05	0.000728	0.00106	0.00371	0.000478	0.0026	0.000983	0.0053	0.00335	0.0034700000000000004	0.0008699999999999999	0.0027300000000000002	0.000234	0.000102	0.0	0.00013700000000000002	0.000134	0.000106	0.0008939999999999999	0.00278	0.0008029999999999999	0.00149	0.00436	0.00165	0.0058200000000000005	0.00014	0.000503	0.00101	0.00323	0.000897193499	0.0037364747070000003
85	T>G	CTC	C[T>G]C	0.000212	0.000155	0.00704	0.00044100000000000004	0.00461	0.000784	0.000172	0.000792	0.00558	4.98e-05	0.00195	0.007409999999999999	2.2299999999999998e-16	0.00115	2.22e-16	0.00114	2.82e-06	0.00121	0.000157	0.00108	0.0010400000000000001	0.0314	0.00199	0.00209	0.0016	5.44e-05	0.00088	0.000148	0.00088	0.0028899999999999998	0.00494	0.000381	0.0221	5.69e-06	0.000215	0.00143	0.00045	0.000949	2.22e-16	0.000518	0.000566	0.00238	0.00141	0.007390000000000001	0.0056700000000000006	0.0024100000000000002	0.000753	0.007259999999999999	0.00253	0.000281	0.0018	5.15e-05	9.279999999999999e-05	2.6700000000000002e-05	6.18e-05	0.00256	0.000775	0.00424	0.0189	0.000466	3.93e-07	0.0008470000000000001	0.0010400000000000001	0.00262	0.0041600000000000005	0.002148873221	0.0024781700570000002
86	T>G	CTG	C[T>G]G	0.000128	0.000121	0.0107	0.00379	0.00613	0.000924	2.2299999999999998e-16	0.0012900000000000001	0.00119	2.58e-05	0.0047	0.0142	5.3500000000000006e-05	0.000479	2.22e-16	0.000593	2.22e-16	0.00043499999999999995	0.000272	0.00224	1.94e-06	0.0137	0.00293	0.00133	0.00271	2.01e-05	0.008029999999999999	6.52e-05	0.0030399999999999997	0.0118	0.00556	0.00040300000000000004	0.0155	0.000332	7.85e-05	0.0015	0.00109	0.00107	0.000436	0.00636	0.0008869999999999999	0.0037700000000000003	0.00159	0.00983	0.0055899999999999995	0.0030399999999999997	0.005679999999999999	0.0465	0.0034700000000000004	0.0006490000000000001	0.0016	0.00367	0.00010400000000000001	0.00011200000000000001	0.00366	0.0059299999999999995	0.000796	0.00298	0.0221	0.113	0.00445	0.0021899999999999997	0.000699	0.00202	0.007109999999999999	0.000788671403	0.0011202991760000001
87	T>G	CTT	C[T>G]T	0.000171	0.00020299999999999997	0.00703	0.0012	0.0073	0.0013	2.65e-05	3.68e-06	0.0034	0.000156	0.0005740000000000001	0.0565	0.0013	0.005229999999999999	0.000133	0.000344	5.550000000000001e-05	0.000962	0.00249	0.0025399999999999997	0.0053100000000000005	0.55	0.00414	0.0022	0.00511	0.000185	0.00119	0.00024700000000000004	0.00471	0.00855	0.0078	0.00144	0.10099999999999999	0.000767	0.000265	0.000949	0.000676	0.000192	6.55e-07	0.00271	0.00107	0.00411	0.00688	0.00494	0.0131	0.0105	0.0034799999999999996	6.2600000000000006e-18	0.000384	0.000728	0.002	0.00010700000000000001	6.57e-05	9.290000000000001e-05	0.000471	0.0023	0.000863	0.0027199999999999998	0.000886	0.00118	6.78e-18	0.0051600000000000005	0.00047300000000000006	0.0212	1.8e-05	0.0	0.0017568703829999998
88	T>G	GTA	G[T>G]A	2.2299999999999998e-16	0.00020899999999999998	0.00442	0.000598	0.00252	4.35e-05	9.059999999999999e-05	0.000323	0.00248	7.48e-05	0.00131	0.0083	0.000204	0.000481	9.570000000000001e-05	0.000412	8.77e-05	7.79e-05	0.00020299999999999997	0.0009019999999999999	0.000495	0.000281	0.0008699999999999999	0.0006360000000000001	2.22e-16	0.000286	0.00159	6.2600000000000006e-18	0.00107	0.00555	0.00137	0.0	0.00116	4.49e-05	0.000188	0.000304	0.00115	0.0005809999999999999	0.000365	0.00176	0.000185	0.0118	0.000504	0.0033299999999999996	0.00249	0.0018	0.00114	0.0611	7.679999999999999e-18	0.00044	0.0	0.022	7.64e-06	6.61e-05	0.00867	0.0021899999999999997	0.0011300000000000001	0.004379999999999999	0.00016999999999999999	0.0056700000000000006	6.72e-18	0.0014	0.00807	0.00123	0.0282	1.887925e-05	0.007699623603
89	T>G	GTC	G[T>G]C	2.2299999999999998e-16	0.000133	0.00234	0.00025299999999999997	0.0017100000000000001	0.000213	0.000121	0.000321	0.0016600000000000002	2.23e-05	0.000656	0.00585	0.000833	0.000942	2.22e-16	0.000213	2.22e-16	0.0021	0.00058	0.000901	0.000204	0.00625	3.7e-05	0.0007030000000000001	6.65e-05	0.000533	0.000236	8.690000000000001e-05	0.0015300000000000001	0.0	0.00121	5.08e-05	0.00193	9.17e-05	0.00035299999999999996	0.000872	0.00074	0.000637	2.22e-16	0.00507	0.00031299999999999996	0.00686	0.0009390000000000001	0.0058	0.00224	0.00095	7.049999999999999e-05	0.0756	1.83e-05	0.0005200000000000001	0.0001	0.0104	0.000135	4.3700000000000005e-05	0.009590000000000001	0.0053	0.0005610000000000001	0.0017399999999999998	0.0015300000000000001	0.0032	9.19e-07	0.000171	0.0026899999999999997	0.00165	0.0288	0.001229435537	0.000800067973
90	T>G	GTG	G[T>G]G	0.000348	3.71e-05	0.0109	0.00243	0.0053	0.00027400000000000005	0.000325	0.0024100000000000002	0.00603	0.0038	0.0039700000000000004	0.0039700000000000004	2.2299999999999998e-16	0.00173	0.00013000000000000002	0.000496	0.000426	0.000781	0.00034700000000000003	0.000675	0.0008349999999999999	0.00148	0.00583	0.0005099999999999999	8.7e-05	0.000213	0.00045	0.000157	0.00313	0.00869	0.00235	0.00474	0.00313	0.0007700000000000001	0.0013800000000000002	0.00255	0.00301	0.00542	5.65e-05	0.00404	0.0015300000000000001	0.00983	0.00216	0.00772	0.00445	0.0012	0.00041	0.24100000000000002	0.000103	0.00017900000000000001	0.0012	0.0272	6.63e-05	0.000147	0.0351	0.0762	0.00137	0.00473	7.45e-18	0.299	6.72e-18	0.0008609999999999999	0.0234	0.00229	0.662	0.000212751233	0.001946513805
91	T>G	GTT	G[T>G]T	1.4599999999999999e-05	2.2299999999999998e-16	0.00583	0.000252	0.00235	0.000787	0.0008349999999999999	0.00183	0.00675	0.006840000000000001	0.0012900000000000001	0.0194	0.00221	0.0051600000000000005	0.000154	0.000165	2.89e-06	0.00225	0.00139	0.0023899999999999998	0.007240000000000001	0.114	0.00214	0.000341	0.0035600000000000002	0.00259	1.9600000000000002e-05	5.78e-18	0.00268	0.00277	0.00605	0.0023	0.0206	0.00115	0.00016	0.00281	0.000785	0.00045099999999999996	0.000417	0.00335	0.000489	0.0171	0.0033399999999999997	0.00594	0.00548	0.0034700000000000004	0.0009199999999999999	0.0746	0.0028	0.000496	0.0006	0.0884	1.15e-05	0.000102	0.0365	0.00209	0.0008640000000000001	0.00203	1.21e-05	0.00144	0.00011399999999999999	0.00283	0.0169	0.00745	0.0474	0.001340078646	0.0029279056160000003
92	T>G	TTA	T[T>G]A	2.2299999999999998e-16	1.67e-05	0.00725	0.000377	0.005220000000000001	0.000105	0.000128	0.0009550000000000001	0.0193	0.00021099999999999998	2.22e-16	0.0657	0.0026899999999999997	0.0113	8.51e-05	0.0016300000000000002	0.000184	9.92e-05	0.000231	0.00978	2.22e-16	1.22e-05	0.000696	0.0016600000000000002	2.22e-16	0.000465	0.00506	0.00018600000000000002	0.000123	0.0020800000000000003	0.00143	0.00119	0.0423	0.00046699999999999997	0.000118	0.00225	2.26e-05	0.000468	2.22e-16	0.0042899999999999995	0.000788	0.0183	0.00117	0.00839	0.008459999999999999	0.0419	0.00115	0.000204	7.679999999999999e-18	0.000285	0.0007	0.0024100000000000002	0.00025	0.00015	0.000327	0.00255	0.00143	0.0013	3.24e-05	0.00606	0.00946	0.00322	0.000798	0.0016	0.00161	0.001875698241	0.007106411217
93	T>G	TTC	T[T>G]C	5.5100000000000004e-05	7.04e-05	0.00628	0.000174	0.00656	0.00028700000000000004	0.00011599999999999999	0.00155	0.0174	0.00011499999999999999	0.00114	0.008620000000000001	2.2299999999999998e-16	0.00555	6.73e-05	0.0011300000000000001	2.22e-16	0.0012	0.000294	0.00551	0.00011599999999999999	0.00875	0.0021	0.00202	2.22e-16	0.000379	0.000752	5.27e-18	0.00264	0.000579	0.00172	0.00028	0.0357	9.93e-05	9.640000000000001e-05	0.00238	0.00022400000000000002	0.000164	2.22e-16	0.0019399999999999999	0.0007440000000000001	0.0195	0.0009029999999999999	0.0050799999999999994	0.0114	0.0155	0.00027400000000000005	0.00825	7.679999999999999e-18	0.000135	0.001	2.25e-05	0.00022200000000000003	0.000138	0.000655	0.0034700000000000004	0.00112	0.00436	0.0007059999999999999	0.00565	1e-06	0.00396	0.00159	0.00233	0.0106	0.0007379165429999999	0.006404453857
94	T>G	TTG	T[T>G]G	0.000583	9.54e-05	0.00805	0.00232	0.006940000000000001	0.000324	2.2299999999999998e-16	0.00135	0.007640000000000001	0.000125	0.00309	0.0109	2.1600000000000003e-05	0.0027600000000000003	0.000101	0.000875	3.6700000000000004e-05	0.00011399999999999999	0.000148	0.00524	0.0009199999999999999	0.0047799999999999995	0.00145	0.00207	0.00279	0.000131	0.00557	0.000182	0.0030399999999999997	0.00943	0.0028399999999999996	0.00235	0.014	0.00018	0.000813	0.00535	0.0008179999999999999	0.000959	0.0015199999999999999	0.0048200000000000005	0.0009019999999999999	0.0302	0.0019	0.00728	0.00866	0.0194	0.00293	0.0228	0.000917	0.000708	0.0009	0.0015400000000000001	0.00035	0.00011200000000000001	0.00872	0.0027600000000000003	0.00148	0.00615	0.007690000000000001	0.0795	0.000101	0.0054	0.00674	0.00196	0.0239	0.0	0.003409999931
95	T>G	TTT	T[T>G]T	2.2299999999999998e-16	2.2299999999999998e-16	0.0105	0.0005679999999999999	0.0135	0.00101	8.290000000000001e-05	0.0017699999999999999	0.0217	0.000166	0.0009960000000000001	0.0639	0.0189	0.0909	5.550000000000001e-05	0.00221	1.89e-05	0.000605	0.00599	0.0158	0.00458	0.122	0.0051600000000000005	0.004229999999999999	0.00151	2.22e-16	0.000595	7.32e-18	0.00396	0.00787	0.00945	0.00014	0.479	0.0009279999999999999	0.00889	0.0073	0.0006349999999999999	0.00225	0.00023199999999999997	0.0036200000000000004	0.0018100000000000002	0.0291	0.0052899999999999996	0.0109	0.025	0.0879	0.0017399999999999998	0.00132	0.009	0.000724	0.001	0.0036200000000000004	3.2e-07	0.000364	0.0016	0.0029100000000000003	0.00253	0.00705	0.000499	0.0412	0.029	0.11900000000000001	0.0217	1.3e-17	0.0318	0.00660313433	0.012708761754999999
