context96.word	sample_551	sample_135	sample_118	sample_191	sample_124	sample_428	sample_197	sample_68	sample_45	sample_363	sample_3	sample_117	sample_99	sample_90	sample_505	sample_328	sample_182	sample_179	sample_319	sample_347	sample_567	sample_28	sample_270	sample_327	sample_294	sample_155	sample_443	sample_207	sample_94	sample_167	sample_302	sample_136	sample_359	sample_172	sample_217	sample_76	sample_103	sample_536	sample_430	sample_348	sample_35	sample_300	sample_50	sample_246	sample_23	sample_196	sample_142	sample_421	sample_562	sample_175	sample_501	sample_128	sample_325	sample_96	sample_446	sample_316	sample_125	sample_292	sample_247	sample_358	sample_457	sample_178	sample_382	sample_439	sample_525	sample_306	sample_106	sample_460	sample_227	sample_215	sample_331	sample_343	sample_281	sample_210	sample_205	sample_335	sample_147	sample_111	sample_277	sample_251	sample_47	sample_146	sample_278	sample_31	sample_242	sample_211	sample_266	sample_468	sample_440	sample_30	sample_230	sample_476	sample_222	sample_474	sample_34	sample_255	sample_413	sample_258	sample_318	sample_16	sample_441	sample_169	sample_190	sample_438	sample_400	sample_131	sample_411	sample_18	sample_282	sample_214	sample_543	sample_43	sample_212	sample_404	sample_63	sample_274	sample_223	sample_337	sample_522	sample_563	sample_126	sample_389	sample_89	sample_547	sample_431	sample_565	sample_379	sample_285	sample_221	sample_204	sample_369	sample_530	sample_552	sample_332	sample_203	sample_427	sample_176	sample_458	sample_29	sample_185	sample_297	sample_350	sample_483	sample_243	sample_264	sample_27	sample_83	sample_114	sample_492	sample_349	sample_410	sample_367	sample_517	sample_245	sample_49	sample_377	sample_235	sample_61	sample_0	sample_442	sample_534	sample_406	sample_6	sample_472	sample_383	sample_122	sample_66	sample_36	sample_209	sample_487	sample_52	sample_315	sample_166	sample_304	sample_313	sample_8	sample_549	sample_444	sample_44	sample_38	sample_140	sample_170	sample_253	sample_256	sample_48	sample_275	sample_159	sample_464	sample_2	sample_164	sample_232	sample_550	sample_557	sample_162	sample_193	sample_213	sample_257	sample_418	sample_80	sample_70	sample_469	sample_216	sample_152	sample_447	sample_298	sample_498	sample_101	sample_1	sample_489	sample_58	sample_158	sample_398	sample_263	sample_519	sample_269	sample_10	sample_370	sample_396	sample_394	sample_511	sample_59	sample_200	sample_290	sample_134	sample_390	sample_355	sample_401	sample_559	sample_301	sample_239	sample_17	sample_554	sample_293	sample_78	sample_9	sample_463	sample_100	sample_13	sample_402	sample_65	sample_51	sample_183	sample_296	sample_85	sample_87	sample_288	sample_113	sample_362	sample_160	sample_424	sample_72	sample_524	sample_372	sample_21	sample_289	sample_553	sample_502	sample_60	sample_73	sample_386	sample_376	sample_453	sample_434	sample_308	sample_512	sample_141	sample_194	sample_533	sample_548	sample_471	sample_268	sample_283	sample_25	sample_107	sample_4	sample_506	sample_112	sample_561	sample_459	sample_273	sample_451	sample_240	sample_340	sample_53	sample_5	sample_405	sample_478	sample_307	sample_538	sample_165	sample_91	sample_467	sample_188	sample_479	sample_299	sample_39	sample_104	sample_568	sample_41	sample_326	sample_54	sample_475	sample_186	sample_528	sample_403	sample_352	sample_237	sample_33	sample_37	sample_375	sample_514	sample_276	sample_195	sample_119	sample_84	sample_139	sample_109	sample_334	sample_414	sample_144	sample_433	sample_456	sample_392	sample_206	sample_88	sample_482	sample_15	sample_388	sample_540	sample_137	sample_295	sample_508	sample_564	sample_509	sample_416	sample_7	sample_423	sample_262	sample_486	sample_97	sample_360	sample_521	sample_449	sample_180	sample_330	sample_490	sample_480	sample_161	sample_526	sample_219	sample_544	sample_305	sample_324	sample_74	sample_494	sample_518	sample_354	sample_497	sample_102	sample_408	sample_320	sample_26	sample_55	sample_371	sample_356	sample_286	sample_291	sample_71	sample_174	sample_523	sample_473	sample_385	sample_496	sample_127	sample_455	sample_130	sample_437	sample_429	sample_378	sample_261	sample_391	sample_46	sample_177	sample_488	sample_329	sample_236	sample_77	sample_535	sample_527	sample_218	sample_279	sample_229	sample_56	sample_120	sample_187	sample_121	sample_520	sample_129	sample_105	sample_560
ACAA	1	2	0	1	2	0	0	0	0	1	2	10	0	0	1	0	2	1	1	0	1	0	1	2	0	2	2	0	1	0	1	8	0	2	2	0	0	0	0	1	1	2	0	2	3	1	2	1	1	0	1	0	1	1	0	0	0	1	7	0	1	0	0	0	0	0	0	0	0	1	0	0	1	0	1	0	2	2	1	0	1	1	0	0	0	0	0	0	0	1	0	1	0	1	0	2	0	0	0	1	0	2	0	0	0	2	0	0	2	0	0	0	0	0	1	1	0	0	0	0	0	2	2	0	2	0	0	1	0	2	0	1	4	1	2	2	0	0	1	0	0	3	1	1	0	0	0	0	0	1	1	0	1	1	0	0	1	0	0	0	2	0	1	0	0	2	0	0	0	2	0	0	1	5	3	2	0	2	0	0	1	1	0	1	1	1	0	2	1	0	0	0	0	1	0	1	0	3	0	1	1	3	0	0	1	0	0	2	2	2	0	0	1	0	3	4	1	1	0	0	2	1	0	4	0	2	1	0	0	0	0	1	0	1	2	0	0	1	0	1	0	0	0	0	2	0	2	1	0	0	1	3	0	0	1	0	0	15	1	1	0	6	1	0	0	1	1	0	1	0	1	2	0	0	0	0	0	0	1	1	0	0	13	1	1	1	2	1	0	0	1	0	1	6	1	2	0	1	0	0	2	0	0	0	0	1	1	0	4	1	1	0	1	6	1	1	0	0	3	0	3	4	2	0	1	4	0	0	0	4	0	0	0	0	0	2	0	1	1	0	0	0	0	0	0	1	0	3	0	1	0	0	1	2	0	0	0	1	2	4	0	0	0	0	0	2	1	1	41	0	2	0	0	0	0	0	0	0	0	1	0	4	0	0	1	0	0	0	1	0	0	1	1	0	0	0	0	0	0	1
ACAC	0	2	0	0	0	0	0	0	1	0	0	4	0	0	0	1	0	0	0	0	1	0	0	1	0	0	6	0	1	0	0	14	0	1	0	0	2	1	0	0	1	0	0	0	5	0	2	1	2	0	0	0	2	0	0	1	0	0	2	0	2	0	0	0	0	0	0	1	0	0	2	1	0	0	1	1	1	2	1	0	0	1	0	0	0	0	0	0	1	0	0	0	0	1	0	0	0	0	1	1	0	0	0	1	0	0	0	1	6	0	2	0	2	1	0	0	0	1	0	0	0	1	4	0	0	0	1	0	0	0	0	2	0	2	1	2	0	0	0	0	1	1	0	0	0	0	0	0	0	0	0	1	0	0	1	0	0	0	0	0	1	2	1	1	0	0	0	0	0	0	0	0	4	1	2	3	1	0	0	0	0	0	1	1	0	0	0	0	0	0	0	0	1	2	0	0	1	2	2	0	0	2	0	0	0	0	0	0	0	1	0	0	0	0	1	2	0	3	0	0	0	2	0	2	0	1	1	0	0	1	0	0	0	4	2	0	0	1	0	0	0	0	0	1	0	0	2	1	0	0	0	1	0	0	1	1	0	23	3	1	0	4	0	0	1	1	1	0	0	0	2	2	0	0	0	0	0	0	0	1	1	0	2	0	0	0	0	1	0	0	1	0	1	3	1	2	0	0	0	0	2	0	0	0	0	1	0	0	0	0	0	0	0	0	1	1	0	1	1	0	1	0	1	0	1	3	0	1	0	1	0	1	0	0	0	0	0	0	1	0	0	0	1	0	0	0	0	2	0	0	0	0	0	0	0	2	0	0	0	2	1	0	0	0	0	2	0	0	16	0	2	0	1	0	0	0	0	0	0	4	1	2	0	1	0	0	0	0	0	0	0	0	2	0	0	0	0	0	0	1
ACAG	0	6	2	2	0	0	0	0	1	0	6	2	0	3	1	0	0	0	1	0	0	0	1	6	2	0	2	0	2	0	3	16	0	0	1	3	0	2	2	0	0	2	0	2	10	0	0	3	3	1	0	4	0	1	0	2	0	1	2	1	3	0	1	1	1	0	8	0	0	1	2	2	0	0	0	3	3	0	1	0	0	1	0	2	2	0	0	0	1	6	1	2	2	1	0	0	0	1	0	0	0	1	0	0	1	0	0	1	5	0	0	1	2	2	1	1	2	1	0	0	2	1	3	0	0	1	0	0	0	0	0	0	2	0	2	2	3	0	0	5	0	1	0	1	0	0	1	0	0	1	0	2	2	0	2	1	0	2	0	0	2	5	4	0	0	0	0	0	0	1	0	0	1	0	2	0	0	0	0	0	3	0	1	1	0	0	1	1	2	0	0	0	0	0	1	2	0	2	1	0	1	4	0	1	1	0	2	0	0	2	0	2	0	3	7	5	2	4	1	0	1	2	2	10	3	3	1	0	1	1	1	3	0	2	4	1	0	3	1	0	0	0	0	1	0	0	0	6	0	0	0	5	2	0	0	1	0	88	1	1	0	7	1	0	0	0	1	0	0	0	0	3	3	0	0	1	0	2	1	0	1	1	25	4	1	0	0	3	2	2	1	0	2	4	3	0	0	0	0	2	1	2	1	0	1	1	0	0	3	1	0	0	2	0	0	0	0	1	3	1	0	4	2	1	1	3	0	2	0	0	0	1	0	1	2	1	2	3	0	3	0	0	0	0	0	1	1	16	1	1	0	1	0	1	0	0	1	0	4	3	2	0	0	0	0	6	3	0	63	0	0	0	2	0	0	2	0	0	0	1	0	3	0	0	0	0	0	3	2	1	1	0	0	4	2	0	0	2	4	1
ACAT	0	4	0	0	2	0	0	0	0	0	0	0	0	1	0	0	0	0	0	0	0	1	0	1	1	0	1	0	0	1	0	4	1	2	0	1	0	1	0	0	0	0	0	0	6	1	0	0	0	0	0	0	1	1	0	0	0	0	0	0	0	0	0	0	0	0	0	0	0	1	0	0	0	0	0	1	1	0	0	0	1	0	0	0	2	0	0	0	0	2	1	0	0	0	0	0	0	1	1	0	0	0	0	0	0	4	0	0	1	1	0	0	0	0	0	1	0	0	0	0	4	1	1	0	1	0	0	0	0	0	0	0	2	2	0	0	1	0	0	1	0	0	0	0	0	0	0	0	0	0	0	0	1	1	0	1	0	0	0	0	2	0	1	0	0	0	1	0	0	0	1	1	1	2	0	1	0	1	0	0	0	0	0	0	0	0	0	1	0	0	0	0	0	0	1	0	0	0	0	0	0	1	0	0	0	0	0	0	0	0	0	0	0	1	1	1	0	2	0	0	0	1	0	2	0	2	0	0	1	0	1	0	0	1	0	0	0	1	0	0	0	0	1	0	2	1	2	0	1	1	1	0	0	0	0	0	0	6	1	1	0	2	0	1	0	1	0	0	1	0	0	5	1	2	2	0	0	1	1	0	0	0	4	4	0	0	0	0	0	2	0	0	1	2	1	1	0	0	0	0	0	0	0	0	0	0	0	0	1	0	1	0	1	2	0	0	0	0	1	0	0	0	2	0	0	3	0	1	1	0	1	0	0	0	0	1	0	2	0	1	0	0	0	0	0	0	1	1	0	0	0	0	1	1	0	0	0	1	2	0	0	0	0	0	1	4	0	0	15	0	0	1	0	0	0	0	0	0	0	1	0	0	0	0	0	0	0	1	0	1	2	1	1	0	0	0	0	0	0	1
ACCA	1	2	0	1	0	0	0	0	2	0	5	8	0	1	0	0	0	0	0	5	0	0	0	0	3	0	2	0	2	0	2	2	1	4	1	2	0	3	0	0	0	3	0	0	4	0	0	3	4	1	0	6	2	2	0	0	4	2	2	1	3	1	2	0	1	0	0	2	0	0	0	0	0	0	0	3	1	2	0	0	0	0	0	2	0	0	1	0	2	1	2	0	0	1	1	2	0	0	0	2	0	2	0	0	0	6	0	3	3	0	2	1	0	1	0	2	0	0	0	2	0	1	0	0	1	2	0	1	0	0	0	1	0	4	0	4	2	0	0	2	0	0	1	1	0	0	2	0	0	1	0	0	0	0	1	1	1	0	2	0	3	1	5	0	1	0	3	0	0	1	1	0	0	1	0	1	0	0	1	0	3	0	0	2	0	0	0	4	2	0	0	0	0	4	2	1	0	3	2	0	0	0	0	0	1	0	0	1	2	3	1	0	1	1	1	3	2	5	1	0	2	4	1	8	0	1	0	1	1	0	0	0	0	2	3	0	0	2	1	1	1	0	2	2	1	0	8	2	1	4	0	1	0	0	1	0	0	4	3	0	0	2	0	0	1	2	0	0	0	0	3	1	5	0	1	0	0	1	1	0	1	0	0	2	0	0	1	0	0	2	1	0	5	3	5	0	0	0	2	0	2	0	2	0	0	6	0	0	3	0	0	0	2	2	2	1	0	0	2	0	0	4	1	0	0	6	0	1	0	2	0	0	0	1	1	0	0	1	1	0	0	0	0	0	0	0	5	1	0	0	0	3	1	1	0	1	0	0	8	1	0	0	1	0	0	2	1	0	4	0	2	0	0	1	0	0	0	0	0	3	0	3	0	0	0	0	0	1	0	1	1	1	3	2	0	0	0	0	0	2
ACCC	0	0	0	4	0	1	0	0	3	0	4	8	1	5	1	1	1	0	0	3	1	0	0	2	1	0	2	0	2	0	0	6	1	2	0	1	4	4	2	0	1	2	0	0	5	0	0	2	4	4	0	4	1	5	0	0	2	2	4	0	1	2	5	0	0	0	1	0	0	1	0	0	0	0	0	5	1	0	0	0	0	0	2	1	0	1	1	0	0	0	0	0	0	1	0	0	1	2	0	2	0	0	0	0	0	4	0	4	1	1	0	0	4	0	0	1	0	0	0	0	0	1	0	0	3	0	0	0	0	2	0	1	0	2	0	2	0	0	0	2	0	2	0	0	0	0	0	0	0	2	1	0	2	0	0	0	0	0	0	1	5	2	3	0	0	0	1	0	0	0	0	0	2	1	2	0	1	0	0	0	2	0	1	1	0	0	0	3	0	0	0	0	0	1	4	0	2	7	0	0	0	0	0	1	0	0	0	1	3	2	0	0	0	0	2	1	3	4	0	0	1	3	0	6	0	0	0	0	0	0	2	1	1	4	1	1	0	2	0	0	1	0	0	1	2	0	4	2	0	2	1	0	0	1	0	2	0	11	0	1	0	2	0	0	0	2	1	0	1	0	1	4	4	0	0	0	2	0	0	1	0	0	0	3	1	0	0	1	1	0	1	0	2	3	3	0	0	0	0	0	1	0	2	0	1	4	2	0	0	0	1	1	1	2	0	2	6	1	2	0	0	2	1	0	0	1	1	0	0	4	0	0	0	0	0	0	0	2	3	3	0	0	1	3	1	1	3	0	0	0	0	3	1	1	0	3	0	2	6	1	0	0	0	0	1	2	0	0	2	0	0	0	0	2	0	0	0	0	0	3	0	3	0	2	1	0	0	0	1	1	2	0	3	1	0	0	0	0	0	0
ACCG	2	0	1	3	2	0	1	0	3	1	6	16	1	1	0	0	0	1	0	3	0	1	1	1	5	0	6	2	1	1	2	12	2	7	2	3	4	1	1	0	0	3	0	4	5	1	0	1	13	1	0	0	1	4	1	1	0	2	4	3	5	2	2	0	0	0	2	1	1	4	1	0	0	1	1	4	0	0	0	0	0	1	2	3	0	1	0	0	2	4	0	0	0	2	1	0	0	3	0	1	0	2	0	1	0	14	0	1	9	2	1	1	3	2	0	2	1	0	1	0	0	1	4	1	0	1	0	4	0	2	1	1	4	7	1	6	1	0	1	2	0	0	0	0	0	1	3	2	0	3	3	0	0	0	0	0	0	0	2	1	9	6	2	3	0	2	2	0	0	0	1	0	2	1	5	3	3	0	0	1	6	2	2	6	1	0	0	8	2	1	0	1	2	1	2	1	2	8	0	1	3	5	1	1	0	0	1	0	2	1	0	3	2	4	2	4	8	9	3	0	2	1	1	4	1	1	1	0	3	1	3	1	0	9	6	0	0	2	0	1	0	1	3	1	2	0	12	4	0	9	2	2	0	0	1	1	0	13	3	3	0	12	2	1	1	5	0	1	3	0	4	9	3	0	0	0	0	1	2	0	0	1	1	3	0	0	1	3	4	0	1	0	13	4	8	1	4	2	0	0	5	0	1	0	0	2	4	1	1	0	0	0	2	2	1	6	4	2	4	0	1	2	2	0	3	10	2	1	2	4	0	2	1	2	0	1	0	2	2	2	1	1	1	3	4	1	1	0	0	1	0	3	0	0	1	3	0	0	2	3	0	0	2	0	4	1	3	0	5	1	0	0	2	10	0	0	1	0	0	7	0	3	0	3	1	1	0	3	1	1	3	1	2	0	0	0	2	0	0	5
ACCT	1	2	0	2	0	0	0	0	2	3	2	2	0	0	0	0	1	0	0	2	1	1	1	0	1	1	2	1	0	0	0	2	1	3	0	3	0	1	2	0	0	2	0	0	1	0	0	0	3	4	0	4	1	0	1	0	0	1	2	1	1	1	1	0	0	0	0	0	0	2	1	0	0	1	0	4	1	2	0	0	2	0	0	0	0	0	0	0	2	0	0	0	2	0	0	0	0	1	0	0	1	1	0	0	0	8	0	0	4	0	0	2	3	0	0	1	0	0	1	0	2	1	2	0	1	1	0	1	0	0	0	2	0	2	1	0	0	0	0	1	0	0	0	0	0	0	0	0	0	0	0	0	2	0	0	0	1	0	0	0	2	2	2	0	1	4	1	0	0	0	0	0	2	1	2	0	0	1	0	0	2	1	0	2	0	0	1	2	1	0	0	0	1	4	0	0	1	1	0	1	0	1	0	0	0	0	0	0	0	0	0	0	0	2	1	3	2	8	0	0	0	4	0	2	1	1	1	1	0	0	0	0	0	3	1	1	0	1	0	0	0	0	2	2	1	0	0	1	0	1	1	1	0	0	2	0	0	6	1	2	0	1	1	0	0	3	0	0	1	0	0	1	1	0	0	0	0	0	1	1	1	0	0	1	2	0	1	0	0	1	0	0	2	4	3	0	0	0	0	0	2	0	0	0	0	3	2	1	0	0	0	0	5	0	0	1	0	0	1	0	0	2	0	0	0	3	0	1	0	2	1	0	0	0	0	0	0	2	3	1	1	0	0	0	1	0	2	0	0	0	0	0	0	1	0	0	0	0	2	2	1	0	2	0	0	1	0	0	0	0	2	0	0	0	0	0	0	1	0	2	0	1	0	1	0	0	0	6	0	1	0	0	2	2	0	2	0	0	0	0
ACGA	1	0	0	1	0	0	1	1	0	0	0	3	0	0	0	0	0	0	0	1	0	0	0	0	2	1	1	1	1	0	0	0	0	1	2	0	2	0	0	0	1	1	0	0	3	1	0	0	0	0	0	0	1	1	2	0	0	0	2	0	2	0	0	0	0	0	0	0	0	0	0	0	0	1	0	2	1	0	0	0	1	0	0	0	0	1	1	0	1	1	1	0	2	0	1	0	2	2	0	0	0	0	0	0	0	0	0	2	2	0	0	0	1	1	0	1	0	0	0	0	0	0	2	0	0	0	0	2	0	1	0	1	2	3	1	2	1	0	0	0	0	2	0	0	0	0	0	0	0	1	1	0	0	0	0	0	0	0	0	0	0	0	0	0	0	2	1	0	0	0	1	0	2	0	4	0	0	1	0	0	1	0	0	0	1	0	0	1	0	2	1	2	0	1	2	1	0	0	0	0	1	6	0	0	0	0	0	1	0	0	0	0	0	0	0	1	1	2	2	0	0	1	1	3	0	1	2	0	0	0	1	0	0	0	2	1	0	1	0	0	0	0	1	1	2	0	2	0	1	0	1	2	0	0	0	1	0	4	3	0	0	1	0	0	0	0	0	0	1	0	0	2	1	0	0	0	0	0	0	0	0	1	1	2	2	0	0	1	2	0	0	0	1	3	1	1	0	0	0	0	0	0	0	0	0	0	0	0	0	0	0	0	0	0	0	1	0	0	0	0	0	2	0	0	1	2	0	1	1	2	0	1	0	1	0	1	0	5	0	0	0	1	0	0	0	0	1	1	0	2	2	0	0	0	0	0	1	1	0	3	0	0	1	0	0	1	0	0	7	0	0	0	2	0	0	0	0	0	0	4	1	0	0	1	0	0	0	0	0	1	0	0	3	0	1	0	0	0	0	0
ACGC	2	0	0	1	2	0	0	1	0	0	1	0	0	0	0	0	0	0	0	0	0	0	0	0	0	0	1	1	0	0	0	2	0	1	0	1	1	0	0	0	0	1	0	4	2	0	1	0	1	0	1	0	0	0	0	1	0	0	2	1	0	0	1	0	0	0	0	0	0	3	0	1	0	0	0	2	1	0	0	1	0	0	0	2	0	0	0	0	1	0	0	0	0	0	0	0	0	0	1	0	0	0	0	0	0	0	0	0	2	0	0	0	0	1	0	0	0	0	0	0	0	2	0	0	0	2	0	0	0	1	0	2	2	1	1	0	0	0	0	0	0	0	0	0	0	1	0	0	3	1	0	0	0	0	0	0	0	0	0	0	0	0	0	0	0	0	1	0	0	0	0	1	0	0	0	0	0	0	0	0	1	0	0	3	0	0	0	0	0	0	1	0	0	1	0	0	1	0	0	0	1	0	0	0	0	0	0	2	0	0	0	0	0	0	0	0	1	1	0	0	0	3	0	0	1	0	0	0	0	0	0	0	0	0	5	2	0	3	0	0	0	0	0	0	0	0	4	1	0	1	0	0	0	0	0	0	0	7	0	0	0	1	2	0	0	1	0	0	0	0	1	1	0	0	0	0	0	0	1	0	0	0	0	0	0	0	0	0	2	0	0	0	1	0	2	0	0	0	0	0	0	0	0	0	0	1	0	0	1	0	0	0	1	2	1	0	0	1	0	0	0	0	1	0	0	3	1	0	0	0	0	0	0	1	0	0	0	0	1	1	0	0	1	1	1	0	0	1	0	1	0	0	0	1	0	1	0	0	0	0	0	0	0	1	0	1	1	0	2	1	0	0	3	4	0	0	0	0	0	1	0	0	0	0	0	0	0	0	1	0	0	0	0	0	0	0	1	0	0	1
ACGG	0	0	2	0	2	1	0	0	1	0	1	2	0	0	0	0	0	0	2	0	1	1	0	0	0	1	4	0	0	0	0	4	0	1	1	2	2	2	0	1	0	1	0	2	2	0	0	0	2	1	0	2	0	3	0	0	0	0	2	0	2	0	1	0	0	0	0	0	0	0	0	0	0	0	0	2	0	4	0	2	0	1	2	2	0	1	0	0	1	0	0	0	0	1	0	0	0	0	0	1	0	1	0	1	0	2	0	0	2	0	0	0	2	0	0	3	1	0	1	0	0	0	0	0	0	1	0	1	0	2	0	1	0	0	1	0	2	0	0	1	0	0	0	0	0	0	1	0	1	0	0	1	1	0	0	0	0	1	0	1	3	2	3	0	0	0	1	0	0	0	0	0	0	3	0	2	0	0	0	0	2	0	0	2	0	0	0	2	0	0	0	0	0	1	1	0	0	0	3	0	0	2	0	0	1	0	0	0	1	0	0	0	0	0	0	2	0	4	0	0	1	1	0	0	1	0	1	1	0	1	0	0	0	0	1	2	0	2	1	0	0	1	0	0	0	0	0	0	0	0	1	0	0	1	0	0	0	13	0	3	0	3	0	0	1	1	1	0	0	0	2	1	1	0	1	1	0	0	1	1	2	0	3	3	0	1	0	0	0	0	0	0	1	2	4	1	0	0	0	1	3	0	1	0	0	2	0	0	0	1	0	2	0	0	0	1	2	1	3	0	0	2	2	0	0	9	0	1	0	0	0	0	0	0	1	0	0	2	0	2	0	0	0	0	0	1	0	0	0	1	1	1	0	0	0	0	1	2	0	0	0	1	1	2	0	0	1	0	6	1	0	0	1	2	0	2	0	0	1	0	0	0	0	2	1	0	0	3	2	1	0	0	2	2	1	0	0	0	0	0
ACGT	0	4	0	1	0	0	2	0	0	0	2	0	0	3	0	0	1	0	2	0	0	0	0	0	0	0	0	0	0	0	0	4	0	0	1	0	0	1	0	0	0	0	0	0	1	0	0	0	1	0	0	0	0	0	0	0	0	0	0	0	1	0	1	0	0	0	0	1	0	0	0	0	0	0	0	2	0	0	0	0	1	0	0	1	0	0	0	1	1	0	0	0	0	0	1	0	0	2	0	0	0	1	0	0	0	0	0	1	1	0	0	0	0	1	0	0	1	0	0	0	0	2	3	0	0	0	1	1	0	1	1	0	0	0	0	0	0	0	0	2	0	2	0	0	0	0	0	0	0	0	0	0	1	0	0	1	0	1	0	0	1	1	2	0	0	0	2	0	0	0	0	0	0	0	1	0	0	0	0	0	1	1	0	0	0	0	0	2	0	0	0	0	0	2	0	0	1	0	1	0	0	0	0	1	0	0	0	1	0	0	0	0	0	0	1	0	0	0	0	0	0	1	0	0	0	0	1	0	2	0	0	0	0	1	0	0	1	1	0	0	1	0	1	1	1	0	2	0	0	1	0	1	1	0	2	0	1	2	0	0	0	1	0	0	0	1	0	1	0	0	0	2	0	0	1	0	0	0	0	1	0	0	2	2	0	0	0	0	0	0	0	0	0	2	0	0	2	0	0	0	1	0	0	0	0	2	0	0	0	0	0	0	0	2	0	1	0	0	2	0	0	0	2	0	0	0	0	0	0	0	1	0	0	0	0	0	0	0	0	0	0	0	3	0	0	0	1	0	0	0	0	3	1	0	0	0	2	0	6	1	0	0	0	1	0	0	0	0	5	1	0	0	0	2	0	0	1	1	0	2	0	0	0	0	0	0	0	0	0	1	0	0	0	0	0	0	0	0	0	0
ACTA	0	2	0	1	0	0	0	1	1	0	1	2	0	0	2	0	0	0	1	0	0	0	0	0	1	0	2	0	1	0	0	4	0	0	0	0	0	2	0	0	0	0	0	0	2	0	0	0	1	0	0	4	1	0	0	0	0	0	4	0	2	0	0	0	0	0	0	0	0	0	0	0	0	0	0	2	1	2	0	0	0	0	0	0	2	0	1	0	0	3	0	0	0	1	1	0	0	2	0	0	0	0	0	0	0	2	0	0	1	0	0	0	1	0	1	1	0	3	0	1	0	0	2	0	0	0	0	0	0	0	0	0	1	1	0	0	0	1	0	1	0	0	0	0	0	0	0	0	0	0	1	1	1	0	0	0	0	0	0	0	2	2	0	0	0	2	0	0	0	0	0	1	0	1	0	0	1	0	0	0	3	0	0	1	0	0	0	0	0	1	0	0	0	0	0	0	0	0	0	0	1	0	0	2	0	0	0	0	0	0	0	0	1	0	0	0	1	3	0	0	1	0	0	2	0	1	0	0	1	0	2	0	0	0	0	0	0	0	0	0	0	0	0	0	1	0	0	0	0	0	1	0	0	0	0	1	0	0	0	0	0	0	0	1	1	0	0	0	0	0	1	0	1	0	0	0	0	1	0	0	1	1	0	3	1	1	1	0	0	0	1	0	1	2	0	0	2	0	0	0	0	0	0	0	0	1	2	0	0	0	0	1	0	2	1	0	0	0	2	0	0	2	1	0	1	1	0	0	0	0	0	0	0	0	0	1	0	2	0	0	0	0	0	1	1	0	0	0	0	1	0	0	1	2	0	1	0	1	0	1	0	1	1	1	0	2	1	0	3	0	0	0	1	2	0	0	0	1	0	0	0	1	0	0	1	0	0	0	0	1	0	1	0	0	0	0	0	0	0	0
ACTC	0	0	0	1	0	0	0	0	1	0	2	2	0	0	0	0	0	0	0	1	1	0	0	0	0	0	1	0	0	0	0	2	0	1	1	0	1	2	1	0	0	0	0	0	2	0	0	1	1	1	1	0	0	1	0	0	0	0	2	0	2	0	0	0	0	0	0	0	0	0	0	0	0	0	0	2	0	0	1	0	1	1	0	0	0	0	0	0	0	0	0	0	0	0	0	0	0	0	0	1	1	2	0	0	0	2	0	0	0	0	0	0	0	0	0	0	0	0	0	0	2	0	0	0	0	0	0	0	0	0	0	1	0	1	1	0	0	1	0	0	0	0	0	0	0	0	0	0	0	1	0	0	0	0	0	0	0	0	1	1	1	1	1	2	0	0	0	0	0	0	1	0	0	2	1	0	0	0	0	0	0	0	0	3	0	0	0	1	1	0	0	1	0	2	1	1	1	1	0	0	0	1	0	0	0	0	0	0	0	1	0	0	0	1	0	1	1	5	1	0	0	0	0	0	0	0	2	0	0	2	1	1	0	3	1	1	0	0	0	0	0	0	0	0	0	0	4	1	0	0	0	1	0	0	1	0	0	2	1	0	0	3	0	1	0	1	0	0	1	0	0	0	0	0	0	0	0	1	0	1	1	0	0	1	1	0	1	0	1	0	0	0	1	1	1	1	0	0	0	0	2	0	0	0	0	1	0	0	0	0	1	0	0	0	0	2	2	0	1	0	0	8	0	1	0	0	0	0	0	0	0	0	0	2	0	1	0	1	1	0	0	0	0	0	1	0	2	0	0	1	0	1	0	0	0	0	0	0	8	0	0	0	0	0	3	0	0	0	0	0	0	0	1	0	0	2	0	0	0	1	0	0	0	0	3	0	0	0	1	0	1	0	0	0	0	0	0	0	0	1
ACTG	0	4	0	0	0	0	0	0	1	0	1	2	0	0	0	0	0	0	0	1	1	1	0	0	1	0	2	0	0	0	0	0	0	1	0	0	0	0	0	0	0	0	0	0	0	1	0	0	2	2	0	2	0	0	0	0	0	1	4	0	0	1	0	0	0	0	0	0	1	2	0	0	0	0	0	1	2	0	2	0	0	0	0	0	0	0	0	0	0	1	0	0	0	0	0	0	0	0	1	3	0	0	0	0	0	0	0	0	0	0	0	0	0	0	0	1	0	0	0	0	0	0	1	0	0	1	0	0	0	2	0	0	0	1	0	0	0	1	0	0	0	0	1	0	0	0	0	0	1	1	0	0	0	0	0	0	0	0	0	1	1	2	0	0	0	0	2	0	0	1	0	1	0	1	1	1	0	1	0	2	1	0	0	1	0	0	0	0	1	1	0	0	0	2	1	0	0	3	0	0	0	0	0	0	0	0	0	1	1	0	0	0	0	1	1	0	0	2	1	1	0	0	0	0	0	0	1	0	0	0	0	0	0	1	1	0	0	1	0	0	0	0	0	0	1	0	0	0	0	1	1	0	0	0	0	0	0	2	0	0	1	2	0	0	0	1	0	0	0	0	1	0	3	0	0	0	0	0	0	0	0	0	0	3	1	0	1	1	0	0	1	0	0	3	1	0	2	0	0	0	0	0	0	0	0	1	1	0	0	0	0	0	3	0	0	0	0	0	2	0	2	0	0	1	1	0	0	0	0	0	0	0	0	1	0	0	0	0	0	2	0	0	1	0	0	0	1	0	0	1	0	0	0	0	0	0	1	0	0	0	0	0	0	0	0	0	0	0	0	1	0	1	1	2	0	0	0	1	0	2	0	0	0	0	2	0	0	1	0	0	0	0	1	2	0	0	0	0	0	0
ACTT	0	0	0	2	0	0	0	0	0	0	1	4	0	1	0	0	0	0	0	1	1	0	0	0	0	0	2	0	0	0	0	0	0	1	0	0	2	1	0	1	0	0	0	0	0	1	0	0	3	1	1	0	1	0	0	0	0	0	0	1	0	0	1	0	0	0	0	0	0	1	3	0	0	0	0	2	3	0	1	0	1	1	0	1	0	0	0	1	0	1	0	1	0	0	0	0	0	0	0	0	0	0	0	0	0	2	0	0	2	0	0	0	0	1	0	0	0	0	0	1	2	0	2	0	0	1	0	0	0	0	0	1	0	0	0	0	0	1	0	0	0	0	1	0	0	0	1	2	1	3	0	0	0	0	1	0	1	0	0	1	1	0	1	0	0	0	0	0	0	1	0	0	1	0	1	0	0	0	0	1	0	0	0	1	1	1	0	1	0	0	0	0	0	1	0	0	0	3	0	0	0	0	0	0	0	0	1	0	2	0	0	0	2	1	1	1	3	0	0	0	1	1	1	0	0	2	0	0	1	0	1	1	0	0	1	0	0	0	0	1	0	0	0	0	1	0	0	1	0	0	2	0	0	0	0	0	0	3	0	1	0	1	0	0	0	1	0	0	0	0	0	0	0	2	1	0	0	0	0	0	0	1	2	2	0	0	0	1	0	0	1	0	0	0	1	0	0	0	0	0	0	1	0	0	0	0	1	0	0	0	0	0	0	0	0	0	2	0	1	0	0	0	0	0	1	4	0	0	0	0	1	0	0	0	0	0	0	0	0	1	1	1	1	1	0	0	1	0	0	1	0	1	1	1	0	0	0	0	2	3	0	0	1	0	1	1	0	1	2	0	0	0	0	0	0	0	0	0	0	0	0	0	0	0	1	0	0	1	0	1	0	0	2	0	2	0	1	0	0	0
AGAA	1	6	0	0	6	0	0	1	0	0	2	0	0	1	0	0	0	0	0	1	1	0	1	1	2	1	3	1	0	0	0	2	0	4	1	3	0	1	0	0	1	1	0	0	4	0	1	1	3	0	0	2	1	6	0	1	0	1	4	1	3	0	1	1	1	0	2	0	0	3	1	0	1	0	0	2	0	4	0	0	0	0	1	1	0	0	0	1	2	2	1	2	0	0	1	0	0	0	0	2	0	1	0	1	0	6	0	3	4	1	1	0	3	1	0	1	0	0	0	0	2	0	4	0	1	1	2	0	0	0	1	0	4	1	0	0	3	1	0	2	0	0	0	1	0	1	0	0	0	1	1	1	0	0	1	0	0	0	0	1	2	5	1	0	0	2	2	0	0	0	2	1	1	0	1	0	0	2	1	1	4	1	2	1	1	0	0	0	1	0	0	1	0	0	0	2	1	6	1	1	3	4	0	0	0	0	0	1	1	4	1	1	0	0	4	4	3	4	0	0	2	3	5	0	2	1	2	0	3	0	0	1	1	3	4	1	0	2	0	0	1	0	0	3	3	0	2	1	0	3	2	2	0	0	0	2	0	12	0	0	0	7	1	0	0	2	0	2	2	0	0	1	6	0	1	0	1	1	1	1	0	0	0	7	2	1	0	1	1	1	0	0	2	5	1	0	2	0	0	0	5	1	0	0	0	3	3	0	3	0	2	1	1	2	1	2	0	2	3	1	0	2	1	2	2	8	0	1	0	0	0	1	1	1	0	1	0	0	0	1	0	0	0	0	2	0	4	1	1	0	0	2	1	0	0	0	0	1	6	2	0	1	3	0	1	1	0	0	5	0	0	0	2	4	0	0	0	1	2	4	0	1	0	2	1	0	0	6	1	1	1	1	0	0	2	0	2	0	0	0
AGAC	0	2	0	3	4	1	0	1	3	1	6	16	0	2	1	0	0	0	2	3	0	0	1	0	0	1	4	1	1	0	2	4	0	1	2	1	6	5	1	1	2	1	0	3	3	0	0	3	4	1	1	6	1	0	0	2	0	4	4	1	5	0	2	0	1	0	2	1	0	1	2	1	0	0	0	5	2	2	3	3	4	1	1	1	2	1	0	0	2	5	1	0	1	1	0	0	3	2	1	1	2	1	0	0	2	8	0	1	9	1	2	1	2	3	2	0	0	0	0	0	0	2	1	0	3	2	1	1	0	0	0	2	0	5	1	2	2	2	0	4	0	1	0	0	0	0	3	0	0	2	1	0	1	0	1	2	1	0	1	1	3	3	3	1	0	0	2	0	0	0	0	2	1	3	2	2	1	0	0	0	5	2	3	1	2	1	0	9	2	1	1	1	2	3	0	3	3	7	1	0	5	6	0	2	0	0	0	2	2	3	2	1	1	1	1	4	2	5	1	0	2	2	5	6	2	2	0	2	3	0	1	0	0	6	4	2	1	3	1	0	1	0	0	1	2	0	10	5	1	2	4	3	1	1	0	2	1	12	5	2	0	30	0	3	1	1	1	0	0	1	2	4	2	2	0	0	0	0	4	0	1	2	1	8	0	2	2	2	7	1	2	0	2	5	8	1	6	0	0	0	3	2	1	0	0	1	0	0	5	0	1	2	0	0	3	4	2	1	4	0	0	6	1	0	0	11	0	3	0	4	2	1	2	4	1	1	1	10	0	6	2	0	1	1	2	1	3	0	0	4	1	3	0	1	0	2	2	1	4	1	1	1	2	3	1	4	0	0	3	1	0	0	1	10	0	2	1	0	2	7	3	2	0	0	2	0	0	1	2	0	5	1	1	6	1	0	0	0	0	3
AGAG	0	8	2	0	6	0	0	1	4	2	7	20	0	1	1	0	0	1	0	2	1	0	1	3	3	2	6	2	4	0	0	14	2	0	0	1	4	4	1	1	3	4	0	0	11	1	1	5	5	2	1	8	2	5	1	3	0	3	2	2	4	2	2	0	1	0	2	0	1	1	1	3	0	0	0	9	7	0	2	2	5	0	2	0	8	0	0	0	3	3	0	1	1	0	2	1	0	1	0	1	0	2	0	1	1	12	0	1	6	0	4	0	7	2	3	5	1	1	1	0	2	4	5	1	4	1	0	1	1	4	1	1	3	8	1	2	1	0	1	6	1	3	1	2	1	0	3	0	1	3	1	0	0	1	0	1	1	1	0	3	4	3	2	0	0	2	1	1	1	0	0	1	2	1	7	2	1	0	0	1	3	1	0	3	0	0	1	6	1	0	0	0	2	12	0	0	1	11	2	0	2	3	1	1	1	1	0	2	0	3	0	1	1	1	5	7	3	14	1	0	3	6	3	4	3	4	3	1	0	1	2	1	0	7	7	0	0	1	0	0	0	0	2	2	5	0	14	4	0	5	4	3	0	2	0	3	1	25	3	5	0	11	0	1	1	2	2	2	5	0	6	4	8	0	1	2	0	0	3	1	2	2	5	5	3	0	1	2	4	0	2	0	1	10	8	0	0	0	1	0	1	1	0	0	1	5	5	0	7	0	0	3	3	10	4	6	4	0	9	0	0	4	5	0	3	11	3	1	0	0	0	3	0	5	0	2	1	5	0	3	4	0	3	1	1	2	4	8	0	0	1	3	1	0	0	2	1	3	4	7	1	0	1	0	0	2	2	4	25	2	2	1	4	2	0	3	1	1	0	5	1	4	0	0	1	0	0	7	3	0	4	1	1	14	1	2	0	0	0	3
AGAT	0	10	2	2	6	1	3	1	3	4	5	8	0	3	1	3	0	1	1	3	3	1	2	0	3	3	4	2	2	1	0	8	4	1	2	2	2	1	0	0	4	2	0	2	6	1	2	2	3	0	2	10	1	3	0	1	0	1	6	1	3	0	1	2	1	2	0	2	1	0	2	0	0	0	2	3	5	0	6	4	3	2	2	1	2	2	0	2	6	6	0	0	0	1	0	1	2	2	2	4	0	3	1	0	0	12	0	2	5	1	4	1	3	1	0	2	1	1	0	2	2	1	4	0	2	3	0	1	0	5	0	4	3	3	3	2	1	0	2	0	1	2	0	0	0	0	2	2	1	2	1	1	3	0	1	0	1	1	2	3	4	4	1	2	1	2	0	0	1	1	1	3	1	1	1	1	0	0	1	0	3	3	3	2	2	1	1	3	2	0	0	1	0	0	0	1	0	3	2	0	1	11	3	2	1	0	2	3	1	2	1	2	0	3	4	1	2	4	5	0	5	5	2	4	4	2	2	4	2	2	4	1	0	2	8	3	1	2	1	1	0	0	1	1	7	0	2	4	1	5	7	2	1	0	1	1	1	14	2	0	1	15	3	2	1	2	1	0	1	0	5	3	4	2	1	0	1	1	4	3	0	0	3	8	4	1	2	0	2	1	0	1	2	7	1	1	4	0	0	2	2	0	1	0	0	1	6	0	5	1	0	1	1	0	1	4	0	2	5	0	0	8	5	0	3	3	0	2	1	0	0	3	0	2	0	2	0	7	2	5	3	0	6	1	5	1	1	3	1	1	0	2	0	1	0	0	1	1	4	2	1	0	0	0	2	3	1	0	3	2	0	0	2	6	0	2	0	1	0	10	1	0	0	3	3	0	0	9	3	3	1	0	1	0	1	0	1	0	0	1
AGCA	0	6	2	2	0	0	1	1	5	2	2	4	0	0	0	1	0	0	0	2	1	0	0	0	2	1	2	0	1	0	0	2	0	1	0	3	4	1	3	0	3	0	0	2	8	1	2	2	6	2	1	2	1	3	0	1	2	0	8	0	2	0	3	1	0	0	0	4	2	5	1	1	0	0	1	4	2	2	1	2	1	0	0	0	0	0	2	1	1	1	0	0	0	2	0	0	2	0	1	3	0	1	1	0	1	6	0	0	9	2	2	0	5	1	1	3	1	1	0	0	2	0	2	0	0	1	1	1	0	4	1	1	4	1	2	0	0	0	0	2	0	4	0	0	0	0	1	2	1	1	0	0	2	0	0	0	1	1	0	0	8	1	1	0	0	0	0	0	1	0	0	2	5	0	8	0	1	1	1	0	2	0	1	5	2	1	0	3	4	1	0	0	2	5	1	3	1	5	3	0	1	5	0	3	1	0	0	0	0	1	0	1	0	2	3	3	4	5	1	0	2	2	1	4	1	3	1	0	2	2	0	2	0	8	5	0	0	4	0	0	0	0	0	3	4	0	6	3	2	5	2	4	0	0	2	1	0	12	2	1	0	24	1	2	1	2	1	0	3	0	1	3	4	0	0	0	1	2	1	1	4	2	0	4	1	2	3	3	2	2	0	0	3	4	3	0	0	0	0	0	2	1	0	0	0	2	3	0	2	0	0	1	2	2	3	1	8	3	7	0	0	0	2	0	3	17	0	1	0	0	1	3	0	2	0	0	0	5	0	1	0	2	0	4	1	0	4	0	0	2	0	3	1	2	0	4	0	2	4	3	0	0	2	1	0	1	0	0	8	0	0	0	1	0	0	4	0	0	0	9	0	1	0	1	1	0	0	3	3	1	1	0	1	2	0	0	0	2	0	3
AGCC	0	4	2	1	4	1	0	0	2	9	4	10	0	3	4	0	0	0	0	2	0	3	0	2	3	1	9	2	1	0	3	10	1	2	1	8	0	2	1	1	2	4	0	2	3	1	1	3	9	3	1	0	1	5	0	0	2	1	4	0	7	0	2	2	1	1	2	1	0	3	5	1	1	0	1	4	6	4	5	1	3	0	2	0	2	0	0	1	3	4	0	1	1	2	0	0	0	4	1	2	0	3	0	2	1	8	0	4	13	0	2	0	6	1	0	1	1	0	1	1	6	3	1	0	2	4	0	0	0	3	0	3	5	4	7	2	7	2	1	3	0	2	0	0	1	2	1	2	0	5	2	2	2	0	2	0	1	1	2	1	6	6	3	3	0	0	5	0	0	0	0	1	5	2	10	2	0	0	1	1	5	3	0	5	0	0	1	3	3	0	0	0	1	4	1	3	1	6	2	0	1	3	0	1	0	1	1	2	0	6	3	0	0	1	0	6	4	8	0	0	4	3	5	6	3	0	1	1	3	0	1	0	1	5	4	3	0	3	0	0	1	0	0	2	2	0	8	2	1	6	6	3	0	0	0	2	0	20	0	1	0	42	0	0	2	10	1	3	4	2	5	5	8	4	3	1	0	2	2	1	0	2	0	5	2	0	2	1	5	1	0	0	3	5	5	1	4	3	0	0	4	0	0	0	0	3	3	0	4	0	0	5	3	8	1	4	4	7	4	1	0	4	1	0	1	30	1	2	1	0	0	1	0	4	2	0	0	6	0	5	0	0	3	2	0	1	4	0	4	4	3	3	3	1	0	2	0	4	16	1	3	0	0	0	2	2	2	0	4	1	0	0	2	8	0	0	0	0	0	8	1	2	0	4	1	0	1	4	3	4	1	1	1	4	4	4	1	1	0	4
AGCG	1	22	2	4	2	3	0	3	2	4	11	22	1	3	3	2	1	0	0	7	0	1	0	0	3	4	13	0	2	0	3	27	4	6	3	6	4	2	6	3	2	1	1	0	11	0	4	0	12	8	1	14	5	10	1	1	2	5	6	0	13	1	5	0	0	0	6	1	1	5	6	2	0	3	1	17	5	2	3	4	2	1	7	2	2	0	0	0	12	8	0	0	0	0	1	4	2	1	1	7	0	1	0	1	0	8	0	2	29	3	9	1	10	5	0	6	0	1	1	0	5	11	9	1	8	2	0	6	1	7	1	7	5	10	5	2	4	2	2	1	0	2	3	0	0	0	2	0	1	5	3	4	9	0	4	1	2	0	1	4	16	10	6	1	0	4	8	0	1	0	2	3	9	5	8	2	2	4	1	2	6	0	0	6	4	0	1	6	7	1	0	2	0	7	1	3	2	14	2	0	6	9	0	2	0	1	1	2	5	3	1	3	2	3	9	7	13	26	0	0	5	9	3	9	5	9	2	2	6	1	2	5	0	16	12	1	0	3	0	0	0	0	2	3	8	0	8	4	4	9	5	2	6	0	2	0	0	48	3	7	0	38	4	0	5	4	1	2	2	0	7	10	9	4	2	1	1	1	4	5	6	5	6	15	1	2	2	2	8	3	4	0	18	25	15	1	8	0	0	1	5	0	0	0	0	7	5	0	3	0	1	3	5	6	2	8	8	3	11	1	2	4	2	0	1	36	1	2	0	8	1	1	1	5	1	3	0	11	1	8	3	0	3	4	10	2	14	5	0	5	1	13	2	1	0	7	1	5	26	10	1	1	1	2	3	6	0	0	15	4	8	0	6	2	0	2	3	2	1	23	0	5	0	3	6	0	0	11	5	9	6	2	4	6	2	0	1	1	2	6
AGCT	1	8	6	5	10	0	0	4	5	9	7	28	2	4	1	5	0	3	0	6	4	2	2	0	5	3	4	2	2	3	1	6	3	5	1	6	14	7	5	1	0	4	0	0	8	1	2	4	19	5	2	8	5	4	0	0	0	5	14	1	9	5	5	1	0	0	4	2	2	2	1	0	0	1	1	17	4	7	5	3	3	0	10	1	2	0	4	0	16	5	0	1	2	1	0	2	2	2	0	2	3	2	1	0	0	14	0	4	20	1	3	0	6	3	2	8	0	3	0	2	4	5	5	0	5	6	1	3	0	6	1	5	2	6	5	4	3	1	2	4	1	12	1	0	1	1	1	0	0	6	7	1	5	0	4	2	1	2	2	2	13	5	3	2	2	0	2	0	1	0	2	1	5	5	12	0	4	0	1	0	5	2	0	9	3	0	0	8	6	1	0	0	2	16	1	7	3	11	2	1	3	10	2	0	1	1	1	2	3	4	1	5	1	2	3	8	5	17	1	0	5	14	8	12	5	5	5	3	2	3	5	2	0	6	14	1	0	2	1	3	1	0	3	7	9	0	13	4	7	10	9	8	6	1	3	0	0	27	3	3	0	22	2	0	0	5	2	0	6	1	4	9	6	0	1	0	2	3	3	5	1	2	0	11	2	0	1	1	7	2	1	0	6	18	9	1	12	1	1	0	5	1	2	0	1	14	4	0	5	1	1	3	1	12	5	9	6	2	10	0	0	0	7	0	4	25	3	2	0	4	2	0	0	5	0	4	0	7	1	10	0	0	2	2	7	5	8	1	0	9	2	9	2	6	1	8	3	8	18	7	1	0	5	1	4	6	6	1	9	3	4	1	7	9	0	6	0	1	1	18	0	4	0	0	5	1	0	10	2	2	2	2	8	12	6	0	2	0	0	5
AGGA	0	2	0	2	2	0	1	1	2	4	3	4	0	0	0	0	0	0	2	2	0	0	1	1	0	1	1	0	1	0	1	8	1	1	1	0	2	1	2	0	0	4	0	0	2	2	1	1	3	1	2	5	0	5	0	0	0	0	4	0	2	1	1	2	0	1	0	1	0	3	3	0	0	1	1	0	1	0	1	1	0	0	2	0	3	0	1	0	3	0	0	0	0	2	0	1	0	1	2	2	0	0	0	0	0	8	0	1	9	0	1	1	2	1	0	0	1	0	0	0	2	1	0	0	1	0	0	1	0	1	0	3	1	4	2	0	2	0	0	1	0	3	0	1	0	1	0	2	1	0	0	1	0	1	0	1	0	2	1	2	1	2	0	1	0	2	2	0	0	0	2	0	2	1	4	2	0	1	1	0	3	0	0	1	3	0	0	3	1	1	0	0	1	2	1	0	1	8	3	0	1	7	0	1	1	0	1	0	2	3	2	0	1	2	1	3	4	1	0	0	2	2	1	6	1	2	2	1	2	1	2	0	0	2	4	1	0	2	1	1	0	0	0	1	1	0	0	1	0	0	5	1	2	2	0	0	0	13	2	0	0	5	1	1	1	0	1	0	2	0	3	1	4	4	2	1	1	1	1	0	1	0	2	9	2	1	1	0	0	1	0	0	2	3	4	0	0	0	1	0	3	1	0	0	0	5	2	0	6	2	1	1	2	3	1	2	2	2	2	0	0	0	0	1	2	17	0	0	1	0	0	0	0	0	0	1	2	1	2	2	0	0	2	1	2	0	4	1	0	0	0	3	0	0	0	0	1	0	11	2	2	1	0	1	3	3	1	0	7	1	0	0	1	0	0	2	0	0	0	2	1	5	0	0	1	0	0	3	0	0	3	1	0	1	0	0	2	0	0	3
AGGC	0	2	2	3	0	1	0	0	1	2	7	8	0	0	0	0	2	0	0	3	1	1	0	1	3	0	3	0	0	1	1	2	1	1	0	3	4	1	0	3	1	3	0	2	4	1	3	1	5	2	2	0	0	1	0	0	0	0	2	0	6	0	2	0	2	1	0	2	0	0	0	1	0	1	0	2	3	6	1	1	1	0	0	0	0	0	1	0	0	2	0	0	1	0	1	0	0	1	1	1	0	0	0	0	0	9	1	0	6	1	1	0	3	0	1	1	0	2	3	2	4	0	1	1	5	0	1	1	0	1	0	1	0	5	4	2	2	1	1	1	1	2	0	0	0	0	1	0	1	0	3	5	1	0	1	1	0	2	2	2	2	1	0	0	0	2	3	0	0	0	1	2	1	5	1	1	0	1	0	0	6	1	0	5	1	1	0	2	1	1	0	1	0	3	0	1	0	2	2	1	2	4	2	2	0	0	2	2	0	1	4	0	0	0	2	3	5	4	2	1	2	1	1	4	1	0	1	1	1	1	3	0	0	3	1	1	0	2	0	0	1	0	0	1	1	0	6	2	1	3	3	5	0	0	2	0	0	15	0	0	0	20	1	0	2	1	2	0	4	0	1	0	0	2	0	0	1	3	1	1	0	1	1	3	1	0	0	0	3	1	0	0	2	5	2	0	0	0	1	1	2	0	1	1	0	7	0	2	1	0	0	2	3	0	0	4	2	0	4	2	0	0	2	0	1	22	0	2	2	4	1	1	0	1	0	1	1	3	0	3	3	0	1	0	2	1	1	0	0	1	0	1	0	4	0	1	0	2	4	2	1	1	1	0	2	1	0	0	3	0	2	1	2	0	0	2	1	0	0	5	0	4	0	2	4	0	0	8	1	2	1	0	0	0	0	0	0	0	0	0
AGGG	1	2	0	2	0	0	0	0	1	2	8	0	1	0	1	2	0	1	0	2	0	0	0	2	5	1	10	1	0	0	2	6	1	2	0	2	6	5	1	0	2	0	0	0	14	0	3	1	3	2	1	8	1	1	0	0	4	0	8	2	6	1	2	0	1	0	3	0	1	4	1	0	0	1	0	6	2	0	2	0	0	0	3	2	4	0	2	0	4	1	2	0	0	3	0	2	0	0	0	1	0	2	0	1	2	8	0	2	7	1	2	1	2	0	0	4	1	1	1	1	0	2	3	0	2	1	0	2	1	1	1	1	2	4	2	2	2	1	2	1	1	1	1	0	0	0	2	2	2	2	2	2	3	0	1	1	0	0	1	2	8	5	1	0	1	2	2	0	1	0	2	0	1	1	1	0	2	2	0	0	3	1	1	5	4	0	0	7	1	0	0	0	1	7	1	3	0	6	1	1	0	5	0	0	0	0	0	1	1	1	2	1	1	1	3	6	4	4	2	0	0	4	1	8	2	3	0	0	2	1	0	0	1	4	4	0	0	2	0	1	0	0	0	3	5	0	6	0	1	6	3	2	2	0	0	1	0	21	2	2	0	7	0	0	1	2	0	0	4	0	2	5	1	0	1	0	2	0	2	0	1	1	7	12	0	1	1	1	8	1	1	1	8	7	10	0	8	0	1	0	8	2	1	0	1	5	1	2	4	0	0	2	1	2	1	4	0	1	4	0	0	6	1	1	0	9	1	1	0	1	1	1	1	1	0	0	0	6	1	3	1	1	3	0	1	1	3	4	0	1	3	1	0	0	0	2	0	1	4	4	0	0	5	0	3	0	0	0	22	0	2	0	3	4	0	4	0	1	0	7	2	8	0	0	2	0	0	4	1	2	4	0	1	2	0	2	2	1	0	2
AGGT	0	4	0	4	4	1	0	1	3	1	4	4	0	1	0	0	0	1	0	3	0	0	2	0	0	1	3	0	0	0	0	4	1	4	1	0	2	3	1	0	0	0	0	0	3	0	0	1	3	0	1	4	1	3	1	1	4	1	4	0	7	1	2	0	0	0	4	0	0	1	1	0	1	0	0	4	2	2	1	1	2	1	4	0	6	1	0	1	2	4	2	0	1	0	1	0	1	0	0	0	0	1	0	1	2	2	0	1	3	1	0	0	2	1	1	3	0	0	1	0	2	4	1	0	1	3	2	1	0	0	0	3	2	2	0	0	4	0	1	2	0	1	1	2	1	1	2	0	2	2	2	0	0	0	0	1	0	0	0	2	2	2	5	0	0	2	1	0	1	1	0	1	2	1	2	0	0	2	0	0	1	1	0	1	1	0	0	3	8	0	1	2	0	3	0	2	0	5	2	0	5	0	1	2	0	0	0	0	0	4	1	2	0	2	1	2	2	5	1	0	0	1	2	6	1	2	0	0	0	0	3	0	0	4	5	1	1	1	0	0	0	0	4	1	6	0	2	4	0	3	0	1	0	0	3	1	0	9	3	4	0	6	0	1	0	2	0	1	1	0	1	3	1	2	1	0	0	0	4	0	0	1	3	6	0	0	3	1	0	0	3	0	3	2	1	1	0	0	0	1	1	0	0	0	0	1	0	0	2	0	0	1	4	2	0	3	2	1	2	0	0	0	2	1	1	12	0	1	0	2	1	1	1	0	1	3	2	2	2	1	1	1	0	1	0	1	0	0	1	0	1	5	2	0	1	0	2	3	0	6	1	0	4	1	1	2	0	0	2	0	2	0	1	2	0	2	0	0	0	5	0	2	0	1	2	0	0	4	1	2	3	1	1	2	2	0	2	0	2	3
AGTA	2	0	0	3	0	0	1	0	1	0	4	4	0	2	0	0	1	0	0	0	1	0	0	0	4	0	8	0	3	0	0	10	0	2	1	3	2	3	6	1	0	3	0	0	1	0	0	2	0	1	0	1	3	1	0	0	2	1	2	1	3	2	3	0	0	0	1	1	0	4	1	0	1	0	0	4	1	2	2	0	2	0	4	1	4	0	2	0	0	1	0	0	0	2	0	1	0	1	0	0	0	2	1	0	0	10	0	3	6	1	2	0	5	0	0	1	3	0	0	2	0	2	3	0	2	0	0	1	0	2	0	1	1	4	1	0	4	1	1	1	1	0	0	1	0	0	0	0	2	1	0	1	0	0	2	0	0	0	0	1	2	5	3	0	0	0	0	1	0	0	2	1	0	1	0	0	5	1	2	1	3	2	0	4	1	0	0	3	2	0	0	0	0	9	0	1	1	4	5	0	3	3	1	3	0	0	1	0	0	1	1	0	1	1	1	1	4	4	1	0	0	2	1	2	0	1	1	1	0	0	3	0	0	1	8	0	0	3	3	0	1	0	1	3	4	0	8	1	1	7	0	4	3	0	2	0	0	9	0	1	0	15	0	0	1	0	0	1	5	0	2	3	1	0	1	0	1	0	0	1	3	2	2	4	1	0	1	1	2	0	0	0	4	2	4	0	0	1	0	1	2	0	0	0	0	4	4	0	1	0	0	2	1	0	1	4	0	2	1	0	0	2	1	0	1	13	2	2	0	0	1	1	1	2	3	3	0	1	0	1	0	0	2	0	0	0	4	2	0	1	0	3	1	0	0	3	1	1	2	1	0	0	1	0	2	0	1	0	5	1	2	0	0	5	0	2	0	1	0	5	0	2	0	1	2	0	1	4	1	3	1	0	4	4	0	0	2	0	0	1
AGTC	1	8	6	1	0	0	1	2	3	4	15	8	1	5	1	0	3	1	0	2	1	0	0	0	4	1	5	1	3	1	4	8	1	3	1	0	6	2	2	1	3	5	0	4	3	0	2	5	11	1	0	4	2	5	1	0	7	1	10	1	3	2	7	0	0	0	2	2	0	1	4	2	1	0	1	7	5	7	4	1	0	2	3	2	2	0	1	1	5	4	0	2	2	5	3	2	0	0	0	1	0	1	0	0	2	12	0	3	14	0	3	2	3	0	0	4	0	0	0	0	2	0	7	0	2	2	1	1	0	1	0	3	4	6	3	4	5	0	2	3	2	1	0	0	0	0	2	4	1	4	5	2	3	2	4	0	0	0	4	1	6	3	0	1	1	0	3	0	0	0	2	3	2	2	5	1	2	0	0	2	5	2	0	6	1	0	0	7	1	3	0	0	2	9	1	2	0	16	4	0	1	6	0	1	0	2	1	2	3	5	0	3	1	1	2	9	2	7	1	0	1	3	2	6	6	4	1	1	5	2	3	2	0	9	9	1	0	2	0	0	1	0	2	2	2	0	18	3	0	12	5	1	2	0	1	2	0	12	2	2	0	45	2	0	3	3	0	1	7	1	5	5	5	2	1	0	0	0	7	1	1	0	1	6	3	0	1	1	5	0	1	0	6	7	4	0	2	2	0	0	4	0	2	0	0	6	6	0	3	1	0	1	2	0	2	3	4	2	5	0	0	3	1	0	0	36	2	3	0	2	1	2	1	3	2	1	0	5	1	2	1	0	0	0	6	1	7	0	1	2	2	4	1	1	0	5	0	1	4	5	0	0	3	1	3	4	2	2	5	0	4	0	5	2	0	7	0	0	0	5	3	4	0	0	0	0	0	3	1	2	2	0	2	0	1	4	0	1	2	5
AGTG	1	10	0	4	0	0	0	2	2	3	6	18	0	1	0	0	1	0	0	3	2	0	0	0	5	2	8	1	3	0	1	8	1	4	1	1	4	2	0	2	0	0	0	4	10	0	1	1	5	1	0	6	2	8	0	0	2	1	2	2	7	1	4	0	1	0	4	1	3	2	1	0	1	1	0	10	2	4	2	0	2	1	1	1	0	0	1	0	1	4	0	0	0	0	1	1	1	1	0	2	0	3	2	0	0	8	0	3	7	2	2	2	2	1	0	2	1	0	1	1	0	0	1	0	2	3	1	0	0	2	0	0	1	8	2	6	6	0	0	1	2	6	1	0	0	1	2	0	0	0	5	1	3	1	0	0	2	0	0	0	6	5	2	0	2	2	3	0	0	1	1	1	3	2	7	1	2	0	0	1	6	1	2	12	3	1	0	4	0	0	0	0	2	5	0	4	2	10	0	0	3	5	0	0	1	1	1	2	4	3	0	3	1	2	4	1	6	12	1	0	5	6	4	16	2	2	1	0	3	1	1	1	0	3	3	0	0	3	0	0	0	0	2	2	5	0	8	2	1	9	3	0	0	0	1	0	1	18	0	0	0	8	1	0	0	3	0	1	3	0	2	7	5	0	0	0	1	2	0	0	0	0	1	5	2	0	0	0	1	3	0	1	3	5	5	2	4	1	0	0	2	1	1	0	0	4	2	0	1	0	0	3	1	4	0	4	2	3	4	0	1	2	3	0	1	20	0	2	0	6	0	0	1	2	1	1	0	0	0	5	0	0	0	0	3	0	5	0	1	0	0	4	1	2	1	4	1	5	4	1	0	0	1	0	1	2	0	0	8	2	2	0	2	6	0	2	0	0	0	2	1	2	0	2	8	0	0	4	2	3	5	1	5	2	0	0	1	0	2	1
AGTT	1	22	0	5	4	2	0	2	4	2	9	18	1	3	1	0	0	2	0	6	4	1	1	1	5	2	15	0	2	0	2	20	2	3	0	5	3	2	1	2	3	3	0	4	7	0	3	3	13	2	2	19	3	8	2	1	0	3	8	0	4	2	9	1	0	0	2	3	2	7	0	1	0	4	0	8	4	2	4	1	4	1	6	2	2	0	0	0	5	7	0	0	1	1	2	0	0	2	1	3	1	8	0	0	0	8	1	2	17	3	3	0	8	2	1	6	3	0	1	0	6	4	5	1	4	0	2	2	0	4	1	1	5	9	2	4	7	0	0	6	1	7	0	0	0	0	0	0	0	7	4	1	4	2	3	0	2	1	2	2	12	4	7	0	0	2	4	1	1	0	2	1	8	0	9	1	2	0	1	2	4	3	2	6	3	0	1	11	7	1	0	2	2	8	1	2	2	14	5	0	2	7	1	1	0	1	1	8	2	2	0	2	2	1	4	14	4	20	2	1	4	7	2	6	2	2	1	0	1	2	10	0	1	8	18	0	0	4	3	1	2	2	3	11	4	0	18	2	1	6	8	0	1	0	3	4	1	20	6	1	0	22	0	2	0	4	1	4	3	0	3	12	8	4	1	0	5	4	4	3	5	2	0	11	2	0	1	2	1	1	4	0	5	4	12	2	4	1	1	0	7	2	3	0	0	11	3	1	4	0	1	2	3	4	4	9	8	2	5	2	0	4	5	1	2	18	3	2	1	8	0	6	0	1	4	1	1	5	1	6	3	2	0	3	3	0	4	1	0	6	1	4	2	3	0	2	1	1	12	8	0	0	6	1	1	7	0	1	5	2	2	0	7	6	0	6	0	2	2	17	0	4	0	2	2	0	0	4	3	5	10	1	4	6	0	0	3	2	0	2
ATAA	1	6	0	1	4	0	0	1	1	1	5	8	0	2	0	0	1	1	0	0	1	1	0	1	1	0	10	0	2	0	0	4	2	0	2	0	2	4	0	1	0	1	0	2	2	1	1	0	6	2	0	2	3	4	1	0	0	2	2	0	3	1	1	0	1	0	0	1	1	3	1	1	0	1	0	3	5	4	0	1	0	0	1	1	2	0	0	0	3	1	0	0	0	1	1	1	0	1	0	1	0	2	0	0	0	2	0	2	7	1	1	1	5	1	0	1	0	1	1	0	2	2	2	0	1	0	1	0	0	0	0	3	1	4	1	0	2	0	3	1	0	2	0	1	0	0	2	0	1	0	1	1	0	0	1	0	0	0	0	1	5	3	4	2	0	0	1	0	1	0	1	0	1	2	1	0	2	0	0	0	3	1	1	4	1	0	0	1	1	0	0	2	0	7	1	0	1	2	0	0	0	1	0	1	0	0	0	2	1	1	0	1	1	1	4	3	1	10	1	0	0	4	1	6	0	0	2	1	0	0	2	1	0	2	5	0	0	0	1	0	1	0	2	2	1	0	2	1	1	1	1	1	1	0	3	0	0	15	0	1	0	2	1	1	0	1	0	2	1	0	1	6	1	0	1	0	1	2	0	0	1	0	0	4	0	1	0	1	2	1	2	0	7	8	4	0	2	0	1	0	1	1	0	0	0	2	3	0	4	0	0	1	4	0	2	2	2	1	3	1	0	6	1	1	0	3	0	0	0	2	0	1	0	1	0	2	0	3	1	1	1	1	2	2	1	0	4	1	0	0	1	2	0	2	0	1	0	2	6	4	0	0	2	1	4	3	3	1	7	0	4	0	2	2	0	0	1	0	0	4	1	0	0	0	3	0	0	1	5	1	0	0	1	4	0	0	0	0	0	1
ATAC	3	6	0	3	0	0	0	0	0	1	2	4	1	1	0	0	0	0	0	0	0	0	0	1	2	0	6	0	1	0	1	20	0	7	1	1	2	7	0	1	2	3	0	2	3	0	1	0	5	6	1	2	2	5	0	2	0	4	6	0	4	0	5	0	0	0	0	2	1	2	0	0	0	0	0	2	2	0	2	0	5	0	4	0	6	0	0	0	6	5	0	1	0	1	0	2	1	2	0	1	0	4	0	0	0	2	0	2	7	0	1	0	3	2	1	3	0	1	0	0	2	0	2	1	4	1	0	0	0	0	1	0	2	2	1	2	3	0	0	4	0	2	0	0	0	0	0	0	0	4	1	1	0	0	0	1	0	1	1	0	4	2	2	0	0	4	2	0	0	0	0	1	2	2	1	1	0	0	0	0	0	0	2	2	1	1	0	2	2	0	1	0	0	5	0	2	2	4	2	0	1	11	0	0	0	0	1	2	2	3	0	2	2	0	2	0	3	10	0	0	2	3	0	6	1	1	0	0	2	0	3	0	0	7	3	1	0	3	0	0	0	0	1	1	3	0	8	1	0	1	0	1	0	0	1	1	0	6	1	0	0	2	2	0	1	2	0	0	0	0	0	7	2	1	2	0	1	0	2	0	0	1	1	10	2	0	1	0	1	0	1	0	6	5	7	1	4	0	1	0	2	0	0	0	0	3	1	0	1	0	0	2	3	0	2	4	6	1	2	0	0	0	0	0	0	5	1	1	0	4	0	0	0	1	1	0	0	1	1	3	0	0	1	2	1	2	3	0	1	2	0	4	0	1	0	0	1	1	4	2	0	0	3	1	3	1	0	0	3	0	2	0	1	0	0	0	0	0	0	9	0	1	0	1	2	1	0	3	4	5	1	1	3	2	0	0	1	1	2	1
ATAG	1	6	0	5	2	0	0	1	8	4	15	31	0	4	0	2	0	0	0	9	1	1	2	2	7	3	13	1	2	0	4	20	1	5	0	2	6	5	4	4	1	6	0	4	8	3	2	2	11	8	3	6	7	9	2	0	0	4	6	0	6	0	5	0	0	0	4	0	0	6	3	1	0	1	0	12	3	0	1	1	3	0	4	3	0	0	3	0	9	10	0	0	2	3	1	1	0	2	0	2	0	4	1	0	0	12	0	3	8	1	4	1	6	1	1	6	0	1	0	1	2	1	7	0	5	6	0	3	0	3	0	4	5	15	3	0	8	0	1	7	0	6	0	0	0	1	3	2	4	8	0	0	5	0	4	0	0	2	0	3	10	8	2	0	0	2	5	0	3	1	3	1	3	4	7	0	1	1	0	0	7	3	0	10	2	0	1	5	2	0	0	1	0	13	1	2	1	16	3	1	1	6	0	2	0	0	3	3	2	10	0	1	0	4	3	7	12	23	2	0	7	8	2	4	0	1	4	1	2	0	2	0	0	12	8	0	0	5	0	1	0	0	1	9	2	0	14	2	4	9	6	2	1	0	0	2	1	21	0	2	0	9	2	0	2	6	1	0	4	0	5	9	6	0	0	1	0	1	2	1	3	2	0	18	1	0	1	2	1	1	5	0	19	13	10	3	10	1	1	0	4	0	1	0	0	3	7	0	3	1	1	2	3	6	2	10	2	1	3	1	0	2	3	0	1	7	2	7	2	6	2	0	0	7	1	2	0	8	3	4	0	1	0	1	4	1	6	3	0	5	1	9	1	0	0	4	1	1	14	6	0	1	5	1	2	6	2	1	18	1	0	0	4	8	0	6	1	1	1	13	1	3	0	3	4	0	0	11	4	2	3	0	12	6	2	2	2	0	0	4
ATAT	1	0	0	2	2	0	0	0	2	3	4	4	0	3	1	0	1	0	0	3	1	0	0	0	1	1	7	1	1	0	2	6	2	2	3	1	0	1	0	0	0	1	0	2	2	0	0	0	4	3	1	2	4	3	0	1	2	1	4	0	1	0	3	0	0	0	4	0	0	2	0	0	0	0	0	4	2	4	1	0	1	0	2	2	0	0	0	1	2	2	0	0	0	1	1	1	1	2	0	2	0	0	0	0	1	2	0	1	4	3	1	0	2	1	0	3	0	1	0	0	0	1	4	0	2	3	1	1	0	0	0	1	4	2	5	0	3	0	0	0	1	0	0	0	0	0	2	0	1	1	3	0	2	0	0	0	0	1	1	0	3	2	0	1	0	2	3	0	0	0	0	1	0	3	3	0	1	0	0	0	3	0	2	6	1	0	0	0	1	0	0	1	0	3	0	1	4	7	2	0	1	0	0	1	0	1	3	5	2	1	0	3	0	2	2	4	2	1	0	2	2	4	1	4	0	1	0	1	4	0	0	0	0	0	1	0	0	0	0	0	0	0	3	0	2	0	2	0	1	3	3	1	0	0	2	0	0	15	1	1	0	4	1	0	0	0	0	0	2	1	1	1	3	0	0	0	2	1	1	0	1	2	2	7	2	0	0	2	2	0	2	0	3	2	5	1	0	0	1	0	0	0	0	0	0	4	1	0	2	0	0	1	1	2	0	2	0	0	3	0	0	2	0	0	1	9	0	3	0	2	0	1	0	3	0	3	0	4	1	5	1	0	1	0	0	0	2	0	1	1	0	3	1	0	0	2	0	3	2	2	2	0	3	1	2	2	0	0	4	2	0	0	0	4	0	2	0	0	2	4	0	4	0	1	1	0	0	2	0	1	1	0	4	0	1	2	2	0	0	2
ATCA	0	12	0	8	6	1	0	0	4	6	11	4	0	2	0	0	0	0	0	8	1	0	1	0	4	2	10	0	0	0	1	18	3	5	1	3	6	1	1	1	1	4	0	2	7	1	3	2	10	5	2	4	1	7	0	1	0	2	6	0	3	0	3	0	0	0	4	0	1	2	0	1	0	2	0	9	1	2	3	0	1	0	0	3	0	0	0	1	5	4	0	1	1	0	1	0	1	2	0	2	0	5	0	0	0	4	0	3	10	1	4	0	4	0	2	2	0	2	0	2	2	3	5	0	2	1	0	2	0	4	0	4	1	4	4	0	5	2	1	2	1	6	0	0	1	0	2	0	0	5	1	3	1	0	2	0	2	4	3	1	9	7	3	0	0	4	2	0	0	0	3	1	1	0	7	5	0	0	1	0	4	1	1	10	2	0	0	6	1	1	0	0	0	5	1	2	4	8	2	0	3	4	0	0	0	0	1	3	4	0	1	1	0	2	5	7	4	14	0	0	9	8	2	10	0	4	0	0	4	4	3	3	0	6	7	1	0	2	0	0	1	0	3	5	1	0	10	2	2	4	4	1	0	0	3	0	0	18	2	1	0	8	1	0	1	5	0	2	7	1	4	7	7	0	0	0	0	4	1	1	2	1	0	7	1	0	0	0	1	1	1	0	13	8	6	1	0	3	0	0	3	0	1	0	0	9	6	0	2	0	0	4	6	6	2	8	6	1	9	1	0	0	4	0	2	5	0	3	0	6	0	2	0	5	0	1	0	6	0	6	0	1	1	2	1	2	7	0	0	2	0	2	1	3	0	0	1	5	12	6	2	0	0	1	5	6	1	1	5	1	4	0	1	5	0	6	0	0	1	12	2	1	0	1	5	0	0	11	3	4	1	0	2	0	1	0	0	2	0	2
ATCC	2	8	0	6	6	4	2	0	7	4	16	23	0	4	3	2	2	0	0	6	2	3	3	1	5	1	9	0	0	1	4	22	2	4	2	3	14	2	2	4	3	3	0	8	7	1	4	1	13	4	1	8	5	11	0	0	2	5	2	0	6	2	3	0	1	1	2	0	1	8	5	0	0	0	2	17	3	8	2	2	5	1	0	0	4	0	0	0	6	2	0	0	0	0	1	3	0	4	1	1	1	4	2	1	0	14	0	3	13	3	4	4	10	4	0	4	0	0	0	2	4	2	5	0	4	4	0	0	1	5	1	9	2	14	3	2	9	0	1	4	1	7	2	0	0	0	4	0	0	3	2	4	2	0	8	0	3	2	5	4	18	13	5	3	0	2	7	0	0	0	4	1	7	1	11	4	4	4	0	0	8	3	2	15	1	0	0	5	1	1	1	1	0	5	2	4	2	11	1	0	3	9	0	3	1	1	5	5	6	4	0	2	1	12	9	6	12	20	2	0	6	9	5	16	2	1	3	2	3	1	3	0	0	9	8	1	0	4	1	0	0	0	3	7	1	0	20	2	1	9	4	2	2	0	1	3	0	26	2	0	0	11	0	0	4	8	0	1	6	1	10	7	11	2	2	0	1	2	2	1	5	1	0	8	4	1	0	0	5	0	2	0	12	13	11	3	9	1	0	0	3	0	0	0	0	4	3	0	4	0	0	4	3	6	3	9	6	1	5	0	0	8	7	0	5	6	5	1	1	16	1	4	2	5	0	2	0	5	1	4	6	0	3	2	6	2	12	0	2	1	1	6	0	1	0	4	3	3	14	7	5	0	1	2	6	7	1	0	5	1	2	0	4	9	0	8	0	0	0	17	2	2	0	0	6	0	0	13	4	1	3	0	14	12	2	0	1	1	0	4
ATCG	1	28	0	17	14	5	0	5	15	29	53	80	2	23	5	2	1	1	0	21	3	3	3	0	17	5	52	0	12	0	12	40	7	25	3	6	22	10	6	8	5	11	0	2	32	1	6	4	40	21	0	20	12	30	0	5	0	14	20	0	18	2	20	1	0	0	6	2	2	7	7	2	0	4	1	19	18	12	2	4	15	0	8	6	4	0	0	0	23	14	0	0	6	2	2	0	2	2	0	8	0	11	1	0	1	36	1	8	44	6	9	3	30	11	3	15	2	1	1	1	8	16	14	0	4	10	0	7	0	16	0	16	15	24	11	4	18	6	3	9	1	15	2	1	0	2	4	0	13	10	6	6	10	0	7	1	5	1	4	6	56	18	18	3	0	6	9	0	0	3	9	6	18	7	20	5	13	8	1	1	13	5	6	37	9	1	1	14	9	1	0	1	2	28	1	14	9	47	5	0	4	13	0	6	1	0	1	11	16	10	1	1	4	13	20	24	29	46	3	1	19	39	5	14	6	5	6	2	9	3	6	3	0	28	16	1	0	9	0	0	6	0	13	13	6	0	52	19	6	24	18	0	4	0	9	4	1	93	3	10	1	13	0	1	6	14	0	4	11	0	13	25	20	0	7	0	6	8	6	3	9	8	3	40	2	1	2	0	7	6	10	0	43	47	47	3	18	4	2	0	8	1	2	0	0	18	18	3	5	0	0	15	10	12	4	21	32	8	16	1	0	12	6	0	6	13	7	9	1	10	3	8	11	12	1	7	1	15	1	27	11	4	4	11	17	9	28	2	0	2	0	16	4	5	0	20	2	7	64	9	2	0	5	3	12	16	4	0	17	5	7	0	11	28	0	2	1	2	2	42	2	14	0	6	23	0	0	22	14	10	7	4	27	22	5	0	2	1	0	7
ATCT	0	0	2	8	8	2	0	2	7	4	18	14	1	6	2	0	1	1	0	7	2	1	2	0	4	1	10	0	5	0	3	22	6	5	2	1	4	4	0	2	3	5	0	2	18	0	3	2	11	5	1	4	2	7	0	3	0	4	8	0	7	0	4	2	0	0	0	1	1	6	0	1	0	0	0	6	6	6	0	3	5	2	7	0	6	0	1	0	5	4	0	2	2	1	3	2	0	2	1	2	0	1	1	2	0	8	0	3	11	1	8	3	2	1	0	3	0	0	0	1	6	4	4	2	4	3	1	6	0	5	0	7	5	15	3	0	10	2	2	3	2	3	0	0	0	1	3	0	2	1	6	2	6	0	1	0	0	0	2	2	12	5	0	0	0	2	2	0	0	0	2	0	4	1	7	3	3	4	1	0	8	0	1	9	3	0	0	3	6	0	0	0	1	9	0	8	2	13	4	0	1	9	0	0	1	1	1	7	7	7	1	2	3	4	4	8	9	18	2	1	7	10	3	4	2	1	2	2	3	1	3	0	0	11	2	1	0	4	2	1	2	0	4	5	2	0	10	1	3	10	5	2	2	0	2	2	0	18	2	0	0	12	1	0	1	10	0	2	7	0	7	12	8	0	1	0	0	4	3	0	1	2	0	5	0	1	0	2	7	3	0	0	13	13	7	1	8	0	1	0	5	0	0	0	0	5	5	0	2	0	0	4	3	6	3	3	4	0	4	0	0	2	1	0	4	6	0	5	1	4	3	5	3	5	0	1	0	5	0	6	2	0	3	6	2	1	12	0	0	2	1	4	1	1	0	3	0	3	14	9	0	0	4	0	2	4	2	0	6	1	6	0	3	8	0	2	0	0	0	11	0	4	0	2	4	1	0	9	2	6	0	1	5	8	3	0	0	2	0	8
ATGA	2	8	0	4	2	0	0	0	1	5	5	18	2	2	0	2	0	0	0	2	0	0	0	0	1	1	7	1	0	0	1	2	1	1	0	0	2	3	1	1	0	3	0	0	7	0	1	3	3	3	2	2	3	2	0	0	2	1	2	0	5	1	2	0	0	1	0	0	0	4	1	0	0	0	0	6	3	0	1	1	0	1	2	1	4	0	1	1	1	1	0	1	1	0	0	1	1	1	2	2	0	3	0	0	0	4	0	3	8	1	0	0	4	1	1	2	1	0	1	0	0	2	2	0	0	0	0	4	1	3	0	2	0	4	1	6	5	0	0	1	0	2	0	0	0	0	0	0	0	2	2	2	3	0	0	1	1	0	3	2	4	2	4	0	0	0	2	0	0	1	1	2	2	2	6	4	1	0	0	0	3	0	0	4	2	0	0	3	1	0	0	0	0	4	0	2	1	9	1	0	1	1	0	1	0	0	1	0	2	2	0	1	1	2	2	6	3	10	0	0	4	4	1	4	2	2	0	2	1	1	0	0	0	5	3	0	0	2	0	0	0	0	2	1	2	0	2	4	0	3	0	2	0	0	1	0	0	6	3	0	0	5	0	0	1	0	1	1	2	0	2	3	2	0	0	0	0	2	1	0	1	0	0	7	2	0	2	0	0	3	0	0	10	6	5	0	8	2	0	0	1	0	0	0	0	2	2	0	0	0	0	0	1	4	1	3	0	0	7	0	0	2	0	0	1	4	0	0	0	2	0	2	1	0	1	0	1	2	2	2	0	0	2	3	4	0	3	0	1	1	1	0	0	0	0	1	0	1	16	3	1	0	1	0	1	2	0	0	6	4	0	0	1	4	0	2	1	1	1	7	0	3	0	1	1	1	0	1	3	0	2	0	8	10	1	0	1	0	0	1
ATGC	0	0	0	4	12	0	0	1	2	1	9	8	0	2	1	0	2	0	0	2	1	2	3	0	2	3	4	0	2	1	1	8	0	8	1	0	0	4	0	0	1	3	1	4	8	0	0	1	9	0	1	4	0	1	0	0	0	1	0	0	3	1	2	0	0	0	0	0	0	5	2	0	0	0	0	7	0	2	0	1	1	0	3	2	0	0	2	0	1	1	0	0	0	0	1	2	0	1	0	2	1	1	1	0	0	2	0	0	5	0	1	1	3	0	2	2	1	2	0	1	1	4	3	0	2	1	0	1	0	0	1	6	2	4	0	4	2	0	2	2	1	5	0	0	0	0	3	0	1	4	2	4	2	1	0	0	1	1	1	1	13	3	6	1	0	4	1	0	0	0	1	0	5	2	4	2	0	2	0	0	3	0	1	1	2	0	0	5	0	0	0	0	0	0	1	4	3	11	1	1	0	1	0	2	1	0	1	1	2	3	1	0	1	2	0	4	3	9	1	0	8	4	0	0	1	0	2	0	5	1	0	1	0	3	2	1	0	5	2	0	0	0	3	3	5	0	8	2	0	7	3	0	1	0	1	0	0	9	1	2	1	7	1	0	0	1	0	2	4	0	3	5	3	0	0	0	0	1	0	1	2	0	0	6	0	0	1	0	1	1	1	0	8	5	7	0	0	1	0	0	3	0	2	0	0	4	2	0	0	0	0	3	1	2	2	1	6	0	6	1	0	8	2	0	1	7	2	1	0	0	1	1	2	3	0	1	1	2	0	3	1	2	2	1	2	1	6	2	0	0	0	4	2	0	2	0	1	2	12	4	2	1	0	1	0	3	3	0	4	1	2	0	2	3	0	0	0	1	1	9	1	2	0	0	4	1	0	3	0	5	0	0	4	6	0	0	0	0	0	2
ATGG	0	6	0	6	8	1	1	2	5	6	24	14	0	1	0	0	1	0	0	6	4	1	1	0	3	4	8	0	3	0	0	28	3	9	3	2	2	5	2	3	1	1	0	2	8	0	2	1	14	6	1	12	0	7	0	1	0	5	16	1	10	2	6	1	0	1	0	2	1	4	4	1	0	0	1	8	4	8	3	5	3	1	12	6	14	0	1	0	4	5	1	1	0	0	0	1	1	2	0	3	0	3	0	0	0	6	0	3	13	1	3	3	8	3	0	7	0	1	0	1	6	3	6	0	3	2	1	3	0	8	1	6	1	11	4	4	2	1	1	9	1	4	0	1	0	0	3	0	0	4	2	1	5	1	2	0	1	0	2	3	18	12	7	3	0	0	4	0	2	1	2	4	7	1	11	2	0	3	1	1	12	0	0	5	2	0	0	4	3	0	0	0	0	6	1	4	1	16	2	0	1	5	0	1	0	2	2	1	7	8	0	3	1	6	4	14	10	13	2	0	5	2	1	8	1	2	0	0	1	1	2	0	1	8	5	0	0	4	1	0	0	0	10	6	1	0	20	6	5	17	6	2	2	0	5	0	0	26	0	2	0	5	1	0	2	8	0	2	6	0	7	8	7	0	1	0	1	2	2	3	1	2	1	9	1	2	1	1	4	2	1	1	20	22	12	0	10	0	0	0	5	0	0	0	0	5	3	0	4	0	1	4	2	4	4	2	6	1	11	0	4	0	2	0	1	6	2	5	0	4	0	1	3	2	0	1	0	4	0	7	1	1	0	2	2	1	5	0	1	2	0	4	2	4	0	5	1	4	8	9	1	0	3	1	6	4	2	0	10	1	0	0	4	12	1	4	0	0	1	18	0	4	0	2	2	0	0	7	3	1	0	0	7	4	1	0	0	2	0	7
ATGT	2	2	2	2	0	1	2	0	3	3	7	4	0	2	2	0	2	1	0	3	0	0	2	0	0	0	3	0	2	1	0	4	1	3	2	2	10	2	1	1	0	0	0	2	5	1	0	1	4	1	0	0	2	3	1	1	0	0	4	0	6	1	2	0	0	0	0	0	1	2	2	0	0	1	1	2	1	0	1	0	3	0	0	0	2	0	1	0	4	4	1	0	1	1	2	2	0	1	0	2	0	5	0	1	0	4	0	1	5	2	0	1	1	3	0	1	0	0	0	0	2	3	2	0	1	1	1	1	2	4	0	0	1	4	1	2	1	2	2	2	2	3	0	2	0	0	1	0	0	2	2	1	1	0	0	0	1	0	3	1	5	1	2	1	1	2	2	0	1	1	0	0	1	1	2	0	0	1	0	0	4	1	0	3	1	1	1	3	1	1	0	1	1	2	1	1	3	5	2	1	0	3	0	0	0	0	2	0	1	2	0	1	4	2	1	1	3	6	1	1	2	5	0	6	1	1	1	1	2	0	2	0	0	7	2	1	0	6	0	0	1	1	0	3	2	0	8	0	1	5	5	1	1	2	3	1	1	7	3	1	1	11	3	0	1	4	1	0	1	0	3	0	2	0	0	1	0	0	1	1	1	1	0	8	2	0	0	0	4	0	0	0	5	7	8	0	2	2	1	1	2	1	0	0	0	3	3	0	5	1	0	2	6	2	0	0	6	1	0	0	1	4	4	0	0	7	0	5	0	2	1	1	0	2	1	0	0	1	0	6	0	0	1	2	0	1	3	2	0	2	0	4	0	0	0	2	1	2	10	2	1	0	1	0	9	2	1	0	0	1	0	0	1	2	0	0	0	1	0	1	1	4	0	1	0	0	0	3	2	1	2	1	2	2	2	0	0	0	0	3
ATTA	0	6	0	0	2	0	0	1	2	4	7	10	0	1	1	1	0	0	0	3	0	0	0	0	0	1	4	0	0	0	2	8	0	3	2	2	0	2	3	0	0	1	0	0	5	0	0	0	5	1	1	4	3	3	0	0	0	1	2	0	2	0	0	0	0	0	0	0	0	1	3	0	0	0	0	3	2	0	0	2	3	1	2	1	4	0	0	0	3	3	0	0	1	0	0	0	0	1	0	1	0	1	1	1	0	0	0	1	4	1	0	0	3	1	0	3	0	0	0	0	4	1	1	0	0	0	0	1	0	5	0	0	4	2	1	0	2	1	0	2	1	1	0	0	0	2	1	0	1	2	0	1	0	0	0	0	0	2	1	3	8	5	4	0	0	2	7	0	0	0	1	0	4	0	5	1	0	0	0	0	5	1	1	5	3	0	0	1	0	1	0	1	0	3	0	2	1	4	1	0	1	1	0	0	0	1	1	2	1	1	0	0	0	2	0	3	3	10	0	0	5	3	0	0	3	3	1	0	1	0	2	1	0	5	4	0	0	0	0	1	0	0	0	2	1	0	6	3	0	5	0	0	0	0	1	2	0	7	0	0	0	6	1	0	0	3	0	1	1	0	0	0	5	0	0	0	0	1	2	0	1	0	0	10	0	0	0	0	0	0	0	0	3	7	3	1	0	2	1	1	1	0	0	0	0	1	3	0	3	1	1	3	4	6	2	5	4	0	6	0	0	4	1	0	3	3	0	1	0	8	0	2	0	0	0	3	0	2	0	1	1	1	1	1	1	0	2	0	1	2	0	1	1	0	0	1	0	1	4	3	0	0	0	0	2	0	0	1	2	1	0	0	2	6	0	0	0	0	1	3	0	4	0	1	2	0	0	7	1	1	1	2	3	6	1	0	3	1	0	2
ATTC	1	12	0	3	4	1	0	1	4	3	9	6	0	2	0	1	0	0	0	3	2	0	2	1	1	0	11	0	0	0	1	10	0	7	0	1	8	3	1	0	3	3	0	4	5	0	3	1	15	6	0	7	2	4	1	2	0	1	2	0	9	2	1	0	0	0	0	1	3	4	1	0	0	0	0	2	6	0	0	0	5	2	0	1	10	0	1	0	5	4	0	0	2	0	0	0	0	4	1	0	0	2	1	0	1	10	0	1	7	0	4	0	6	2	1	2	0	0	1	2	2	1	2	0	2	0	0	1	0	2	0	3	2	8	3	2	4	0	0	1	1	7	1	0	0	0	0	0	0	3	2	0	0	1	3	0	0	0	1	2	13	9	6	0	0	0	2	0	0	1	2	1	4	0	7	2	1	0	0	0	2	1	0	7	2	0	0	4	1	0	0	0	0	1	0	3	2	11	5	0	3	2	0	2	0	0	1	4	4	1	0	2	0	3	3	9	4	10	0	0	8	3	0	0	0	0	0	0	4	1	0	1	0	10	7	0	0	1	0	1	0	0	2	4	1	0	14	0	2	4	6	2	1	0	1	0	0	19	0	0	0	5	0	0	1	3	1	0	4	0	5	4	5	0	1	0	1	2	3	2	4	1	0	7	1	1	0	0	3	0	2	0	10	10	10	0	12	0	0	1	4	0	1	0	0	2	2	0	2	0	0	4	4	2	1	6	2	0	5	0	0	4	2	0	2	8	2	0	1	6	0	1	1	5	3	2	1	4	0	3	5	0	0	1	4	1	5	0	0	0	0	7	1	0	0	2	0	2	8	3	0	0	0	1	1	4	2	0	7	2	2	0	1	4	0	2	0	0	0	8	1	4	0	4	1	0	0	9	2	1	1	0	1	2	1	0	1	1	2	2
ATTG	1	14	2	5	8	0	0	0	5	5	8	16	0	4	3	1	1	1	0	6	0	0	0	0	4	2	7	0	6	0	2	15	0	3	0	3	8	3	1	4	1	3	0	0	6	0	4	4	3	5	0	8	5	7	2	0	2	4	6	0	8	1	7	1	0	0	0	0	0	6	1	0	0	0	2	4	3	6	1	1	3	1	0	3	0	0	2	0	3	1	0	0	0	1	1	0	0	2	0	1	0	5	0	0	1	4	0	3	10	1	3	0	10	3	0	6	1	1	0	1	0	2	2	0	2	1	0	3	0	3	0	2	1	11	0	4	6	1	3	3	0	1	0	0	0	0	2	0	2	4	0	1	3	0	4	1	1	0	1	1	11	3	5	0	0	2	6	0	0	0	2	0	5	1	4	1	0	3	0	0	4	1	0	10	3	0	0	0	1	0	0	0	0	3	1	2	3	13	3	0	0	6	0	1	0	0	2	3	3	3	1	1	2	3	2	4	8	16	1	0	3	8	3	6	1	3	2	1	2	0	0	2	0	5	13	0	0	3	0	0	1	0	4	3	2	0	10	4	0	8	3	1	0	0	1	0	0	15	2	1	0	3	1	0	2	4	0	0	3	0	1	4	3	0	0	0	0	1	2	2	2	2	1	10	0	1	1	0	5	2	3	0	7	6	10	0	6	1	0	0	4	1	1	0	0	3	2	1	2	0	0	4	5	0	0	10	4	0	4	0	0	4	1	0	5	8	0	3	0	0	0	1	1	3	1	0	0	3	0	4	0	0	1	2	2	1	7	0	1	1	0	3	2	3	0	5	0	2	10	3	1	0	2	0	3	3	1	0	2	0	2	0	2	6	0	2	1	0	1	5	0	8	0	2	4	0	0	6	3	1	1	0	4	2	0	0	1	0	0	3
ATTT	0	4	0	1	2	1	0	2	2	3	10	6	0	2	4	0	2	0	0	0	1	1	0	1	2	0	6	0	2	0	1	6	0	4	0	3	4	1	2	2	0	1	1	0	7	1	1	2	9	5	2	0	0	8	0	0	0	3	4	1	4	1	2	0	0	0	0	0	0	2	1	0	1	0	0	4	2	2	0	2	1	0	2	3	0	1	1	0	2	3	1	0	0	0	0	0	1	0	0	2	1	3	0	0	0	2	0	1	5	0	3	1	3	0	0	1	0	1	0	2	0	1	2	0	3	2	0	2	1	2	0	3	2	5	0	0	4	0	0	3	1	2	0	0	0	0	0	0	2	4	2	1	3	0	0	1	0	0	1	1	9	5	7	0	0	0	1	0	0	0	2	1	4	1	4	2	1	0	1	0	5	2	1	2	2	0	0	2	1	1	0	0	0	4	0	2	2	7	1	1	2	3	1	1	0	0	1	0	4	2	0	1	2	1	2	1	9	8	0	0	2	7	2	4	1	2	1	1	0	0	0	0	0	5	5	1	0	1	0	1	1	0	1	4	3	0	10	0	1	5	2	2	0	0	1	1	0	16	0	0	0	10	1	0	1	4	1	1	3	1	1	1	2	2	0	0	0	0	1	0	2	0	0	4	2	0	0	0	4	0	3	1	7	7	6	0	2	0	0	0	3	0	0	0	0	2	2	0	1	0	1	0	5	2	1	1	2	0	6	0	0	2	1	0	0	9	1	0	0	4	1	1	2	2	0	1	0	4	0	5	1	1	0	2	0	0	3	0	1	0	0	7	3	1	0	3	0	1	8	6	0	0	1	0	2	3	0	0	6	2	0	0	1	4	0	0	0	0	1	5	0	3	0	0	3	0	0	3	0	2	2	1	5	0	2	0	1	0	0	2
CAAA	3	24	2	16	23	0	2	3	14	17	62	68	0	17	4	1	2	1	1	16	5	2	4	0	11	11	37	1	4	1	7	74	7	21	4	8	23	12	3	9	7	13	0	18	30	2	12	3	34	33	4	20	21	27	2	2	2	21	14	0	22	4	13	1	0	1	6	4	4	21	8	2	0	0	1	21	20	10	4	10	12	0	19	10	4	0	1	1	11	15	1	0	5	4	2	0	1	6	2	15	0	13	1	1	2	12	0	15	39	3	13	2	21	7	1	13	2	3	1	2	10	12	8	2	5	4	0	16	0	20	0	21	10	32	6	10	22	0	5	15	1	18	2	0	0	0	14	0	5	23	8	14	12	0	17	0	4	1	6	10	55	29	19	3	2	0	10	0	1	1	4	2	9	9	23	11	7	5	2	0	17	2	2	38	4	0	1	14	8	0	0	2	1	22	1	18	4	44	7	0	5	13	0	2	2	3	9	9	20	19	1	5	3	10	16	20	40	56	1	0	15	29	6	22	7	3	3	1	8	4	4	5	0	22	18	1	1	14	2	2	2	0	14	17	5	0	40	11	5	28	21	10	4	0	9	1	1	68	7	2	0	9	3	0	2	20	5	1	11	1	16	29	15	2	5	0	9	5	13	9	9	3	0	46	1	2	0	0	17	1	16	0	30	45	48	5	23	5	2	1	6	0	2	0	0	19	27	1	3	1	1	6	17	14	6	23	20	8	17	1	1	16	2	1	10	11	7	4	0	10	0	7	2	12	1	10	0	21	0	18	9	0	6	7	19	3	46	1	0	5	1	25	1	4	1	17	1	10	41	22	5	0	5	6	21	18	6	0	13	4	2	0	12	18	0	8	1	0	0	38	1	24	0	4	9	0	0	37	8	10	2	1	17	32	6	2	4	3	0	12
CAAC	3	33	0	11	18	2	0	2	14	15	73	68	5	31	8	9	2	0	1	21	4	1	4	0	22	8	34	0	5	2	7	58	7	20	5	6	31	8	3	4	8	8	0	14	37	2	13	1	37	18	8	38	18	30	1	0	2	16	28	2	10	6	25	0	2	0	4	3	1	16	13	1	0	5	2	13	9	14	7	4	7	1	17	11	8	0	3	0	15	15	1	0	5	7	0	0	2	10	2	14	0	9	3	1	2	14	2	8	38	8	13	2	24	8	2	5	1	5	1	4	18	6	16	2	13	7	2	12	1	18	0	24	17	37	5	16	15	2	6	19	2	19	0	0	0	1	6	0	6	19	4	11	17	1	7	1	3	1	7	6	68	30	14	3	0	6	14	0	2	0	8	2	14	8	21	6	5	6	2	2	19	3	7	29	10	0	2	16	1	3	0	2	3	21	2	15	10	38	5	1	5	8	3	4	1	3	9	12	21	18	0	10	5	12	9	19	37	47	3	2	22	20	5	33	6	6	3	5	8	4	12	2	0	28	28	0	0	14	0	2	3	0	16	20	13	0	64	12	6	33	26	7	2	0	9	1	1	75	4	3	0	18	4	0	5	14	0	1	8	0	13	34	25	0	2	1	6	10	10	4	7	5	0	36	3	2	4	1	16	4	18	1	47	39	62	2	24	6	2	1	13	1	4	1	2	23	16	2	11	1	0	12	12	12	5	25	26	7	27	0	0	19	10	0	6	15	9	11	2	8	2	4	3	9	1	6	1	22	1	17	5	2	4	6	19	5	37	4	4	4	1	21	1	10	1	19	2	21	76	20	0	2	8	5	17	15	0	2	19	6	6	0	12	20	0	8	0	0	3	45	1	15	0	7	14	0	0	25	12	7	7	4	24	38	6	2	3	1	4	15
CAAG	1	22	0	14	20	2	1	2	11	9	31	28	0	16	3	5	1	0	0	10	3	3	3	0	13	1	30	0	5	0	8	45	6	22	2	2	14	10	2	9	5	8	0	6	24	1	8	4	32	14	3	14	10	21	0	1	0	12	14	1	5	4	14	0	1	0	2	1	2	20	6	1	1	2	1	10	6	7	3	8	6	1	16	8	2	0	1	1	16	18	0	1	5	2	3	4	2	9	0	9	0	8	1	0	1	14	0	4	28	6	8	5	15	7	2	7	2	1	0	1	16	6	13	0	8	4	0	4	0	3	0	10	7	31	3	0	23	0	3	6	1	11	2	0	1	0	8	2	1	12	3	1	5	2	11	0	0	0	5	4	43	16	18	3	0	10	12	0	1	0	3	0	9	6	13	4	8	5	0	0	9	1	1	34	7	1	1	14	10	0	0	1	0	13	3	5	6	30	3	0	5	6	0	3	1	4	8	7	12	14	1	8	3	9	15	17	25	42	1	0	12	17	1	30	5	6	0	2	9	6	5	2	0	14	16	1	0	11	3	1	2	0	14	10	0	0	44	5	4	24	13	5	3	1	4	1	0	56	3	4	0	7	8	0	4	12	1	1	7	0	1	20	11	0	5	0	3	8	4	0	9	5	0	29	0	1	0	1	12	1	6	0	36	40	35	1	24	3	2	0	3	2	3	0	0	10	13	0	6	1	0	4	7	8	1	15	20	5	12	0	0	6	4	0	4	5	8	4	0	4	1	2	6	6	4	3	0	21	0	9	11	1	3	11	18	4	26	1	1	4	0	19	2	5	1	14	1	9	34	12	2	0	5	1	5	10	2	0	6	1	8	0	12	14	0	2	0	1	1	38	2	9	0	3	7	0	0	16	12	7	9	0	14	24	1	0	1	0	0	13
CAAT	1	18	0	12	16	0	1	2	4	16	48	34	4	10	4	1	3	0	0	12	2	1	3	2	4	6	27	1	8	1	4	50	3	15	1	4	22	14	0	7	5	10	0	0	29	2	13	1	24	14	5	20	14	11	0	1	2	10	6	0	7	4	13	0	0	0	4	3	1	5	8	2	0	4	0	11	10	6	4	2	5	1	6	5	6	0	0	0	5	22	0	0	2	3	1	1	0	4	0	8	0	7	3	0	0	14	0	8	24	0	10	4	12	2	0	5	2	3	0	0	6	3	4	0	4	10	1	8	0	9	1	12	10	26	12	6	20	1	2	6	1	8	2	0	1	0	4	0	2	16	11	4	7	0	11	0	1	1	2	3	34	15	12	1	1	5	11	0	0	2	6	1	3	5	15	12	2	3	2	0	14	2	2	27	1	1	1	6	9	0	0	3	0	7	2	11	7	27	3	0	5	13	0	2	0	1	3	8	3	7	1	2	5	4	13	23	17	36	0	0	12	17	2	16	4	4	7	1	5	1	3	2	0	14	14	2	0	6	0	0	4	0	6	9	5	0	38	6	7	24	10	3	2	0	3	1	1	47	0	1	0	11	2	1	5	14	1	0	10	0	4	26	18	0	4	0	7	4	4	4	3	2	0	35	2	2	1	2	9	5	11	0	23	28	22	3	28	3	0	0	5	0	1	1	0	8	11	0	1	0	0	5	7	6	1	16	16	4	16	0	1	8	5	0	7	11	6	5	1	2	0	3	0	8	3	3	2	18	0	13	2	1	2	7	8	0	27	2	1	0	0	16	4	2	0	11	2	6	42	10	0	0	8	3	13	9	0	0	8	1	2	0	9	16	0	0	0	0	2	39	0	10	0	6	11	1	0	20	4	2	7	0	15	22	2	0	3	0	0	7
CACA	9	50	0	25	47	2	1	5	21	29	133	137	7	49	7	8	12	2	0	41	14	5	6	0	24	13	64	11	15	1	11	165	10	38	3	15	76	28	9	25	9	20	0	12	66	3	19	3	84	45	7	39	32	57	0	5	6	38	58	0	47	8	51	1	0	0	6	2	34	37	32	1	0	6	1	44	19	18	5	11	21	2	24	19	22	1	4	0	36	30	12	0	12	12	6	10	21	13	1	16	1	29	4	2	2	30	76	23	88	6	32	3	59	17	5	17	2	9	1	6	26	18	18	1	15	12	2	27	0	36	0	46	23	61	26	28	58	12	16	13	2	34	3	0	0	0	11	0	8	46	16	23	21	3	23	1	11	3	17	18	152	48	44	11	1	24	26	0	2	1	16	3	34	14	53	595	15	10	2	1	27	7	5	76	11	1	2	37	16	0	4	4	2	35	3	288	20	65	12	0	13	27	1	6	1	2	12	15	24	20	3	23	9	25	40	51	85	96	5	0	47	55	4	56	17	13	14	5	16	15	16	7	0	38	49	2	0	20	1	3	5	0	26	36	21	0	156	20	13	68	36	7	6	0	22	2	0	143	9	7	0	43	5	1	15	44	1	7	19	0	37	63	39	2	5	1	14	11	14	7	23	8	1	74	8	4	0	4	23	32	16	0	96	91	115	6	68	14	3	0	23	3	2	3	5	42	41	2	15	1	0	23	29	12	6	58	32	10	32	3	1	31	12	0	29	25	12	19	2	22	5	13	7	22	5	13	2	31	3	29	12	4	19	26	33	8	83	4	2	8	1	54	5	7	1	29	3	30	103	67	2	0	23	5	37	44	5	0	22	9	8	1	32	33	0	15	1	1	3	118	3	30	0	14	35	6	0	49	24	24	12	2	48	36	11	3	12	6	2	40
CACC	11	51	0	29	60	2	0	3	24	34	147	129	1	50	7	9	5	3	0	37	9	5	7	1	33	9	71	6	12	1	14	173	7	42	4	18	47	29	7	18	16	33	1	9	71	1	23	7	81	48	7	46	35	49	0	6	2	36	45	3	31	4	27	0	0	0	10	3	34	38	19	2	1	2	2	54	31	16	7	11	17	3	28	25	22	0	5	2	50	35	7	1	10	5	3	6	16	13	1	16	0	31	5	0	4	28	47	16	104	6	21	8	43	18	5	24	6	6	0	7	33	10	19	0	12	16	0	22	0	36	0	42	34	65	19	14	51	8	7	16	1	32	0	0	0	0	15	0	6	29	12	14	22	1	18	1	4	5	9	17	153	47	52	7	0	14	37	0	2	0	7	6	42	13	62	112	22	6	0	0	39	7	9	75	12	0	1	29	24	1	3	5	2	43	3	174	16	75	2	0	14	20	0	3	1	7	13	21	32	27	4	18	10	26	26	40	74	109	4	0	45	44	6	55	9	8	20	3	22	18	13	8	1	55	38	5	0	26	3	2	3	0	33	33	8	0	162	25	18	54	41	8	4	0	20	3	0	171	8	12	0	37	6	0	16	49	2	4	18	0	35	90	39	0	8	1	11	7	15	4	26	9	0	70	9	6	0	3	23	45	15	1	95	98	96	4	62	7	2	1	15	0	3	0	9	48	37	1	8	0	0	18	19	29	6	60	45	12	34	0	0	36	16	0	24	42	10	23	1	18	3	9	13	23	7	14	0	32	3	35	10	4	18	34	28	8	92	5	3	7	0	57	6	5	4	29	2	25	145	69	5	0	17	4	43	42	3	0	29	5	8	0	25	40	0	16	0	2	2	109	3	32	0	20	32	3	0	51	34	24	21	2	29	54	6	0	9	5	0	31
CACG	3	38	0	22	32	4	2	7	8	19	70	95	1	25	6	9	11	5	0	32	12	3	3	1	29	9	46	13	4	0	5	71	14	41	4	11	24	25	8	15	9	18	0	17	45	1	9	2	64	25	7	29	19	36	0	8	5	21	37	1	23	4	13	0	0	0	6	2	63	31	17	0	0	7	2	35	17	14	5	5	12	2	20	10	6	1	5	2	14	21	9	0	8	4	2	6	19	9	0	19	0	11	3	2	4	20	60	13	78	6	19	4	35	9	0	11	4	3	0	5	19	9	12	2	16	6	1	14	1	27	0	29	17	61	12	17	31	7	9	10	3	18	1	0	0	0	12	0	8	25	8	5	14	2	12	1	7	2	4	15	86	34	18	5	0	8	13	0	1	1	2	9	23	9	30	426	16	3	0	0	20	4	4	53	3	0	1	24	18	2	4	2	3	31	2	176	14	45	9	0	10	14	1	4	0	2	6	18	22	10	8	22	9	15	18	29	40	70	0	0	28	23	6	37	11	12	8	4	8	5	17	4	0	23	20	8	0	14	2	0	3	0	12	11	5	0	70	18	8	35	27	4	1	0	12	1	0	119	4	5	0	17	5	0	6	41	0	2	14	0	17	35	25	2	4	0	7	7	3	2	13	8	1	45	4	2	0	1	26	58	10	1	62	66	63	3	48	2	2	0	12	1	2	0	6	27	19	0	5	0	0	15	16	24	6	40	14	15	12	0	0	30	7	0	8	25	9	20	0	14	1	3	4	12	7	7	0	17	1	19	5	2	12	13	19	4	62	4	6	6	0	28	7	7	0	10	1	19	78	40	6	1	7	3	21	13	4	0	20	3	3	0	25	32	0	16	0	0	2	78	3	20	0	13	24	9	0	28	14	13	9	6	25	26	2	0	3	4	0	21
CACT	1	36	0	26	30	1	0	4	15	24	108	111	2	30	12	11	6	2	0	39	8	1	4	0	30	5	60	13	10	0	9	130	19	32	4	8	60	18	9	12	11	16	0	12	51	2	28	9	59	50	8	47	20	39	0	8	2	38	28	2	27	7	35	0	0	1	4	3	48	34	29	0	0	6	4	40	23	18	8	10	14	0	19	20	22	0	2	0	28	28	9	1	11	6	6	8	15	4	0	24	1	26	7	3	1	26	44	19	91	15	26	5	39	20	1	20	1	5	0	6	22	17	17	2	12	19	0	17	0	28	1	29	27	52	13	18	31	5	3	14	1	25	1	0	1	0	12	4	9	18	9	12	16	0	20	1	4	2	11	13	102	39	37	4	1	8	30	1	3	0	15	8	25	10	44	269	14	10	2	0	37	4	9	62	7	0	0	38	17	3	8	4	1	25	0	271	19	60	6	1	6	18	1	2	2	5	13	12	23	34	5	14	7	21	24	35	53	79	1	1	41	60	3	26	14	9	8	5	7	8	8	5	0	34	30	2	0	25	4	2	6	0	17	28	9	0	122	25	11	50	29	6	4	0	13	2	0	131	4	3	1	31	3	2	6	35	1	7	13	0	21	72	30	0	7	1	7	12	12	5	19	8	0	59	7	5	1	2	31	42	14	0	91	81	74	8	51	2	2	0	10	2	3	0	5	40	26	2	9	0	0	14	19	20	5	46	60	12	35	0	1	31	11	1	14	39	13	22	0	22	2	5	8	21	4	6	2	35	5	23	10	3	16	16	24	7	58	4	4	8	0	46	3	8	2	40	1	22	118	41	1	0	8	4	33	28	5	0	18	2	8	0	39	38	0	12	0	1	1	85	2	23	0	8	39	1	0	27	15	14	13	3	32	43	8	0	8	2	0	24
CAGA	6	32	0	22	30	1	0	2	13	20	68	89	3	25	5	4	3	1	0	18	6	4	7	2	13	3	41	0	6	2	6	52	4	26	4	5	32	13	5	16	7	10	0	12	36	1	6	3	38	27	2	25	25	28	1	3	4	18	13	2	21	4	16	1	2	0	2	0	3	13	10	1	0	3	0	19	10	6	6	3	7	0	18	9	8	1	2	1	14	12	1	0	1	7	2	3	1	5	0	9	1	20	3	0	0	20	1	10	42	3	8	1	25	5	2	13	2	3	2	5	6	5	6	1	2	14	3	7	0	14	1	14	21	38	8	6	20	0	3	5	3	11	1	2	1	0	10	2	3	20	5	10	11	4	11	0	1	5	5	4	54	19	19	4	0	6	17	0	1	1	5	3	16	6	20	10	12	6	0	0	14	5	4	44	6	1	1	15	14	2	1	1	3	13	2	24	11	30	8	1	5	15	1	3	4	1	6	6	14	11	2	14	5	10	12	16	38	44	4	1	21	22	4	24	2	5	1	3	14	7	8	6	0	26	23	1	0	9	2	5	3	0	9	22	11	0	96	16	9	30	21	6	5	1	14	5	5	69	5	7	0	12	1	3	9	18	0	4	12	0	18	19	15	2	5	1	3	13	5	6	11	2	0	40	5	0	0	2	18	0	3	0	39	47	42	4	29	0	2	2	15	0	1	1	0	24	19	1	5	0	0	7	8	12	2	23	28	7	14	2	2	18	2	1	11	11	6	18	0	30	3	11	11	11	2	1	0	16	2	18	9	1	8	5	8	1	45	3	5	4	0	11	9	10	0	16	1	17	58	20	2	0	5	2	14	19	7	0	14	5	6	0	24	16	0	6	1	1	0	54	2	13	1	11	17	2	0	33	9	9	12	1	16	30	4	2	3	3	0	16
CAGC	6	41	2	21	52	5	1	3	15	18	76	78	2	13	11	4	2	1	1	22	4	1	5	0	17	10	38	1	6	1	10	114	11	26	2	9	25	19	2	7	8	7	0	12	39	1	14	5	43	26	7	34	27	26	0	3	0	28	35	0	27	7	30	0	1	1	8	0	6	19	14	1	0	4	2	25	14	10	10	2	13	0	21	14	6	0	2	1	25	28	0	2	4	6	4	3	4	8	1	15	1	24	6	0	1	12	2	15	50	8	15	5	28	5	2	14	2	3	2	7	30	5	15	2	9	7	3	11	0	25	0	37	13	36	9	2	32	4	7	16	4	14	0	0	0	1	6	2	3	16	10	11	9	2	8	1	1	0	6	8	63	35	22	7	0	10	26	0	1	2	7	8	22	11	29	13	11	8	3	0	25	3	5	40	8	0	0	22	10	0	0	2	6	23	1	10	11	37	3	0	7	15	0	2	0	3	9	11	15	17	0	7	12	13	17	30	33	55	2	2	16	32	7	45	10	7	7	5	7	11	7	5	0	33	21	0	0	15	1	4	1	0	18	21	5	0	73	8	14	41	20	12	5	0	10	4	0	90	5	8	0	25	8	1	7	27	0	3	6	0	11	40	24	3	3	0	8	8	6	5	14	4	1	52	3	5	0	4	18	3	16	1	41	51	52	7	30	5	1	2	11	1	6	0	1	28	16	2	4	0	2	12	14	14	5	27	17	10	16	1	1	16	5	0	13	18	9	10	0	16	5	10	9	11	3	6	0	20	2	15	9	3	8	12	23	8	45	3	3	5	1	28	5	7	0	24	4	16	70	26	4	0	11	1	20	20	3	0	21	7	4	0	17	18	0	8	1	1	2	64	2	12	0	8	18	0	1	28	10	25	13	4	17	18	5	2	8	0	0	22
CAGG	1	24	0	16	19	2	1	2	6	17	44	65	3	12	6	6	2	1	0	19	6	2	3	1	9	11	33	0	6	2	10	44	5	18	1	11	15	17	6	1	7	8	0	10	21	0	10	5	43	19	2	36	19	27	0	1	2	14	32	1	17	3	17	0	0	0	6	0	1	15	12	1	0	1	1	22	5	8	5	5	7	3	11	7	12	0	3	1	10	23	0	0	4	3	2	2	9	4	0	8	0	12	1	2	2	22	1	6	37	5	8	5	22	7	1	13	1	9	0	5	7	5	9	0	8	4	0	12	0	20	0	18	10	29	9	16	24	1	4	8	2	11	1	0	0	0	5	2	0	10	3	5	13	0	5	0	2	3	4	7	54	33	19	4	0	16	13	0	2	0	4	2	13	5	30	10	8	6	3	0	13	5	6	29	6	0	1	9	7	0	0	3	1	11	2	11	6	25	5	0	11	16	0	4	1	3	5	6	16	8	0	6	1	8	10	13	24	34	1	1	18	19	9	34	5	12	8	5	8	3	5	4	0	20	19	0	0	6	2	0	2	0	7	12	7	0	63	17	5	25	16	4	5	2	14	4	0	53	2	4	0	16	6	0	2	16	1	4	5	0	10	24	11	0	6	0	5	3	5	5	11	7	0	23	2	2	0	1	10	4	10	0	38	32	44	1	27	2	0	0	9	0	1	1	0	16	7	1	4	0	0	7	14	14	4	19	8	2	14	0	0	12	7	0	9	9	6	12	0	12	1	4	1	15	2	6	1	10	1	10	6	2	8	13	13	4	35	4	1	5	1	21	4	7	0	15	2	5	48	13	2	0	4	1	10	12	6	0	12	2	4	0	19	6	0	10	0	0	3	45	5	4	0	8	12	0	0	11	12	10	10	2	9	18	4	1	5	5	4	11
CAGT	2	18	0	13	20	2	1	3	5	15	33	57	1	12	5	5	3	0	0	16	2	0	5	0	9	7	32	0	4	0	4	38	8	16	5	4	24	10	7	8	6	7	0	8	23	1	8	1	24	15	3	22	22	12	1	4	2	18	24	0	9	4	16	0	0	0	6	0	0	11	7	0	2	5	3	13	9	4	5	3	10	1	2	5	4	0	1	0	12	14	0	0	2	1	1	1	4	6	0	11	0	9	0	0	1	14	3	3	40	6	7	2	19	3	2	8	5	3	0	3	12	7	10	0	8	7	3	7	0	11	1	12	11	23	10	4	12	2	1	5	0	14	1	0	0	0	5	0	2	15	5	7	5	0	3	0	1	3	6	4	51	19	26	1	0	12	16	0	0	1	1	3	19	8	13	10	6	3	0	0	21	3	3	31	10	0	0	12	10	0	0	1	0	10	1	21	9	26	8	0	5	11	0	1	1	0	4	12	14	12	2	3	3	8	11	12	16	40	2	0	12	18	0	40	6	3	2	3	8	5	3	1	1	15	15	0	1	9	0	2	1	1	7	12	3	0	40	12	7	23	9	1	2	0	3	3	0	43	5	2	0	15	7	1	2	16	2	2	10	0	15	32	13	0	4	1	3	5	5	6	3	2	1	32	5	1	0	0	4	2	8	0	34	27	32	0	19	6	2	0	7	1	0	0	0	14	11	0	6	1	0	6	7	4	1	21	10	7	16	1	1	10	8	2	10	14	9	6	0	14	3	7	2	11	3	8	0	17	0	17	3	0	8	11	21	3	27	5	3	5	1	18	0	1	0	12	0	12	36	11	3	1	5	2	10	16	3	0	13	4	1	0	11	20	0	6	0	4	5	34	2	9	0	5	13	1	0	21	10	7	5	2	17	8	4	2	2	2	0	12
CATA	6	32	2	21	12	1	2	6	14	19	62	51	5	22	5	3	3	4	1	17	6	3	2	2	3	9	32	4	10	1	7	77	7	24	4	11	38	14	12	4	4	10	1	12	25	3	12	6	44	26	5	14	22	25	0	2	2	18	22	2	19	5	20	2	0	1	12	0	5	13	8	2	0	2	3	28	14	6	9	8	10	3	11	18	12	2	1	1	18	25	0	0	3	15	5	3	7	8	1	6	2	25	1	2	2	16	14	7	42	5	12	4	22	6	0	21	3	1	1	3	8	7	7	1	13	5	3	13	0	17	2	23	13	40	6	10	30	8	1	11	5	14	11	0	1	0	9	0	5	14	14	4	13	2	8	1	5	3	8	15	83	31	19	3	0	8	25	0	1	3	8	5	13	31	24	91	4	4	1	0	23	0	0	42	5	0	0	22	10	2	0	1	0	19	2	56	8	47	17	0	8	12	0	4	0	5	11	11	18	13	0	6	7	15	15	24	30	56	2	1	27	32	1	30	3	10	8	8	7	6	11	8	0	28	25	1	1	16	3	4	4	1	15	15	13	0	64	16	10	40	21	15	3	1	6	5	0	86	6	9	0	16	6	1	6	17	2	2	11	0	13	32	19	0	3	2	5	30	5	3	7	5	1	37	6	2	2	6	14	9	14	1	50	42	48	4	16	2	2	0	8	1	2	0	2	23	12	3	3	0	0	6	11	22	2	25	24	6	25	2	1	16	16	0	14	19	10	12	1	10	1	6	5	11	2	8	3	19	0	14	4	2	15	15	16	1	46	9	2	2	2	10	9	5	2	18	1	12	53	17	3	1	5	4	26	16	2	0	20	4	4	1	13	25	0	8	1	0	1	56	7	15	0	12	18	1	0	27	15	14	11	1	35	16	3	4	4	2	2	17
CATC	1	40	4	26	34	0	4	6	20	38	91	120	7	44	15	10	5	3	4	34	9	4	10	2	27	15	57	2	12	1	9	141	16	44	6	10	43	34	13	16	8	14	0	18	56	2	17	5	58	46	6	38	31	57	1	7	4	25	33	4	30	6	32	0	2	2	16	5	10	29	20	1	1	2	0	35	17	14	13	8	13	2	14	12	22	0	3	2	29	32	3	1	8	8	4	4	12	10	0	17	2	24	6	2	2	15	26	10	68	3	21	4	33	10	3	18	3	4	2	7	32	14	18	0	11	16	0	13	0	33	2	41	23	77	16	18	47	6	4	20	1	38	8	0	0	1	8	0	8	24	14	13	14	2	14	0	3	5	11	4	90	32	29	6	0	19	31	0	1	1	6	6	25	22	40	34	13	8	4	0	36	7	10	60	7	1	0	30	10	1	1	2	4	31	4	81	13	56	9	0	12	17	1	5	2	6	10	18	36	24	4	18	13	22	14	39	53	58	2	0	31	49	9	49	10	14	6	7	8	11	14	7	1	34	33	4	0	19	4	1	4	0	27	25	6	0	139	18	20	43	25	8	8	0	15	6	1	115	6	12	0	22	8	0	13	34	2	2	15	0	23	45	23	3	2	1	12	15	11	5	20	8	1	48	4	5	2	2	27	15	15	0	64	56	67	6	46	9	2	2	22	3	6	0	4	33	28	3	13	0	2	11	18	21	3	44	38	13	36	3	0	46	13	1	15	18	14	18	3	18	1	7	6	15	5	12	0	41	3	24	20	3	11	18	24	2	62	15	6	5	1	37	6	6	1	22	3	17	78	42	4	0	16	2	35	30	6	0	19	4	4	1	22	20	0	30	0	2	8	72	4	27	0	17	22	0	0	45	15	17	12	6	37	50	14	0	10	6	2	14
CATG	2	16	0	8	20	1	1	1	7	10	41	28	1	8	1	2	0	1	0	8	4	1	5	0	12	1	24	3	6	0	2	44	4	12	0	2	13	4	2	6	2	7	0	4	16	1	7	4	18	11	2	16	11	16	0	1	2	10	16	0	16	3	11	0	1	2	4	1	8	3	5	1	0	1	2	15	12	2	3	3	8	1	6	9	4	0	5	1	10	14	1	2	2	3	1	2	7	4	1	5	0	7	3	1	2	12	9	1	26	1	7	2	6	4	1	9	1	0	0	2	8	4	4	1	2	5	0	5	1	10	3	12	11	33	4	6	5	4	3	6	4	7	0	1	1	0	1	2	3	8	4	5	7	0	6	0	2	0	4	3	46	19	6	1	0	4	8	1	1	0	3	2	9	9	16	61	7	4	4	0	12	1	2	26	2	0	1	6	3	1	1	0	1	11	1	29	6	15	6	0	9	9	1	2	0	1	5	5	8	11	0	7	2	10	8	11	14	23	0	0	10	15	5	15	4	3	2	2	9	4	8	1	0	11	8	2	0	9	0	1	2	0	9	7	5	0	30	8	7	25	9	5	2	0	3	1	0	38	1	3	0	7	4	0	6	13	0	1	12	0	9	12	12	0	3	0	1	4	5	1	1	3	0	23	0	3	0	4	11	4	6	0	26	20	19	2	17	3	1	0	5	0	1	0	7	17	5	0	5	0	0	6	8	6	0	16	14	7	10	1	0	6	7	0	6	13	2	4	1	14	0	4	3	3	2	4	0	6	1	11	4	2	4	8	12	3	19	0	3	2	1	10	2	4	0	6	1	10	28	9	1	0	4	1	6	4	0	0	3	3	2	0	5	15	0	2	0	1	1	23	3	9	0	3	12	0	0	17	5	10	5	1	16	4	5	2	7	4	0	10
CATT	3	20	0	25	28	2	1	3	14	27	74	65	3	19	3	4	2	1	0	30	3	0	5	1	14	10	31	1	10	0	4	88	14	19	6	6	26	17	6	9	10	11	0	18	39	1	8	6	46	31	7	34	22	28	0	2	6	16	16	4	19	4	19	1	0	1	12	5	7	26	16	2	0	2	0	27	11	12	5	4	17	1	17	9	6	1	3	1	19	30	1	1	8	8	4	6	6	8	3	16	1	13	3	1	1	12	28	13	59	4	14	5	26	6	2	18	4	2	5	4	8	12	12	0	4	11	1	12	0	25	2	13	15	38	6	12	27	1	4	14	4	19	5	1	1	1	13	4	5	14	7	7	14	3	14	2	4	3	8	11	67	30	18	2	1	7	18	0	1	3	8	7	12	17	34	67	7	2	2	0	23	6	3	40	3	2	0	19	9	5	0	2	3	19	1	82	15	28	13	0	11	16	0	5	0	5	10	8	22	21	2	15	4	14	23	32	37	61	3	0	16	29	4	26	7	10	9	5	7	8	5	9	0	16	30	1	1	9	1	2	6	0	16	22	13	0	95	13	15	30	22	5	8	1	9	5	2	89	3	8	0	17	7	0	11	11	0	8	8	0	17	35	20	0	2	2	16	19	11	3	13	5	0	44	6	5	4	0	17	5	14	0	44	52	55	6	51	4	2	1	14	3	2	1	5	30	30	0	8	0	0	14	11	16	4	31	34	4	20	1	0	20	6	1	11	26	6	10	1	14	1	7	4	21	2	8	2	17	1	19	12	2	9	9	21	2	46	1	3	7	2	24	2	6	1	16	0	13	109	23	5	0	15	3	23	20	2	1	13	5	12	1	15	33	0	8	0	1	3	50	2	20	0	13	17	4	1	24	9	12	7	1	23	22	8	0	8	1	0	13
CGAA	2	8	0	6	4	1	0	1	3	5	6	12	0	5	1	1	2	1	0	4	2	0	4	0	1	1	10	1	2	0	2	22	1	6	1	2	8	2	1	0	4	3	0	2	13	1	0	1	5	1	1	10	7	8	0	3	4	2	2	0	7	2	6	0	0	0	2	1	0	7	4	0	0	1	2	5	11	0	1	1	3	1	7	4	2	0	1	0	5	3	1	0	1	0	1	0	1	2	1	2	2	2	0	0	0	4	0	1	5	2	2	0	4	1	1	2	0	1	0	0	2	6	4	0	3	2	0	3	0	3	0	3	1	8	4	4	3	0	2	7	0	5	0	0	0	2	1	0	2	4	3	2	3	0	7	2	1	0	3	1	12	9	1	1	0	0	5	0	0	0	3	0	9	4	5	1	2	0	0	0	4	1	2	11	3	0	0	4	3	0	0	1	1	5	0	5	2	12	3	1	3	4	1	1	0	1	1	3	3	4	0	3	3	2	4	8	13	18	1	0	4	12	2	8	2	5	1	2	2	5	1	2	0	5	13	1	0	3	2	0	1	0	3	2	4	0	14	4	3	6	5	3	0	0	4	0	0	14	0	3	0	2	0	1	1	6	0	1	5	0	5	9	6	2	0	0	1	0	3	2	2	0	0	9	0	1	1	2	6	1	3	0	10	14	11	1	4	0	0	1	5	1	0	0	0	10	3	0	0	0	0	2	5	6	0	7	6	3	5	0	0	0	2	0	6	2	0	1	0	6	0	3	1	3	1	2	0	8	1	3	2	0	7	2	4	2	8	0	1	0	0	8	2	1	0	3	2	4	8	8	0	0	1	1	5	3	2	0	3	1	0	0	4	0	0	0	0	2	0	11	0	4	0	1	3	0	0	8	3	7	2	0	5	4	1	0	1	0	0	3
CGAC	4	6	0	4	2	0	1	1	3	3	8	8	0	5	2	0	1	1	0	2	0	0	0	1	4	1	5	0	1	2	1	6	0	0	0	3	1	3	1	0	2	3	0	4	5	0	0	2	3	4	1	6	2	5	0	1	0	3	4	1	2	0	1	0	0	1	2	1	1	1	4	0	1	0	1	7	1	4	2	1	2	2	2	2	2	0	0	0	4	2	2	0	0	1	1	0	0	1	0	1	0	2	0	1	0	8	0	0	8	1	0	1	5	1	0	1	1	0	3	1	4	0	4	0	1	1	0	1	0	2	1	2	0	9	3	4	6	1	1	5	1	3	1	0	0	0	1	2	0	5	2	5	0	1	3	2	0	0	0	3	11	4	3	1	0	0	5	0	0	0	1	1	3	2	4	1	0	1	0	0	5	0	0	6	4	0	0	6	2	0	0	0	0	4	1	1	1	4	1	0	1	6	0	1	0	2	0	2	4	2	1	2	1	4	3	3	6	15	1	0	3	5	3	10	2	6	2	0	1	2	1	2	0	6	6	3	0	2	1	2	3	0	2	4	1	0	8	1	1	5	0	4	0	0	4	2	0	9	2	3	0	3	1	0	1	1	2	1	1	0	1	9	3	0	0	0	1	2	1	0	3	3	0	3	2	1	1	1	6	2	1	1	9	5	4	2	0	1	0	0	3	0	0	0	2	4	0	0	2	0	0	0	7	4	0	4	4	0	8	0	1	4	1	0	3	2	0	1	0	2	0	0	1	2	0	1	0	2	1	3	1	0	1	0	2	0	4	0	1	1	0	5	0	1	1	2	0	0	12	9	1	0	3	3	1	6	1	2	0	0	0	0	2	4	0	2	0	1	1	7	1	2	0	3	1	1	0	5	2	1	2	1	4	2	0	2	1	1	0	1
CGAG	1	8	0	0	2	0	0	3	1	2	3	4	0	1	1	0	1	0	0	2	0	0	1	0	5	0	10	0	3	0	1	8	1	1	0	0	2	2	1	2	2	2	0	2	7	0	0	1	4	3	1	8	3	8	0	1	0	0	0	1	3	1	2	0	0	1	0	0	0	3	3	1	0	0	1	6	1	2	1	0	1	0	0	1	2	0	0	0	2	1	0	0	0	1	1	0	1	0	1	1	0	1	0	0	0	6	0	0	5	1	1	0	5	0	1	2	0	0	0	0	0	2	5	0	3	0	0	2	0	3	0	2	3	3	2	0	2	1	1	1	0	2	0	0	0	0	1	0	0	3	0	1	1	1	0	0	0	0	1	1	8	2	5	0	0	0	6	0	0	0	0	3	3	2	4	1	1	1	0	0	6	1	2	3	0	0	0	6	3	1	0	0	0	2	0	1	2	4	1	0	0	2	0	0	0	0	1	2	2	4	0	0	3	1	2	4	3	1	0	0	2	5	1	10	1	1	2	0	0	0	0	0	0	2	5	1	0	3	1	2	1	1	0	1	1	0	2	2	0	3	1	1	1	0	3	0	0	7	0	0	0	5	0	0	0	3	1	0	0	0	1	5	4	0	2	0	2	1	1	2	3	0	0	5	0	1	0	0	1	1	2	0	6	8	4	0	4	0	1	0	1	1	0	0	0	4	0	0	4	0	0	1	2	2	0	5	2	1	8	0	1	2	1	1	0	3	1	1	0	2	0	1	0	2	0	1	0	3	0	0	0	1	1	0	1	1	5	0	0	0	0	2	0	0	0	2	0	0	10	1	0	1	1	0	1	2	2	0	4	2	2	0	1	0	0	2	0	0	0	6	0	3	0	2	3	0	0	6	0	0	0	0	2	2	0	0	1	0	0	1
CGAT	2	4	0	3	3	0	0	2	2	6	6	10	0	3	0	0	0	0	1	6	1	0	2	2	9	1	7	0	0	1	0	2	1	4	0	2	5	3	0	1	2	2	0	6	4	1	1	1	5	0	0	0	3	2	1	0	2	3	8	0	6	1	5	0	0	1	0	0	2	2	5	0	1	1	1	7	3	2	3	0	3	1	8	1	2	0	1	1	1	2	1	2	0	2	0	0	0	1	0	0	1	2	1	0	1	10	0	1	10	0	0	0	7	0	0	5	2	0	0	1	0	3	4	0	1	0	0	1	0	1	3	1	2	4	2	2	4	0	1	6	0	3	0	0	0	0	4	0	1	1	1	2	4	0	0	1	1	1	1	1	10	0	3	1	0	2	4	0	0	0	0	2	3	4	4	4	0	1	0	0	4	2	0	6	2	0	0	7	2	0	0	0	0	3	0	3	1	4	4	1	1	3	0	0	0	0	1	0	2	3	1	3	1	2	3	6	5	7	2	0	4	6	1	2	2	4	0	2	0	1	1	0	0	8	5	0	0	2	0	1	2	0	2	3	2	0	20	2	3	1	4	4	1	0	1	0	0	10	1	1	0	4	1	2	1	1	1	0	3	0	2	7	3	0	0	0	1	0	4	0	3	1	1	5	1	2	0	0	2	0	1	0	4	14	7	1	0	0	0	0	4	0	0	0	1	3	5	0	1	0	0	1	4	2	0	2	8	1	4	0	2	4	3	0	3	4	0	4	0	2	0	0	0	1	0	0	0	3	0	3	2	1	1	2	2	0	2	3	0	2	0	1	2	0	0	5	0	4	12	4	0	0	2	1	6	0	0	0	0	2	6	0	2	3	0	4	1	0	3	11	0	4	0	1	4	0	0	4	2	2	0	0	5	0	1	0	0	0	0	3
CGCA	2	8	6	7	6	1	0	1	3	5	20	10	0	3	3	2	0	1	0	9	1	2	2	0	5	3	11	0	2	0	3	28	2	7	2	3	11	7	0	2	2	6	0	6	8	1	1	5	12	2	4	10	6	8	0	0	2	1	10	0	6	2	9	0	0	0	2	0	1	3	4	0	0	0	3	11	5	6	4	1	3	1	0	2	0	0	0	0	10	4	2	1	1	5	1	0	2	1	2	5	0	2	0	0	0	10	0	2	9	0	3	1	7	2	2	8	3	0	1	3	4	2	5	0	5	5	1	1	0	5	0	6	8	12	4	2	8	2	1	7	3	4	0	0	0	0	0	2	0	3	4	3	4	2	1	1	0	1	3	1	20	11	5	0	0	0	5	0	1	2	0	0	2	7	9	9	1	0	0	0	4	1	1	10	2	0	1	10	11	0	1	2	1	6	2	3	3	10	1	1	4	8	0	0	0	0	0	5	5	8	0	2	1	5	6	3	12	14	0	0	11	9	4	12	3	2	1	0	1	1	0	0	0	9	7	2	0	6	1	1	0	0	4	1	3	0	12	7	2	8	8	4	1	0	3	1	0	28	1	2	0	6	3	0	1	3	1	1	4	0	4	17	8	0	0	1	4	2	0	1	2	1	0	10	1	2	2	2	3	1	2	0	13	5	18	3	15	1	0	1	2	0	0	0	0	9	4	1	0	0	0	5	7	2	4	9	22	4	11	0	0	6	1	1	3	2	3	3	1	6	0	0	2	3	0	0	0	8	3	6	2	0	5	1	8	0	13	1	1	4	0	12	4	2	0	4	0	4	26	5	2	0	3	1	5	2	1	0	3	0	0	0	2	14	0	0	1	0	1	19	0	6	0	6	2	0	0	8	5	1	2	2	6	10	1	0	0	2	0	7
CGCC	0	10	0	5	4	1	0	2	3	5	13	18	0	3	1	1	0	1	0	4	0	0	1	0	3	2	17	0	1	0	4	18	2	3	2	5	7	3	4	4	5	2	0	0	2	0	3	0	11	8	2	6	6	9	0	1	0	3	12	0	10	1	8	1	0	0	2	0	0	6	4	0	0	3	1	9	4	0	1	0	2	0	4	2	0	1	1	1	3	4	0	0	2	2	1	1	1	3	0	7	1	2	0	1	0	4	1	4	5	2	3	1	4	5	2	3	1	0	1	0	0	5	1	0	3	1	0	3	1	3	0	7	7	18	1	4	6	1	4	7	0	4	2	0	0	0	0	2	1	6	0	1	4	0	0	0	0	0	0	1	19	11	4	1	0	0	3	0	0	0	4	1	3	1	10	7	5	2	0	1	6	0	2	13	3	0	0	10	3	0	0	2	0	2	1	3	5	8	4	0	3	4	0	2	0	0	1	1	6	7	1	2	1	5	2	8	11	13	0	0	3	10	4	14	3	1	1	1	3	1	0	1	0	8	6	1	0	2	0	2	1	0	2	2	3	1	18	4	4	3	2	3	2	0	0	1	0	19	1	1	0	3	2	0	0	12	0	1	4	0	1	14	3	0	2	0	5	1	6	4	2	1	0	12	0	0	2	1	3	1	3	0	15	11	9	1	4	0	0	1	3	0	1	0	0	2	6	1	1	1	0	2	1	2	1	7	8	3	8	0	1	10	5	2	4	1	0	2	2	4	2	2	1	5	1	0	0	6	0	8	4	1	4	3	2	4	7	2	0	3	1	4	1	3	0	7	1	3	14	9	1	0	0	1	4	3	4	0	3	2	0	0	6	2	0	0	0	0	0	15	1	2	0	3	2	1	0	8	1	4	5	2	7	10	1	0	6	2	3	2
CGCG	0	8	0	5	2	1	1	1	2	4	10	20	2	3	1	1	1	0	0	3	2	1	1	0	4	2	11	0	1	0	3	18	0	9	2	2	0	4	1	2	1	1	0	0	7	0	3	2	9	2	1	2	1	12	0	2	0	3	4	0	8	0	1	0	0	0	0	1	1	5	4	1	1	0	2	9	5	2	1	0	1	0	0	2	4	0	0	0	1	4	0	0	2	3	1	0	0	2	0	4	0	3	0	2	0	2	0	3	19	2	6	1	5	2	1	1	1	0	0	0	4	5	2	0	3	3	0	3	0	4	0	7	7	14	6	4	6	1	0	4	0	2	1	0	0	0	2	0	2	6	1	0	5	0	2	0	0	1	4	0	19	6	4	1	0	0	2	0	1	1	1	2	8	4	12	15	1	2	0	0	3	2	1	6	2	0	0	7	4	0	0	2	0	1	2	4	3	7	3	0	4	3	0	2	0	0	1	1	6	1	0	1	1	5	3	4	13	22	0	1	2	5	3	6	6	0	1	1	5	0	3	0	0	2	2	0	0	3	0	1	1	0	2	2	3	0	10	2	1	4	4	2	2	0	0	2	1	13	0	2	0	2	2	0	2	7	2	0	0	1	3	7	3	0	2	0	4	2	4	2	1	0	0	11	3	0	0	0	2	0	2	0	9	8	9	2	6	0	0	0	2	0	0	1	0	5	5	0	2	0	0	1	1	8	0	7	4	1	10	2	0	4	5	1	1	4	1	5	0	4	0	1	1	4	1	2	1	5	0	4	2	0	3	1	6	1	11	0	0	1	1	12	2	3	0	3	0	3	20	5	1	0	0	0	1	2	0	1	4	0	0	0	3	4	0	2	0	1	1	15	0	14	0	1	2	1	0	3	1	2	1	0	5	2	1	0	2	0	0	2
CGCT	3	14	0	1	4	1	0	2	3	7	13	24	0	6	4	3	0	0	0	4	3	1	1	1	6	0	11	0	3	0	1	18	0	8	0	6	10	6	1	4	1	5	1	6	8	0	1	3	4	5	3	8	2	4	0	0	2	4	6	0	4	0	12	1	1	0	0	0	0	6	5	1	1	2	0	8	4	6	4	1	0	1	0	2	2	0	1	0	4	10	0	0	2	7	2	1	3	2	0	4	0	0	0	0	4	6	0	3	7	1	3	1	11	1	1	0	2	1	2	0	4	7	3	1	2	3	1	2	0	3	0	7	3	10	5	0	4	1	1	3	4	4	0	0	0	0	2	2	2	6	3	2	5	0	2	1	1	1	1	6	16	8	5	2	0	6	5	1	0	0	5	3	7	8	14	4	2	0	0	1	10	1	2	15	4	1	1	8	0	1	0	1	1	8	1	4	3	14	3	1	3	7	1	1	0	2	3	3	4	7	1	1	1	6	5	9	12	18	1	0	7	7	4	12	2	2	2	0	2	3	3	1	0	8	10	0	0	3	1	2	1	0	1	1	2	0	10	4	4	10	7	5	1	1	2	3	1	19	2	1	0	6	0	1	2	6	0	0	5	0	5	12	3	0	2	0	4	4	5	1	1	3	1	13	4	2	2	3	5	1	2	0	11	11	5	2	12	0	0	0	3	1	1	0	1	12	6	1	4	0	0	4	7	8	2	7	12	1	5	1	0	10	2	0	1	3	1	7	1	8	0	1	0	2	0	1	0	14	0	2	1	1	6	8	4	0	9	2	0	2	0	6	2	2	1	4	0	8	16	9	0	0	3	1	2	4	0	1	1	2	2	0	4	4	0	4	0	0	2	18	2	6	0	2	7	0	0	11	6	3	2	0	7	2	3	2	6	0	3	3
CGGA	0	4	0	1	6	0	0	2	2	5	12	6	0	4	1	3	0	1	0	2	1	0	1	1	2	0	7	0	3	0	1	16	3	5	1	1	4	3	1	1	0	4	0	2	13	0	4	5	10	4	2	8	7	4	0	0	2	7	4	0	11	1	8	0	0	0	0	1	0	7	1	0	1	0	2	7	5	0	1	2	1	1	0	0	0	0	0	0	4	5	0	0	1	0	0	0	1	2	0	1	0	6	0	1	0	10	0	2	15	0	2	2	10	1	0	5	0	0	0	2	8	2	7	1	2	1	0	1	0	3	1	6	5	10	2	0	4	3	1	5	0	7	1	0	0	0	4	2	0	2	1	0	3	0	0	0	1	0	1	2	9	6	4	0	0	2	2	0	1	0	1	0	1	5	5	3	5	0	0	0	9	0	2	10	2	0	0	10	1	1	0	0	0	7	0	3	1	11	2	0	1	6	1	1	0	0	0	2	2	2	1	1	1	4	0	2	8	8	0	0	6	5	1	6	0	4	3	0	1	0	4	0	0	8	6	0	0	0	0	1	0	0	2	7	4	0	6	2	1	6	5	1	3	0	3	2	0	15	1	0	0	3	2	0	2	1	1	0	3	0	1	7	5	6	1	0	2	2	4	0	1	3	0	9	4	0	1	0	2	1	4	0	6	8	16	0	8	0	0	0	2	1	2	0	0	4	6	0	4	0	0	2	2	2	1	2	2	5	9	0	0	2	2	0	3	1	1	1	0	0	0	1	1	1	2	0	2	7	1	2	3	2	4	3	0	0	8	0	2	2	0	6	0	3	0	3	0	2	6	5	0	0	3	2	3	8	1	1	4	2	4	0	3	4	0	0	1	1	1	13	1	4	0	2	3	0	0	2	4	1	2	0	6	4	0	0	1	0	0	1
CGGC	0	6	0	3	4	0	0	1	7	3	16	18	0	2	2	0	0	1	0	4	2	2	3	1	1	0	12	0	1	0	2	10	2	3	3	1	11	3	1	1	3	3	0	6	6	0	6	2	14	4	1	8	6	3	0	0	0	3	10	1	6	1	5	0	1	0	2	3	0	7	7	0	0	0	1	12	3	0	0	0	3	1	2	3	4	0	1	0	4	1	0	1	0	1	1	0	1	3	0	1	1	5	1	0	1	8	0	2	12	0	7	2	6	1	1	4	1	1	0	2	8	6	8	0	4	1	0	1	0	6	1	4	1	11	2	2	6	1	0	2	0	3	2	0	0	0	4	0	1	8	2	1	2	0	2	0	0	2	5	4	11	9	3	1	1	0	2	0	1	0	2	1	6	5	10	1	4	0	0	0	6	1	1	7	3	1	0	4	2	2	0	1	1	5	1	4	5	6	3	0	1	6	0	1	1	0	1	2	4	4	3	0	0	5	4	6	6	14	1	0	7	4	1	2	3	3	0	2	1	1	2	0	1	7	6	0	0	4	0	2	2	0	1	1	2	0	16	2	3	6	5	1	1	0	1	2	1	18	0	1	0	8	1	1	2	10	1	0	1	0	7	7	2	0	3	0	1	1	2	3	4	0	0	10	4	0	1	0	4	1	0	0	6	8	13	0	12	1	0	0	3	0	0	0	0	4	5	0	7	0	0	4	5	6	1	5	8	2	3	0	2	4	4	2	3	9	0	3	0	2	0	3	2	2	1	2	0	2	0	5	0	0	3	3	4	0	12	0	1	3	1	13	0	3	1	4	1	4	14	10	1	0	1	2	3	3	1	1	4	0	0	0	3	1	0	2	0	1	0	11	1	5	0	1	3	0	0	5	2	4	4	2	4	11	1	0	1	1	4	3
CGGG	2	6	0	3	8	1	1	0	2	5	13	16	1	4	2	0	1	0	0	1	0	0	0	0	3	2	8	0	0	0	1	12	2	11	0	4	4	1	2	1	0	3	0	4	3	0	6	1	12	2	2	4	6	12	0	0	0	4	8	0	9	0	4	0	0	0	2	0	2	4	1	0	0	1	0	7	5	2	2	1	0	0	4	2	0	0	1	0	1	3	0	0	2	1	1	2	1	0	0	2	0	0	0	0	0	0	0	0	10	0	5	1	3	0	2	6	0	0	0	0	2	3	0	0	2	1	0	2	0	4	1	4	2	11	1	0	3	0	0	3	0	9	0	0	0	0	4	0	3	3	3	1	1	0	2	1	3	0	0	0	11	7	3	0	0	0	3	0	0	0	1	1	1	1	3	1	2	3	0	0	4	1	2	5	3	0	1	5	2	0	0	0	0	5	0	4	6	7	2	0	2	4	0	1	1	0	1	0	6	1	0	0	0	1	4	2	10	16	0	0	3	6	1	8	2	1	2	0	0	1	4	1	0	6	4	1	0	2	0	2	1	0	3	7	1	0	8	1	1	4	3	1	0	0	5	1	0	10	1	1	0	3	1	0	1	7	0	2	3	0	1	12	4	0	0	0	0	3	1	2	3	0	0	7	1	0	0	1	4	1	0	0	8	6	12	1	6	2	0	0	0	2	0	1	0	5	0	0	1	0	0	1	4	2	2	2	2	1	3	0	0	2	5	0	2	3	1	1	0	8	1	2	1	2	0	2	0	9	0	3	0	0	4	0	5	0	7	0	0	1	0	9	3	1	0	5	0	3	21	3	2	1	1	0	0	0	0	0	4	0	0	1	2	3	0	2	0	0	0	20	0	2	0	3	2	0	0	5	2	3	1	0	4	4	0	0	0	0	0	4
CGGT	2	5	0	3	6	0	1	0	1	0	5	6	2	5	0	0	4	0	0	2	1	1	0	1	5	0	5	0	4	0	2	6	2	8	2	1	6	5	0	0	3	3	0	6	13	1	2	2	3	4	1	4	3	3	0	1	0	2	2	0	5	1	6	0	0	2	0	2	1	1	3	0	1	0	0	6	3	2	0	1	2	0	2	2	0	0	1	0	3	2	0	0	1	1	0	0	2	0	1	0	0	1	0	0	1	7	0	4	5	2	0	0	4	1	0	2	0	0	2	2	0	1	4	0	5	3	1	1	0	4	2	3	1	8	1	0	5	2	0	4	1	5	1	1	0	0	1	0	0	2	1	2	4	1	0	2	1	0	2	0	5	0	4	0	0	4	2	0	0	0	0	0	5	3	6	1	3	1	0	0	5	1	1	7	1	0	0	5	1	2	0	0	0	4	0	1	1	9	2	0	5	1	0	0	0	1	2	0	2	2	0	0	0	3	1	4	3	8	0	0	3	5	2	6	1	2	0	0	1	1	1	0	0	3	6	0	0	3	0	1	1	0	5	3	1	0	20	2	3	7	2	2	0	1	0	0	0	17	2	1	0	3	1	0	3	8	0	0	1	0	5	7	4	0	1	0	1	1	2	1	3	0	0	10	1	0	0	4	0	2	2	1	4	9	17	1	6	0	0	0	7	1	0	0	0	5	3	0	0	1	0	1	3	0	0	5	6	2	6	0	1	8	2	0	2	6	0	3	0	0	1	0	0	1	1	0	1	6	0	3	1	0	2	1	0	1	5	1	1	0	0	1	2	3	0	4	0	4	10	2	0	0	1	1	1	9	1	0	4	1	0	0	2	6	0	0	1	1	0	12	0	1	0	4	3	0	0	11	0	4	2	1	3	4	0	0	1	0	2	2
CGTA	0	6	0	9	6	0	1	1	4	9	41	26	6	27	4	2	2	24	0	14	0	0	2	5	5	3	11	1	7	6	11	69	20	6	15	9	8	7	5	1	1	8	0	57	13	0	2	2	11	7	8	4	8	7	2	0	4	5	9	3	8	0	25	20	1	0	54	2	1	7	4	0	3	0	3	70	16	18	32	13	2	4	6	11	20	1	2	1	4	13	0	4	1	83	8	5	2	7	0	3	0	7	1	6	3	21	0	2	7	0	5	0	31	1	0	28	21	0	0	2	2	10	11	1	4	4	1	9	1	8	7	3	4	20	4	2	17	27	4	4	45	43	36	1	0	3	3	12	12	11	66	4	35	1	3	1	1	6	1	11	12	17	3	1	0	4	7	2	1	8	5	6	6	113	23	4	3	2	1	0	5	0	2	37	0	0	0	22	8	14	0	1	0	32	6	11	3	20	47	2	17	10	2	1	0	3	2	4	7	11	2	6	12	5	5	10	16	24	6	1	2	36	4	4	0	7	3	7	4	25	3	18	1	13	39	1	0	9	2	4	6	2	7	6	8	0	35	5	17	32	9	29	10	0	2	0	0	40	2	6	0	27	24	5	7	7	2	9	7	0	14	8	9	2	2	2	6	55	5	15	10	0	0	38	10	5	14	6	6	14	4	0	10	23	19	2	2	1	1	6	18	0	2	2	0	40	3	17	8	0	0	2	7	6	0	10	17	1	23	0	0	14	23	2	4	8	1	24	1	10	3	2	2	11	1	22	7	16	2	8	2	1	10	5	2	1	20	22	1	1	4	12	18	4	0	2	0	10	12	2	0	2	2	5	7	10	2	0	4	2	4	0	5	24	0	6	0	0	3	24	15	7	0	2	5	0	0	5	3	5	6	3	77	4	2	0	1	0	2	4
CGTC	2	14	0	6	6	0	1	2	4	6	21	36	2	8	2	3	5	7	1	3	1	2	3	3	8	1	9	2	9	4	1	34	11	6	4	6	20	9	2	4	5	5	0	24	19	0	2	2	14	4	2	10	7	16	0	0	2	6	20	0	8	2	11	4	2	1	30	1	0	8	6	1	0	1	3	40	11	15	13	8	2	2	6	6	18	0	1	1	4	7	0	3	0	23	4	5	1	3	1	4	1	3	1	2	0	22	0	2	16	2	2	0	14	2	0	19	7	0	0	1	2	4	7	0	4	3	1	4	0	11	2	6	3	15	3	4	14	11	3	5	16	19	13	0	0	0	2	8	3	5	20	2	10	1	3	1	0	3	5	6	17	13	9	1	0	6	4	0	1	1	2	1	7	33	17	1	4	0	0	0	4	2	2	22	2	1	0	5	8	6	1	0	1	7	1	6	3	20	18	1	6	16	2	2	0	1	0	2	3	7	0	3	3	11	5	11	11	18	5	1	5	20	9	16	4	3	2	4	3	4	1	9	0	11	14	0	0	2	3	2	2	0	6	6	7	0	34	4	6	17	6	15	8	0	1	3	0	19	3	3	0	10	7	4	3	9	0	1	4	0	11	10	7	0	1	0	3	17	5	6	3	3	2	15	8	0	3	8	6	3	0	1	9	12	18	0	10	3	0	3	7	4	2	0	0	14	4	9	4	1	1	8	6	1	5	11	12	3	13	0	0	12	4	1	7	3	2	10	2	4	2	1	1	6	0	1	4	19	2	4	3	0	4	2	8	1	13	9	1	5	1	11	9	1	0	4	0	5	26	7	1	0	4	3	3	6	1	0	4	0	4	0	8	17	0	2	1	0	4	20	8	15	0	1	8	0	1	9	2	7	4	3	33	4	1	0	3	2	2	10
CGTG	0	2	0	3	4	0	0	1	0	2	9	14	1	6	0	0	0	3	0	1	1	0	0	0	3	1	6	0	1	0	1	16	5	5	3	2	4	1	1	2	1	2	0	8	4	1	1	3	3	2	1	4	1	2	0	0	0	1	4	1	1	0	6	1	0	0	8	0	1	3	1	1	1	0	0	17	2	6	5	1	1	0	4	5	4	0	0	0	2	4	0	1	1	15	2	0	0	0	0	2	0	0	0	0	0	6	0	2	4	1	3	0	6	1	0	4	3	0	1	0	2	5	3	0	3	0	0	2	0	1	0	4	1	10	2	2	6	5	0	1	7	5	8	0	0	0	3	2	1	2	8	0	1	0	0	0	0	0	1	1	6	4	5	0	0	2	2	0	0	1	1	0	3	13	8	2	0	0	0	0	3	1	3	6	0	0	0	4	4	1	0	0	0	5	0	1	3	5	4	0	2	2	1	0	0	0	0	4	5	5	0	1	3	0	1	6	6	8	1	0	1	6	1	8	2	3	1	2	0	2	1	5	0	3	8	1	0	3	1	0	1	0	0	3	2	0	5	3	2	9	6	8	2	1	0	0	0	17	2	1	0	5	4	0	1	1	0	2	1	0	1	10	2	0	0	0	0	3	2	2	1	0	0	11	2	0	4	1	3	1	1	0	6	7	8	1	4	0	1	1	6	0	0	2	1	2	1	1	3	0	0	2	4	0	1	4	6	2	11	0	0	2	6	0	2	0	0	5	1	2	0	1	0	5	0	2	0	8	0	3	3	0	3	1	2	2	0	6	0	1	0	5	1	0	0	1	0	1	10	1	0	0	0	0	5	4	0	0	0	0	2	0	2	2	0	0	0	0	0	7	1	6	0	3	4	0	0	2	0	2	0	0	11	4	1	0	0	0	0	1
CGTT	1	16	0	6	4	1	4	3	11	3	35	32	15	16	4	3	2	23	0	11	5	1	4	7	6	4	14	2	4	12	13	68	24	4	13	7	23	10	13	2	3	8	0	56	21	1	6	5	7	11	7	10	13	9	0	3	2	8	14	5	20	2	48	16	5	0	56	6	1	7	4	2	2	2	6	59	15	26	37	17	1	4	2	24	25	0	1	0	7	13	0	3	2	74	7	3	4	4	0	2	1	4	0	4	1	26	1	6	10	1	9	1	30	1	2	50	18	0	3	2	8	8	10	3	7	3	6	9	1	14	3	5	11	24	4	6	17	54	2	4	65	43	43	0	2	2	1	8	15	11	68	2	26	1	4	1	1	6	2	7	21	22	5	5	0	2	5	1	2	11	4	0	14	93	33	1	5	3	1	2	6	6	1	53	7	1	2	27	10	15	0	2	1	47	12	12	3	20	40	0	20	17	4	4	2	3	3	11	10	16	2	7	27	7	5	25	17	28	5	3	7	47	10	12	4	6	4	6	3	12	4	22	0	13	27	6	0	7	4	0	7	0	7	10	11	0	49	8	23	37	13	39	7	1	5	0	0	24	9	9	0	39	26	3	4	6	4	16	9	0	18	12	9	5	2	3	10	60	5	16	1	3	1	44	17	11	12	14	8	14	6	2	7	15	30	1	6	0	0	5	13	3	1	1	0	50	7	18	8	5	1	8	13	14	7	9	22	1	28	0	2	13	33	3	5	9	3	17	3	6	2	3	2	17	3	17	3	17	5	8	3	0	5	5	8	3	14	26	3	4	5	14	18	2	1	5	1	17	14	4	5	0	2	7	8	13	2	3	4	1	4	0	10	34	0	8	3	3	5	25	16	5	0	0	4	0	0	29	2	2	11	1	111	6	3	0	2	2	2	6
CTAA	2	28	6	9	8	2	1	2	6	7	18	22	0	8	1	2	1	0	0	18	3	2	0	0	7	2	8	0	8	0	6	16	2	10	1	2	6	5	2	3	3	2	1	4	17	2	2	8	14	5	1	8	5	9	0	2	2	5	14	1	12	0	4	0	1	2	4	0	4	9	4	3	0	1	1	12	11	4	4	4	5	2	8	3	6	2	2	1	3	8	1	2	0	5	0	1	3	2	1	0	0	4	1	1	0	12	0	1	19	3	8	0	11	2	3	6	1	0	2	3	8	5	5	0	7	1	0	2	0	9	4	8	9	10	3	0	8	1	1	9	2	8	2	2	2	2	0	0	0	9	6	3	2	0	0	1	2	3	5	1	15	14	8	1	0	5	8	0	0	0	3	3	6	7	7	3	3	1	2	0	9	2	2	13	3	1	2	11	0	4	1	1	3	9	4	2	3	16	9	1	3	10	2	2	0	3	1	5	8	7	0	2	6	6	6	10	8	17	1	1	7	7	5	8	1	6	3	0	2	3	5	2	0	12	9	1	0	5	0	1	5	0	4	10	5	0	40	5	8	7	5	2	1	0	0	0	2	22	2	4	0	18	2	1	1	10	1	1	7	0	3	18	16	2	2	2	3	11	2	1	4	3	1	18	3	2	5	1	3	2	1	1	11	14	11	2	4	1	1	0	6	1	2	1	1	11	7	2	2	1	0	4	5	4	4	7	4	2	9	0	0	10	9	0	5	10	4	6	0	6	1	1	2	4	0	0	0	4	1	4	2	0	1	4	6	2	18	1	1	0	0	13	4	2	1	7	0	5	16	10	2	1	7	2	3	4	3	1	8	2	2	0	4	7	0	4	2	0	0	22	5	8	1	3	7	0	1	9	5	4	3	0	8	3	3	0	5	1	4	5
CTAC	1	8	0	4	4	0	0	0	4	2	4	8	0	7	3	0	1	0	0	4	1	3	1	0	4	2	13	1	2	3	5	12	8	9	1	3	12	6	4	2	2	5	0	0	7	1	2	4	7	1	1	4	7	6	0	3	2	7	14	1	9	1	12	0	1	0	2	1	1	7	1	0	0	0	1	6	4	4	2	2	5	0	4	2	10	0	1	0	3	7	0	1	2	2	2	5	1	4	0	4	2	4	1	1	1	17	0	3	15	1	3	0	1	0	0	5	0	3	2	3	6	2	2	1	1	1	1	2	0	5	1	5	8	10	3	4	3	1	1	3	0	2	0	2	0	0	4	3	1	3	3	2	6	0	1	0	2	1	1	5	15	7	3	0	0	2	4	0	0	1	1	2	2	3	9	7	2	0	1	0	8	0	1	11	1	1	0	4	3	0	0	1	0	7	0	5	0	10	1	0	2	7	1	4	0	1	0	2	6	4	1	3	2	5	3	6	4	7	1	0	9	6	5	12	1	3	3	4	1	3	1	0	0	11	4	1	1	2	2	0	1	0	1	7	4	0	10	1	4	5	6	1	4	1	5	1	1	13	2	3	0	25	2	1	3	3	0	0	2	1	4	8	6	2	2	1	3	1	7	1	4	1	1	6	3	3	0	3	9	1	0	1	9	9	12	2	8	3	1	2	4	4	1	1	0	8	5	0	3	0	0	4	5	4	3	8	10	2	5	0	0	4	2	0	1	12	3	3	1	10	0	0	1	5	1	5	0	2	0	10	3	0	4	0	5	1	6	0	3	0	1	12	4	3	2	6	2	3	16	5	2	2	4	1	3	7	1	0	2	2	6	1	5	0	0	4	2	2	0	18	2	3	0	1	8	2	0	10	3	1	5	1	6	0	1	0	1	0	2	7
CTAG	10	12	8	11	8	1	6	4	11	5	16	28	1	7	3	4	2	3	5	3	3	3	8	3	11	10	17	4	6	2	5	32	6	7	4	8	22	9	7	4	3	2	0	0	13	2	3	3	11	2	8	12	8	8	6	8	2	9	28	5	3	5	8	4	3	2	6	6	3	6	5	3	3	4	3	16	6	4	2	4	6	4	1	4	28	2	3	6	5	5	4	0	3	5	6	7	3	5	6	8	1	3	1	6	4	8	6	4	115	2	4	3	11	2	3	4	3	4	3	2	4	13	8	1	5	3	4	4	1	6	5	7	7	14	4	6	6	0	7	6	9	10	5	7	3	4	7	2	5	9	7	7	10	0	2	1	1	4	8	5	16	4	5	0	2	4	4	0	3	2	2	9	6	9	13	7	4	4	3	1	10	1	6	14	3	2	4	5	5	7	2	4	3	10	3	2	8	11	4	3	7	2	2	6	2	5	1	7	6	4	0	5	7	6	7	14	8	11	6	1	6	2	10	25	4	7	6	6	8	2	6	5	6	10	11	8	2	10	3	4	2	4	1	4	5	2	16	7	4	4	9	5	6	10	8	4	2	19	9	8	2	77	7	4	4	3	4	2	9	3	12	8	8	10	1	2	3	1	2	4	1	6	2	15	10	5	2	8	3	4	2	4	7	14	14	4	26	0	0	5	5	4	6	1	2	10	2	5	9	4	1	7	6	12	2	12	9	6	13	4	5	6	5	5	4	18	3	10	8	2	0	2	2	5	5	4	4	3	2	7	5	0	7	3	8	2	14	4	7	2	6	12	9	6	5	2	8	5	21	14	8	7	5	5	15	7	5	3	7	9	16	2	6	8	0	8	7	2	0	13	2	17	0	10	8	2	1	5	7	9	3	3	13	12	8	8	6	8	2	5
CTAT	0	12	0	8	6	1	0	0	2	1	12	20	0	2	3	0	2	1	0	3	0	1	2	2	9	3	10	0	7	1	0	8	3	3	0	4	8	3	2	2	1	1	0	2	12	1	0	1	5	1	0	8	3	5	0	2	0	2	10	0	3	1	7	3	1	0	2	1	0	4	1	1	1	1	1	5	1	4	5	1	2	1	2	1	2	0	2	0	5	3	0	0	0	0	1	5	0	1	2	1	0	1	0	0	0	8	2	6	16	0	2	2	2	1	1	3	1	1	0	0	4	4	2	0	6	3	1	2	0	2	0	3	5	6	5	0	3	1	0	4	0	2	1	0	0	1	0	0	0	2	5	1	3	2	1	0	1	4	1	2	10	9	4	1	0	4	2	0	0	2	2	1	0	2	6	0	3	1	1	0	5	1	2	7	3	0	1	8	5	0	0	0	1	8	0	2	4	7	1	0	1	4	0	0	1	1	0	4	7	2	1	0	2	3	5	2	7	7	1	0	5	6	2	6	1	3	1	3	3	1	1	0	0	6	8	0	0	6	1	0	1	0	4	2	6	0	6	5	1	4	4	2	2	0	2	0	0	12	2	5	1	9	1	2	3	1	1	3	1	0	4	6	6	4	2	1	5	0	0	1	1	2	1	5	7	0	5	4	5	2	2	0	7	12	9	4	0	0	0	0	4	2	3	0	0	3	6	1	4	2	0	3	2	6	3	4	2	1	10	0	3	0	3	1	0	6	2	0	0	6	0	4	0	4	1	2	1	6	1	2	1	1	4	2	3	1	11	0	0	3	0	4	1	2	0	3	1	1	20	7	2	0	2	1	6	10	2	0	4	0	0	0	1	4	0	2	3	0	1	9	1	2	0	2	3	0	0	4	3	2	2	1	4	2	0	0	2	2	0	1
CTCA	4	18	4	6	12	3	4	9	11	20	33	36	0	12	4	1	2	2	1	15	3	2	2	3	12	5	24	1	7	3	5	60	9	22	5	10	18	7	7	5	8	8	0	6	22	1	6	10	24	18	4	23	13	8	0	1	2	14	34	0	17	2	17	1	1	0	2	1	4	19	4	2	1	3	3	25	12	4	10	8	10	2	13	13	18	2	2	1	10	14	2	1	2	7	4	4	5	10	1	4	5	9	3	1	1	18	0	6	26	5	11	2	23	5	2	10	3	2	2	5	12	10	10	1	11	10	1	12	0	11	0	16	14	39	10	10	20	5	3	4	12	13	4	1	1	3	6	6	8	15	11	6	16	1	4	1	4	2	7	2	32	25	16	6	0	6	6	0	1	4	6	4	13	11	19	3	6	6	6	0	13	3	5	26	8	0	0	11	5	3	0	3	1	21	3	5	10	29	5	2	5	18	1	3	2	6	4	4	11	17	0	5	12	7	14	25	23	18	1	0	15	12	5	26	5	10	3	4	6	5	5	3	1	18	29	3	1	8	4	0	1	0	14	8	9	0	43	11	6	17	16	4	2	1	9	0	2	47	4	8	0	15	3	2	4	21	2	0	10	2	15	24	26	0	5	2	10	15	8	10	9	5	2	19	3	4	3	2	11	6	5	0	24	34	34	2	14	7	2	5	10	2	1	0	1	21	9	1	6	0	0	7	9	6	4	16	26	3	8	1	2	20	19	2	10	14	7	4	0	14	1	4	4	5	4	14	1	13	2	20	3	3	10	7	11	4	26	9	2	5	2	22	1	4	2	5	3	6	51	19	4	0	8	2	15	15	4	0	16	2	4	1	12	17	0	10	0	2	6	33	0	5	0	5	10	0	0	18	9	10	6	0	20	22	2	2	4	5	6	13
CTCC	3	24	0	12	6	1	4	4	9	9	27	46	4	10	4	2	2	1	1	13	4	3	5	4	17	3	26	1	10	1	6	27	7	10	5	7	6	12	6	3	5	6	0	4	19	2	4	4	28	7	0	10	6	14	0	0	4	10	22	0	17	2	14	1	0	0	0	2	2	12	8	0	1	0	2	27	11	2	6	4	4	2	10	6	16	0	3	0	5	12	1	0	2	2	3	4	1	7	0	4	2	8	3	3	1	16	1	6	29	2	8	3	19	5	3	5	3	2	1	0	12	9	7	0	2	6	0	11	0	12	2	9	9	19	3	12	8	1	3	7	4	11	1	1	1	1	12	4	5	8	3	6	11	3	3	1	4	1	1	6	25	21	13	2	0	4	12	0	4	1	2	5	7	9	17	8	9	2	2	0	8	3	5	19	3	0	0	13	12	0	2	3	2	11	1	2	6	22	6	0	8	7	2	4	3	1	5	3	7	9	1	3	3	11	6	12	15	15	1	0	11	13	5	22	6	5	5	3	10	2	12	4	0	21	18	1	0	11	2	1	3	0	14	12	10	0	26	7	4	15	8	1	3	1	15	3	0	46	3	6	0	20	4	2	2	6	2	1	6	0	11	24	11	0	3	1	11	7	6	3	6	5	1	18	5	1	2	1	4	4	6	0	13	30	20	3	16	3	0	0	10	1	1	0	0	12	13	1	4	1	0	4	6	11	7	11	6	5	15	0	0	9	7	1	7	14	5	6	2	14	1	3	2	7	5	7	1	15	4	10	2	3	7	5	11	5	17	2	3	3	2	11	1	5	2	5	2	7	32	6	1	0	4	4	6	10	4	0	6	4	2	0	7	21	0	8	0	0	2	24	2	11	0	7	12	1	0	17	9	12	6	1	16	4	4	0	3	2	4	8
CTCG	9	22	10	14	10	4	2	4	6	14	27	42	0	10	2	3	7	2	5	6	3	7	2	3	16	4	32	5	8	2	5	18	11	16	5	8	19	14	7	7	3	10	0	10	24	5	5	7	13	4	4	16	8	25	4	5	6	10	16	5	16	3	16	3	6	3	4	0	2	14	4	5	1	6	3	20	12	4	6	6	9	3	6	11	21	1	2	3	12	14	1	2	6	12	1	7	1	5	2	7	3	12	3	2	0	12	2	5	133	7	8	4	14	6	1	5	6	1	4	3	4	6	8	1	13	5	1	5	4	4	3	10	6	20	3	10	17	2	7	10	5	12	4	5	1	1	3	2	6	13	11	6	14	2	4	4	4	5	5	5	25	16	15	3	3	8	8	0	1	4	2	6	8	14	17	3	6	4	4	0	20	7	7	27	3	2	7	15	8	2	0	5	4	22	2	4	11	24	8	1	9	12	3	5	2	3	2	14	6	11	1	7	9	10	6	16	16	35	14	2	7	11	11	32	11	4	7	4	11	2	2	5	2	11	9	4	2	10	4	4	2	2	9	9	5	1	32	8	11	15	6	7	4	2	13	5	3	40	6	6	6	80	7	4	2	19	3	2	7	1	20	24	13	8	4	5	9	3	9	2	7	8	2	16	4	6	1	1	8	5	3	5	13	21	21	1	16	2	1	4	6	6	4	0	1	17	11	4	2	2	2	7	10	12	5	16	12	5	18	4	5	10	13	5	4	34	4	9	6	10	1	1	2	5	2	8	1	17	5	10	8	1	13	3	9	5	32	9	3	4	8	10	3	3	7	4	6	11	33	11	4	4	5	9	20	18	3	3	5	11	0	2	15	18	0	0	2	2	0	34	5	31	0	8	10	0	0	12	5	7	9	4	13	6	0	12	6	8	6	12
CTCT	1	16	0	11	14	3	2	1	4	6	31	32	3	14	2	4	3	2	1	17	1	2	2	3	12	3	22	1	11	0	3	46	8	11	6	5	16	16	7	3	2	11	0	24	22	1	4	6	31	11	2	30	10	17	0	6	8	12	14	1	18	4	11	2	1	1	8	2	2	12	8	1	0	2	3	25	14	8	13	4	6	2	17	10	8	1	3	0	7	17	0	2	2	5	2	3	3	4	2	9	0	10	3	3	1	24	4	11	30	4	13	3	19	4	1	5	0	1	4	3	4	10	10	4	6	8	3	3	0	12	2	10	12	26	15	12	12	3	1	5	3	12	4	0	0	1	7	4	4	16	5	8	7	3	9	2	3	5	4	6	29	15	14	3	0	4	16	1	1	0	2	3	12	11	19	6	4	3	1	1	13	1	5	16	5	0	1	14	8	3	0	1	1	22	1	8	6	25	9	0	1	11	1	4	4	2	4	6	7	13	1	3	4	5	4	13	14	26	1	0	12	21	3	24	4	7	2	2	6	10	12	3	1	26	15	2	1	5	2	0	6	1	7	15	5	0	42	5	4	21	15	7	3	0	1	0	0	43	4	6	0	30	3	0	5	16	2	2	3	0	17	34	20	2	1	2	8	5	11	5	3	4	5	26	6	2	1	5	4	6	7	2	29	29	19	4	18	2	1	1	10	2	2	0	0	18	18	2	7	1	1	8	7	8	5	13	11	5	18	1	0	12	17	4	6	15	7	6	5	16	3	1	2	11	0	3	2	18	1	10	10	2	7	6	6	3	23	1	0	7	3	14	3	4	1	11	2	6	52	15	2	0	5	1	8	12	3	0	17	5	0	0	10	20	1	6	2	0	1	57	3	17	0	3	4	1	1	11	10	8	5	1	14	14	5	2	6	2	4	7
CTGA	3	4	0	9	4	1	2	2	6	6	12	14	0	2	1	2	0	3	0	7	3	1	1	1	6	4	13	1	6	2	4	28	1	5	4	9	2	6	3	2	3	8	0	0	9	0	3	4	17	6	0	8	3	7	1	1	6	7	9	1	9	1	9	2	2	1	8	0	0	5	5	2	2	1	0	19	4	6	7	0	4	1	5	0	10	0	0	2	7	9	0	1	1	1	2	3	0	3	2	1	0	3	1	0	3	18	0	2	37	3	6	2	11	2	2	5	3	4	4	2	6	9	6	0	2	4	2	4	0	10	1	6	5	8	7	2	7	4	3	2	1	5	1	1	1	1	0	2	0	11	3	7	12	1	3	1	3	2	5	7	21	9	5	2	0	2	3	0	2	2	3	5	5	10	10	2	3	2	0	1	9	2	0	12	2	0	0	7	5	2	1	6	2	8	0	7	6	14	7	0	6	10	2	1	2	2	2	0	7	7	1	2	3	4	5	7	7	10	1	0	5	12	4	8	1	5	6	3	5	2	0	5	0	4	9	1	0	6	3	1	3	0	3	1	10	0	28	2	3	13	9	8	2	3	4	3	0	24	3	2	2	46	3	2	1	5	4	1	12	0	7	9	10	0	1	2	0	7	6	2	3	1	1	10	2	2	4	2	3	0	2	4	14	21	18	0	10	2	0	0	5	2	1	0	0	4	4	3	5	1	1	8	2	8	5	10	2	3	10	1	3	2	4	1	8	7	3	3	2	6	1	4	0	11	0	2	2	8	1	9	4	1	1	3	1	2	7	2	0	2	1	3	7	5	0	5	2	6	12	9	0	3	1	5	6	4	3	2	6	2	4	0	3	9	0	9	2	3	0	20	2	7	0	3	5	0	0	8	4	3	5	2	11	0	2	2	5	1	6	8
CTGC	2	22	0	4	8	1	4	4	2	9	19	18	2	6	2	1	3	2	0	3	5	1	1	1	13	4	13	2	5	2	1	35	5	5	1	7	16	3	3	1	4	7	0	10	12	1	3	7	13	4	6	12	2	10	1	2	4	6	13	4	8	2	6	2	3	1	1	0	1	9	5	4	0	1	4	11	8	12	1	2	2	0	6	5	8	1	1	2	4	8	2	2	3	4	2	4	1	2	0	1	2	3	0	1	0	8	0	6	53	2	4	1	14	5	0	3	2	2	1	4	8	4	10	1	3	9	2	4	0	2	1	11	9	9	3	2	7	2	5	4	2	5	1	1	1	4	4	4	4	5	8	6	11	1	2	0	4	5	6	7	12	10	7	1	1	0	4	1	0	0	0	2	7	6	5	6	6	2	0	0	7	5	2	13	2	2	2	7	3	1	1	0	2	5	2	4	4	12	1	0	4	13	3	4	2	2	1	6	5	7	1	1	5	5	6	4	11	15	3	0	4	6	5	7	4	5	4	2	7	3	8	4	0	20	8	2	0	8	1	3	1	1	9	1	7	0	24	8	3	10	4	2	5	0	5	3	1	30	8	2	0	88	3	3	1	6	4	0	5	3	6	10	6	2	4	1	5	3	4	2	2	1	2	17	2	3	0	5	5	4	1	3	11	9	13	1	7	2	1	0	11	2	4	0	1	10	5	1	7	0	3	4	11	4	3	11	2	5	12	2	1	6	3	2	1	31	5	2	2	8	2	2	1	5	0	4	1	5	6	7	2	0	1	3	5	3	18	6	2	3	1	11	4	3	1	7	0	5	16	9	6	2	5	2	7	7	0	0	7	4	12	1	4	4	0	4	3	1	5	20	4	5	0	5	7	1	2	7	4	6	1	0	7	10	1	2	2	3	2	7
CTGG	11	16	0	12	4	2	7	0	7	11	16	31	3	7	1	9	4	2	1	6	7	5	4	1	13	11	15	4	8	4	7	27	9	10	8	7	13	13	10	9	6	8	0	4	10	1	9	4	9	3	7	14	4	2	3	6	4	16	28	9	9	1	10	4	2	4	6	3	0	8	15	6	3	3	3	9	6	14	6	8	5	3	10	6	24	3	3	0	12	9	2	3	0	5	6	9	5	3	6	3	4	5	1	5	0	23	6	6	136	4	7	2	10	3	1	9	8	3	7	1	10	7	11	0	4	1	5	3	4	6	5	4	5	8	8	8	6	5	7	4	7	6	0	8	4	1	6	4	4	10	10	3	17	1	3	1	6	10	5	11	19	16	10	5	7	10	10	0	2	13	0	6	9	12	13	7	4	5	1	2	17	5	4	9	5	3	3	4	8	12	0	3	6	8	2	3	5	16	13	3	7	14	7	3	7	6	4	6	4	6	1	3	7	11	9	23	7	12	4	1	7	10	12	22	3	9	5	8	4	6	7	7	4	11	14	7	1	8	0	3	2	0	4	1	7	1	20	10	7	7	5	9	3	11	7	6	0	27	7	7	0	125	2	7	7	9	3	2	8	3	18	18	12	5	6	9	4	8	7	8	7	3	1	11	12	6	4	4	9	8	3	1	11	19	10	4	18	4	0	4	4	4	3	0	1	6	9	8	5	4	2	12	3	8	3	14	4	2	12	7	4	18	8	3	7	112	4	10	9	14	4	1	4	4	7	7	3	6	7	9	2	0	6	0	7	3	10	8	5	8	2	9	4	0	1	6	2	6	36	8	7	6	3	7	8	10	5	3	3	2	12	1	12	18	0	7	3	2	2	23	3	21	1	5	9	0	4	9	3	4	7	4	4	6	3	6	3	4	2	9
CTGT	5	10	4	2	6	2	2	1	5	11	13	18	0	6	2	3	4	0	1	7	3	0	1	2	7	0	12	1	3	0	3	18	4	3	2	1	14	2	4	5	5	4	0	8	12	0	8	3	14	4	3	10	4	4	0	2	5	1	8	5	3	2	14	1	0	1	4	4	3	4	4	1	1	2	2	16	6	4	2	2	5	1	4	3	8	0	2	0	9	9	1	1	1	1	3	3	2	3	1	7	1	2	1	0	2	10	1	9	31	2	2	3	8	1	0	9	1	2	2	3	10	6	8	0	3	3	2	3	0	5	2	4	2	10	2	0	8	1	0	5	2	7	0	0	2	2	3	4	2	11	3	5	7	1	0	1	0	4	4	2	12	7	6	1	2	2	8	0	2	0	2	0	5	7	10	3	3	2	1	1	10	1	1	9	1	0	0	6	2	1	0	1	2	6	0	1	3	12	5	1	6	10	1	0	2	0	2	2	7	7	0	6	5	6	6	6	11	19	6	0	4	8	4	4	2	3	2	1	5	1	6	5	0	8	3	0	1	3	3	4	3	2	3	7	3	1	10	3	2	6	2	3	0	0	2	0	0	21	5	1	0	40	3	1	2	10	0	1	5	0	5	9	7	2	0	1	4	3	5	5	3	2	3	11	1	1	3	0	5	5	1	1	9	11	13	1	8	0	1	0	6	3	4	0	0	4	3	2	6	0	4	2	4	2	3	7	6	2	7	1	2	4	5	1	5	16	4	4	0	8	0	5	0	7	3	2	0	6	0	3	1	0	2	4	7	1	9	4	3	4	1	4	3	4	1	3	1	5	19	5	2	0	2	0	8	8	2	1	2	2	0	0	1	4	0	8	2	0	2	19	2	3	0	2	5	2	0	3	2	1	2	2	12	4	0	2	7	4	4	6
CTTA	2	8	0	17	8	2	3	3	16	7	63	38	7	45	3	0	2	23	1	26	5	2	4	7	8	8	16	1	16	7	25	86	48	6	19	11	30	11	14	6	9	8	0	57	21	1	8	5	15	8	3	17	16	5	1	5	5	4	22	4	18	4	49	31	3	4	65	6	2	14	4	2	3	3	7	84	16	44	50	32	3	5	12	48	31	1	1	1	8	7	0	1	2	122	11	8	2	5	3	5	1	2	0	6	0	8	2	7	14	1	11	5	45	6	7	43	22	3	2	3	8	19	17	3	14	4	4	6	0	16	2	10	9	56	6	6	27	51	8	12	100	47	54	0	2	2	10	5	13	10	62	8	40	4	7	5	3	8	4	11	16	38	6	3	4	4	7	1	2	20	2	12	11	138	47	10	13	3	0	0	10	5	6	61	3	2	2	25	18	20	0	1	2	61	17	8	4	34	49	2	29	18	6	3	3	7	5	8	13	19	1	17	35	12	9	33	22	51	6	2	8	47	11	22	4	19	7	13	8	22	9	58	0	7	44	4	1	5	6	5	15	2	7	8	15	0	54	10	31	26	14	31	10	0	4	2	2	26	9	4	0	47	49	3	7	15	8	14	9	3	59	15	13	9	5	7	5	132	1	24	20	7	5	78	24	9	13	9	18	27	7	1	11	25	37	1	22	3	1	6	15	6	2	0	0	40	3	20	7	3	3	4	9	10	6	13	48	3	40	2	2	16	46	9	3	14	4	30	4	10	1	3	4	22	2	26	2	36	7	18	3	1	12	6	18	1	18	42	2	3	7	4	19	9	2	3	2	10	16	9	3	0	1	8	18	38	2	2	75	3	16	0	10	61	0	8	0	3	3	28	24	6	0	6	10	1	0	17	7	9	8	5	160	13	9	2	5	6	6	11
CTTC	3	24	4	20	12	1	1	5	12	5	30	24	3	17	5	3	1	9	1	14	5	4	5	3	10	2	22	2	8	2	6	60	8	11	6	7	16	7	6	6	5	9	0	36	18	1	6	6	10	8	6	6	10	12	1	7	2	9	12	3	15	4	30	5	1	1	23	3	2	13	5	1	2	3	9	42	10	4	21	21	5	5	7	16	12	1	3	7	7	11	0	3	4	33	3	3	5	6	3	2	5	8	3	3	3	6	0	4	25	1	4	4	22	7	1	19	9	5	4	0	6	10	9	2	11	5	5	9	1	7	4	14	11	26	7	18	24	19	3	11	24	13	22	4	4	3	5	6	6	12	24	7	16	1	3	1	2	4	2	8	18	32	10	3	2	16	8	1	3	4	5	3	8	58	23	6	1	5	1	0	11	1	1	28	5	0	2	13	11	14	1	1	3	28	3	8	2	27	16	2	12	19	1	4	1	2	6	11	6	17	2	6	6	5	7	15	19	32	6	3	13	30	4	10	8	7	4	4	6	4	10	10	0	14	16	2	1	10	4	1	7	0	14	9	11	1	37	6	19	18	12	7	4	3	9	6	3	32	2	6	0	28	19	5	3	8	5	4	7	0	29	19	12	0	5	1	6	36	9	14	5	2	3	34	5	4	2	5	8	7	6	1	16	18	20	0	14	1	3	0	5	1	4	0	0	22	14	6	6	1	1	7	8	10	3	11	14	5	14	3	1	12	15	3	7	12	3	17	4	7	3	2	4	10	5	12	1	19	2	21	5	0	9	2	8	1	29	18	2	11	5	7	12	2	2	3	4	8	28	6	5	0	6	9	7	17	3	1	24	5	12	0	7	30	0	10	1	0	3	21	11	8	0	9	12	1	1	16	3	0	9	1	50	8	8	12	3	2	0	7
CTTG	5	10	2	13	2	3	1	2	8	1	15	28	1	13	0	1	1	5	1	9	3	4	3	3	9	5	12	2	5	1	11	38	15	14	11	8	19	10	11	3	2	6	0	22	10	0	5	0	8	6	7	8	5	5	1	7	6	6	6	6	7	5	21	11	2	6	26	0	2	5	4	4	3	2	5	28	7	16	14	10	5	3	5	10	22	1	1	2	3	6	0	4	3	51	3	4	1	5	3	0	1	3	1	2	1	10	3	6	52	3	7	3	21	2	2	17	6	5	6	1	12	6	6	3	3	4	3	5	1	7	2	7	4	20	3	6	10	16	1	5	36	20	18	4	3	5	6	6	6	8	32	3	11	1	3	2	5	4	2	6	9	12	3	1	3	0	2	0	3	10	3	5	6	50	19	5	3	3	4	1	8	4	3	13	4	1	3	8	9	6	0	1	2	18	8	3	7	13	24	2	9	7	5	9	2	1	1	7	9	5	1	6	12	10	5	9	7	9	5	0	6	16	10	9	4	10	1	10	4	8	1	8	2	9	18	5	0	8	1	2	4	0	4	5	4	1	22	3	15	10	6	8	14	1	2	1	1	19	5	4	2	52	18	5	4	4	2	8	6	0	20	9	7	6	1	4	1	34	7	11	3	4	0	16	13	4	2	6	6	5	0	2	12	11	18	0	6	3	1	7	2	3	7	0	7	15	5	11	1	1	0	2	3	8	3	7	14	3	17	2	3	10	25	7	4	11	1	11	2	16	2	0	2	2	4	12	5	11	1	6	5	1	4	2	4	4	13	20	1	0	6	6	7	4	0	5	0	9	20	6	7	2	4	3	5	11	2	3	9	7	2	1	14	21	0	0	4	1	4	17	9	13	0	5	6	2	0	13	6	2	5	3	32	6	3	2	4	2	6	7
CTTT	1	12	0	9	2	2	2	1	9	3	48	26	5	14	2	5	2	22	0	17	1	4	3	5	6	6	14	2	9	9	21	67	31	10	9	9	20	4	8	6	4	11	0	30	25	1	5	4	11	11	4	14	11	14	3	5	10	6	17	4	11	4	34	10	3	0	46	2	4	6	7	5	2	0	8	54	15	4	25	16	3	3	9	20	20	4	1	1	9	10	0	2	3	67	3	8	0	4	2	4	1	6	2	1	1	18	0	6	25	3	11	6	30	6	2	21	14	0	3	2	6	11	3	1	5	7	1	7	1	12	4	8	5	34	6	2	21	33	3	8	37	22	29	0	1	2	2	6	7	4	29	4	24	2	0	0	2	7	7	3	19	35	9	3	2	6	7	0	0	13	3	9	10	79	25	6	7	7	1	0	10	3	1	33	5	3	2	17	11	17	0	2	2	46	10	8	3	18	26	1	15	21	1	1	1	3	1	6	11	16	0	9	16	2	8	26	20	29	6	0	17	32	3	12	5	5	1	7	6	6	6	27	0	16	28	2	0	8	3	3	7	0	12	7	7	0	21	4	19	10	15	17	7	2	3	2	1	41	7	5	0	44	19	3	9	10	8	8	6	0	29	16	8	11	5	4	6	53	5	6	7	2	3	35	19	10	3	5	12	14	2	1	11	29	25	4	14	0	2	4	5	4	0	2	0	26	4	7	4	2	2	5	9	16	3	12	16	6	20	2	0	8	19	5	2	14	2	18	3	7	2	2	1	12	2	18	7	18	6	2	4	0	19	6	10	1	15	32	2	2	1	5	12	6	0	8	1	10	30	17	0	0	3	5	14	11	2	0	45	5	4	0	2	29	0	4	3	2	1	27	11	4	0	1	3	0	1	19	7	3	2	1	99	6	6	2	7	3	0	9
